instance_path,tr,pr,m,n,seed,exact_sol,exact_time,u1_sol,u2_sol,h_rho1_sol,h_rho2_sol,h_rho2_time
dataset_D2/tr_10_pr_10/m_12_n_10_seed_00.txt,10,10,12,10,0,928,0.60852,,,,,
dataset_D2/tr_10_pr_10/m_12_n_10_seed_01.txt,10,10,12,10,1,850,0.625524,,,,,
dataset_D2/tr_10_pr_10/m_12_n_10_seed_02.txt,10,10,12,10,2,856,0.59293,,,,,
dataset_D2/tr_10_pr_10/m_12_n_10_seed_03.txt,10,10,12,10,3,887,0.623979,,,,,
dataset_D2/tr_10_pr_10/m_12_n_10_seed_04.txt,10,10,12,10,4,852,0.626243,,,,,
dataset_D2/tr_10_pr_10/m_12_n_10_seed_05.txt,10,10,12,10,5,856,0.6166,,,,,
dataset_D2/tr_10_pr_10/m_12_n_10_seed_06.txt,10,10,12,10,6,894,0.597964,,,,,
dataset_D2/tr_10_pr_10/m_12_n_10_seed_07.txt,10,10,12,10,7,865,0.609537,,,,,
dataset_D2/tr_10_pr_10/m_12_n_10_seed_08.txt,10,10,12,10,8,871,0.591971,,,,,
dataset_D2/tr_10_pr_10/m_12_n_10_seed_09.txt,10,10,12,10,9,924,0.661885,,,,,
dataset_D2/tr_10_pr_10/m_12_n_10_seed_10.txt,10,10,12,10,10,976,0.612717,,,,,
dataset_D2/tr_10_pr_10/m_12_n_10_seed_11.txt,10,10,12,10,11,891,0.611801,,,,,
dataset_D2/tr_10_pr_10/m_12_n_10_seed_12.txt,10,10,12,10,12,905,0.577187,,,,,
dataset_D2/tr_10_pr_10/m_12_n_10_seed_13.txt,10,10,12,10,13,891,0.644955,,,,,
dataset_D2/tr_10_pr_10/m_12_n_10_seed_14.txt,10,10,12,10,14,812,0.61227,,,,,
dataset_D2/tr_10_pr_10/m_12_n_10_seed_15.txt,10,10,12,10,15,930,0.588669,,,,,
dataset_D2/tr_10_pr_10/m_12_n_10_seed_16.txt,10,10,12,10,16,844,0.630912,,,,,
dataset_D2/tr_10_pr_10/m_12_n_10_seed_17.txt,10,10,12,10,17,957,0.618222,,,,,
dataset_D2/tr_10_pr_10/m_12_n_10_seed_18.txt,10,10,12,10,18,976,0.646027,,,,,
dataset_D2/tr_10_pr_10/m_12_n_10_seed_19.txt,10,10,12,10,19,957,0.593703,,,,,
dataset_D2/tr_10_pr_10/m_12_n_10_seed_20.txt,10,10,12,10,20,896,0.647466,,,,,
dataset_D2/tr_10_pr_10/m_12_n_10_seed_21.txt,10,10,12,10,21,945,0.620308,,,,,
dataset_D2/tr_10_pr_10/m_12_n_10_seed_22.txt,10,10,12,10,22,879,0.575678,,,,,
dataset_D2/tr_10_pr_10/m_12_n_10_seed_23.txt,10,10,12,10,23,906,0.657955,,,,,
dataset_D2/tr_10_pr_10/m_12_n_10_seed_24.txt,10,10,12,10,24,942,0.625461,,,,,
dataset_D2/tr_10_pr_10/m_12_n_10_seed_25.txt,10,10,12,10,25,898,0.593539,,,,,
dataset_D2/tr_10_pr_10/m_12_n_10_seed_26.txt,10,10,12,10,26,942,0.636788,,,,,
dataset_D2/tr_10_pr_10/m_12_n_10_seed_27.txt,10,10,12,10,27,950,0.632883,,,,,
dataset_D2/tr_10_pr_10/m_12_n_10_seed_28.txt,10,10,12,10,28,783,0.566893,,,,,
dataset_D2/tr_10_pr_10/m_12_n_10_seed_29.txt,10,10,12,10,29,877,0.60422,,,,,
dataset_D2/tr_10_pr_10/m_12_n_10_seed_30.txt,10,10,12,10,30,856,0.616109,,,,,
dataset_D2/tr_10_pr_10/m_12_n_10_seed_31.txt,10,10,12,10,31,928,0.630061,,,,,
dataset_D2/tr_10_pr_10/m_12_n_10_seed_32.txt,10,10,12,10,32,831,0.665731,,,,,
dataset_D2/tr_10_pr_10/m_12_n_10_seed_33.txt,10,10,12,10,33,885,0.596491,,,,,
dataset_D2/tr_10_pr_10/m_12_n_10_seed_34.txt,10,10,12,10,34,869,0.606606,,,,,
dataset_D2/tr_10_pr_10/m_12_n_10_seed_35.txt,10,10,12,10,35,892,0.58889,,,,,
dataset_D2/tr_10_pr_10/m_12_n_10_seed_36.txt,10,10,12,10,36,838,0.599408,,,,,
dataset_D2/tr_10_pr_10/m_12_n_10_seed_37.txt,10,10,12,10,37,879,0.659087,,,,,
dataset_D2/tr_10_pr_10/m_12_n_10_seed_38.txt,10,10,12,10,38,839,0.575699,,,,,
dataset_D2/tr_10_pr_10/m_12_n_10_seed_39.txt,10,10,12,10,39,860,0.632043,,,,,
dataset_D2/tr_10_pr_10/m_12_n_10_seed_40.txt,10,10,12,10,40,904,0.665587,,,,,
dataset_D2/tr_10_pr_10/m_12_n_10_seed_41.txt,10,10,12,10,41,964,0.581261,,,,,
dataset_D2/tr_10_pr_10/m_12_n_10_seed_42.txt,10,10,12,10,42,863,0.646197,,,,,
dataset_D2/tr_10_pr_10/m_12_n_10_seed_43.txt,10,10,12,10,43,914,0.663389,,,,,
dataset_D2/tr_10_pr_10/m_12_n_10_seed_44.txt,10,10,12,10,44,904,0.603188,,,,,
dataset_D2/tr_10_pr_10/m_12_n_10_seed_45.txt,10,10,12,10,45,893,0.641116,,,,,
dataset_D2/tr_10_pr_10/m_12_n_10_seed_46.txt,10,10,12,10,46,954,0.641889,,,,,
dataset_D2/tr_10_pr_10/m_12_n_10_seed_47.txt,10,10,12,10,47,864,0.666271,,,,,
dataset_D2/tr_10_pr_10/m_12_n_10_seed_48.txt,10,10,12,10,48,867,0.609513,,,,,
dataset_D2/tr_10_pr_10/m_12_n_10_seed_49.txt,10,10,12,10,49,908,0.649097,,,,,
dataset_D2/tr_10_pr_10/m_12_n_20_seed_00.txt,10,10,12,20,0,1767,2.0363,,,,,
dataset_D2/tr_10_pr_10/m_12_n_20_seed_01.txt,10,10,12,20,1,1785,1.83434,,,,,
dataset_D2/tr_10_pr_10/m_12_n_20_seed_02.txt,10,10,12,20,2,1680,1.92567,,,,,
dataset_D2/tr_10_pr_10/m_12_n_20_seed_03.txt,10,10,12,20,3,1796,1.95059,,,,,
dataset_D2/tr_10_pr_10/m_12_n_20_seed_04.txt,10,10,12,20,4,1759,1.75832,,,,,
dataset_D2/tr_10_pr_10/m_12_n_20_seed_05.txt,10,10,12,20,5,1744,2.05073,,,,,
dataset_D2/tr_10_pr_10/m_12_n_20_seed_06.txt,10,10,12,20,6,1866,1.92471,,,,,
dataset_D2/tr_10_pr_10/m_12_n_20_seed_07.txt,10,10,12,20,7,1765,1.83881,,,,,
dataset_D2/tr_10_pr_10/m_12_n_20_seed_08.txt,10,10,12,20,8,1849,1.96306,,,,,
dataset_D2/tr_10_pr_10/m_12_n_20_seed_09.txt,10,10,12,20,9,1695,1.86468,,,,,
dataset_D2/tr_10_pr_10/m_12_n_20_seed_10.txt,10,10,12,20,10,1772,2.0092,,,,,
dataset_D2/tr_10_pr_10/m_12_n_20_seed_11.txt,10,10,12,20,11,1638,1.97057,,,,,
dataset_D2/tr_10_pr_10/m_12_n_20_seed_12.txt,10,10,12,20,12,1838,1.94888,,,,,
dataset_D2/tr_10_pr_10/m_12_n_20_seed_13.txt,10,10,12,20,13,1840,1.98407,,,,,
dataset_D2/tr_10_pr_10/m_12_n_20_seed_14.txt,10,10,12,20,14,1742,2.09873,,,,,
dataset_D2/tr_10_pr_10/m_12_n_20_seed_15.txt,10,10,12,20,15,1717,1.89227,,,,,
dataset_D2/tr_10_pr_10/m_12_n_20_seed_16.txt,10,10,12,20,16,1780,1.92765,,,,,
dataset_D2/tr_10_pr_10/m_12_n_20_seed_17.txt,10,10,12,20,17,1814,1.99011,,,,,
dataset_D2/tr_10_pr_10/m_12_n_20_seed_18.txt,10,10,12,20,18,1804,1.96637,,,,,
dataset_D2/tr_10_pr_10/m_12_n_20_seed_19.txt,10,10,12,20,19,1783,1.89015,,,,,
dataset_D2/tr_10_pr_10/m_12_n_20_seed_20.txt,10,10,12,20,20,1695,1.84529,,,,,
dataset_D2/tr_10_pr_10/m_12_n_20_seed_21.txt,10,10,12,20,21,1862,1.89608,,,,,
dataset_D2/tr_10_pr_10/m_12_n_20_seed_22.txt,10,10,12,20,22,1827,1.94136,,,,,
dataset_D2/tr_10_pr_10/m_12_n_20_seed_23.txt,10,10,12,20,23,1671,2.03587,,,,,
dataset_D2/tr_10_pr_10/m_12_n_20_seed_24.txt,10,10,12,20,24,1889,1.94133,,,,,
dataset_D2/tr_10_pr_10/m_12_n_20_seed_25.txt,10,10,12,20,25,1871,1.94166,,,,,
dataset_D2/tr_10_pr_10/m_12_n_20_seed_26.txt,10,10,12,20,26,1738,1.9679,,,,,
dataset_D2/tr_10_pr_10/m_12_n_20_seed_27.txt,10,10,12,20,27,1775,1.8779,,,,,
dataset_D2/tr_10_pr_10/m_12_n_20_seed_28.txt,10,10,12,20,28,1790,2.07788,,,,,
dataset_D2/tr_10_pr_10/m_12_n_20_seed_29.txt,10,10,12,20,29,1672,2.00881,,,,,
dataset_D2/tr_10_pr_10/m_12_n_20_seed_30.txt,10,10,12,20,30,1853,1.96151,,,,,
dataset_D2/tr_10_pr_10/m_12_n_20_seed_31.txt,10,10,12,20,31,1849,2.04421,,,,,
dataset_D2/tr_10_pr_10/m_12_n_20_seed_32.txt,10,10,12,20,32,1645,1.89532,,,,,
dataset_D2/tr_10_pr_10/m_12_n_20_seed_33.txt,10,10,12,20,33,1719,1.86293,,,,,
dataset_D2/tr_10_pr_10/m_12_n_20_seed_34.txt,10,10,12,20,34,1759,1.89846,,,,,
dataset_D2/tr_10_pr_10/m_12_n_20_seed_35.txt,10,10,12,20,35,1882,1.97004,,,,,
dataset_D2/tr_10_pr_10/m_12_n_20_seed_36.txt,10,10,12,20,36,1808,1.93279,,,,,
dataset_D2/tr_10_pr_10/m_12_n_20_seed_37.txt,10,10,12,20,37,1663,1.85938,,,,,
dataset_D2/tr_10_pr_10/m_12_n_20_seed_38.txt,10,10,12,20,38,1646,1.93265,,,,,
dataset_D2/tr_10_pr_10/m_12_n_20_seed_39.txt,10,10,12,20,39,1823,2.04087,,,,,
dataset_D2/tr_10_pr_10/m_12_n_20_seed_40.txt,10,10,12,20,40,1850,1.93752,,,,,
dataset_D2/tr_10_pr_10/m_12_n_20_seed_41.txt,10,10,12,20,41,1952,1.98705,,,,,
dataset_D2/tr_10_pr_10/m_12_n_20_seed_42.txt,10,10,12,20,42,1769,1.85728,,,,,
dataset_D2/tr_10_pr_10/m_12_n_20_seed_43.txt,10,10,12,20,43,1828,1.84203,,,,,
dataset_D2/tr_10_pr_10/m_12_n_20_seed_44.txt,10,10,12,20,44,1803,2.06112,,,,,
dataset_D2/tr_10_pr_10/m_12_n_20_seed_45.txt,10,10,12,20,45,1792,1.87641,,,,,
dataset_D2/tr_10_pr_10/m_12_n_20_seed_46.txt,10,10,12,20,46,1786,1.90469,,,,,
dataset_D2/tr_10_pr_10/m_12_n_20_seed_47.txt,10,10,12,20,47,1640,1.90727,,,,,
dataset_D2/tr_10_pr_10/m_12_n_20_seed_48.txt,10,10,12,20,48,1789,1.87426,,,,,
dataset_D2/tr_10_pr_10/m_12_n_20_seed_49.txt,10,10,12,20,49,1799,2.05744,,,,,
dataset_D2/tr_10_pr_10/m_12_n_30_seed_00.txt,10,10,12,30,0,2537,3.16375,,,,,
dataset_D2/tr_10_pr_10/m_12_n_30_seed_01.txt,10,10,12,30,1,2703,3.13155,,,,,
dataset_D2/tr_10_pr_10/m_12_n_30_seed_02.txt,10,10,12,30,2,2543,3.54294,,,,,
dataset_D2/tr_10_pr_10/m_12_n_30_seed_03.txt,10,10,12,30,3,2650,3.20395,,,,,
dataset_D2/tr_10_pr_10/m_12_n_30_seed_04.txt,10,10,12,30,4,2653,3.42364,,,,,
dataset_D2/tr_10_pr_10/m_12_n_30_seed_05.txt,10,10,12,30,5,2734,3.66641,,,,,
dataset_D2/tr_10_pr_10/m_12_n_30_seed_06.txt,10,10,12,30,6,2430,3.59216,,,,,
dataset_D2/tr_10_pr_10/m_12_n_30_seed_07.txt,10,10,12,30,7,2841,3.37945,,,,,
dataset_D2/tr_10_pr_10/m_12_n_30_seed_08.txt,10,10,12,30,8,2529,3.35077,,,,,
dataset_D2/tr_10_pr_10/m_12_n_30_seed_09.txt,10,10,12,30,9,2697,3.16279,,,,,
dataset_D2/tr_10_pr_10/m_12_n_30_seed_10.txt,10,10,12,30,10,2763,3.1446,,,,,
dataset_D2/tr_10_pr_10/m_12_n_30_seed_11.txt,10,10,12,30,11,2723,3.17081,,,,,
dataset_D2/tr_10_pr_10/m_12_n_30_seed_12.txt,10,10,12,30,12,2496,3.19015,,,,,
dataset_D2/tr_10_pr_10/m_12_n_30_seed_13.txt,10,10,12,30,13,2668,3.11943,,,,,
dataset_D2/tr_10_pr_10/m_12_n_30_seed_14.txt,10,10,12,30,14,2591,3.4432,,,,,
dataset_D2/tr_10_pr_10/m_12_n_30_seed_15.txt,10,10,12,30,15,2789,3.28603,,,,,
dataset_D2/tr_10_pr_10/m_12_n_30_seed_16.txt,10,10,12,30,16,2710,3.19272,,,,,
dataset_D2/tr_10_pr_10/m_12_n_30_seed_17.txt,10,10,12,30,17,2369,3.45418,,,,,
dataset_D2/tr_10_pr_10/m_12_n_30_seed_18.txt,10,10,12,30,18,2765,3.63303,,,,,
dataset_D2/tr_10_pr_10/m_12_n_30_seed_19.txt,10,10,12,30,19,2817,3.272,,,,,
dataset_D2/tr_10_pr_10/m_12_n_30_seed_20.txt,10,10,12,30,20,2635,3.14792,,,,,
dataset_D2/tr_10_pr_10/m_12_n_30_seed_21.txt,10,10,12,30,21,2702,3.36378,,,,,
dataset_D2/tr_10_pr_10/m_12_n_30_seed_22.txt,10,10,12,30,22,2827,3.09336,,,,,
dataset_D2/tr_10_pr_10/m_12_n_30_seed_23.txt,10,10,12,30,23,2573,3.45076,,,,,
dataset_D2/tr_10_pr_10/m_12_n_30_seed_24.txt,10,10,12,30,24,2480,3.13895,,,,,
dataset_D2/tr_10_pr_10/m_12_n_30_seed_25.txt,10,10,12,30,25,2733,3.18616,,,,,
dataset_D2/tr_10_pr_10/m_12_n_30_seed_26.txt,10,10,12,30,26,2567,2.98532,,,,,
dataset_D2/tr_10_pr_10/m_12_n_30_seed_27.txt,10,10,12,30,27,2654,3.21328,,,,,
dataset_D2/tr_10_pr_10/m_12_n_30_seed_28.txt,10,10,12,30,28,2720,3.1285,,,,,
dataset_D2/tr_10_pr_10/m_12_n_30_seed_29.txt,10,10,12,30,29,2689,3.09938,,,,,
dataset_D2/tr_10_pr_10/m_12_n_30_seed_30.txt,10,10,12,30,30,2671,3.40006,,,,,
dataset_D2/tr_10_pr_10/m_12_n_30_seed_31.txt,10,10,12,30,31,2544,3.14676,,,,,
dataset_D2/tr_10_pr_10/m_12_n_30_seed_32.txt,10,10,12,30,32,2370,3.1863,,,,,
dataset_D2/tr_10_pr_10/m_12_n_30_seed_33.txt,10,10,12,30,33,2459,3.1794,,,,,
dataset_D2/tr_10_pr_10/m_12_n_30_seed_34.txt,10,10,12,30,34,2423,3.39171,,,,,
dataset_D2/tr_10_pr_10/m_12_n_30_seed_35.txt,10,10,12,30,35,2604,3.29592,,,,,
dataset_D2/tr_10_pr_10/m_12_n_30_seed_36.txt,10,10,12,30,36,2498,3.16387,,,,,
dataset_D2/tr_10_pr_10/m_12_n_30_seed_37.txt,10,10,12,30,37,2732,3.41632,,,,,
dataset_D2/tr_10_pr_10/m_12_n_30_seed_38.txt,10,10,12,30,38,2647,3.25173,,,,,
dataset_D2/tr_10_pr_10/m_12_n_30_seed_39.txt,10,10,12,30,39,2585,3.49235,,,,,
dataset_D2/tr_10_pr_10/m_12_n_30_seed_40.txt,10,10,12,30,40,2530,3.27185,,,,,
dataset_D2/tr_10_pr_10/m_12_n_30_seed_41.txt,10,10,12,30,41,2531,3.19085,,,,,
dataset_D2/tr_10_pr_10/m_12_n_30_seed_42.txt,10,10,12,30,42,2515,3.24604,,,,,
dataset_D2/tr_10_pr_10/m_12_n_30_seed_43.txt,10,10,12,30,43,2674,3.10354,,,,,
dataset_D2/tr_10_pr_10/m_12_n_30_seed_44.txt,10,10,12,30,44,2743,3.39257,,,,,
dataset_D2/tr_10_pr_10/m_12_n_30_seed_45.txt,10,10,12,30,45,2826,3.08705,,,,,
dataset_D2/tr_10_pr_10/m_12_n_30_seed_46.txt,10,10,12,30,46,2867,3.4439,,,,,
dataset_D2/tr_10_pr_10/m_12_n_30_seed_47.txt,10,10,12,30,47,2862,3.46537,,,,,
dataset_D2/tr_10_pr_10/m_12_n_30_seed_48.txt,10,10,12,30,48,2637,3.24522,,,,,
dataset_D2/tr_10_pr_10/m_12_n_30_seed_49.txt,10,10,12,30,49,2575,3.33113,,,,,
dataset_D2/tr_10_pr_20/m_12_n_10_seed_00.txt,10,20,12,10,0,1001,0.715285,,,,,
dataset_D2/tr_10_pr_20/m_12_n_10_seed_01.txt,10,20,12,10,1,927,0.791576,,,,,
dataset_D2/tr_10_pr_20/m_12_n_10_seed_02.txt,10,20,12,10,2,967,0.705039,,,,,
dataset_D2/tr_10_pr_20/m_12_n_10_seed_03.txt,10,20,12,10,3,1036,0.689764,,,,,
dataset_D2/tr_10_pr_20/m_12_n_10_seed_04.txt,10,20,12,10,4,896,0.637454,,,,,
dataset_D2/tr_10_pr_20/m_12_n_10_seed_05.txt,10,20,12,10,5,959,0.801477,,,,,
dataset_D2/tr_10_pr_20/m_12_n_10_seed_06.txt,10,20,12,10,6,922,0.879097,,,,,
dataset_D2/tr_10_pr_20/m_12_n_10_seed_07.txt,10,20,12,10,7,932,0.648167,,,,,
dataset_D2/tr_10_pr_20/m_12_n_10_seed_08.txt,10,20,12,10,8,936,0.660063,,,,,
dataset_D2/tr_10_pr_20/m_12_n_10_seed_09.txt,10,20,12,10,9,970,0.680611,,,,,
dataset_D2/tr_10_pr_20/m_12_n_10_seed_10.txt,10,20,12,10,10,1052,0.692797,,,,,
dataset_D2/tr_10_pr_20/m_12_n_10_seed_11.txt,10,20,12,10,11,886,0.783036,,,,,
dataset_D2/tr_10_pr_20/m_12_n_10_seed_12.txt,10,20,12,10,12,952,0.65303,,,,,
dataset_D2/tr_10_pr_20/m_12_n_10_seed_13.txt,10,20,12,10,13,1008,0.685837,,,,,
dataset_D2/tr_10_pr_20/m_12_n_10_seed_14.txt,10,20,12,10,14,953,0.633524,,,,,
dataset_D2/tr_10_pr_20/m_12_n_10_seed_15.txt,10,20,12,10,15,924,0.692123,,,,,
dataset_D2/tr_10_pr_20/m_12_n_10_seed_16.txt,10,20,12,10,16,1021,0.712917,,,,,
dataset_D2/tr_10_pr_20/m_12_n_10_seed_17.txt,10,20,12,10,17,939,0.715767,,,,,
dataset_D2/tr_10_pr_20/m_12_n_10_seed_18.txt,10,20,12,10,18,953,0.588057,,,,,
dataset_D2/tr_10_pr_20/m_12_n_10_seed_19.txt,10,20,12,10,19,972,0.709677,,,,,
dataset_D2/tr_10_pr_20/m_12_n_10_seed_20.txt,10,20,12,10,20,1058,0.716987,,,,,
dataset_D2/tr_10_pr_20/m_12_n_10_seed_21.txt,10,20,12,10,21,902,0.78404,,,,,
dataset_D2/tr_10_pr_20/m_12_n_10_seed_22.txt,10,20,12,10,22,874,0.722595,,,,,
dataset_D2/tr_10_pr_20/m_12_n_10_seed_23.txt,10,20,12,10,23,996,0.675011,,,,,
dataset_D2/tr_10_pr_20/m_12_n_10_seed_24.txt,10,20,12,10,24,931,0.632083,,,,,
dataset_D2/tr_10_pr_20/m_12_n_10_seed_25.txt,10,20,12,10,25,1010,0.74825,,,,,
dataset_D2/tr_10_pr_20/m_12_n_10_seed_26.txt,10,20,12,10,26,985,0.684376,,,,,
dataset_D2/tr_10_pr_20/m_12_n_10_seed_27.txt,10,20,12,10,27,983,0.732937,,,,,
dataset_D2/tr_10_pr_20/m_12_n_10_seed_28.txt,10,20,12,10,28,926,0.670328,,,,,
dataset_D2/tr_10_pr_20/m_12_n_10_seed_29.txt,10,20,12,10,29,971,0.728999,,,,,
dataset_D2/tr_10_pr_20/m_12_n_10_seed_30.txt,10,20,12,10,30,941,0.66083,,,,,
dataset_D2/tr_10_pr_20/m_12_n_10_seed_31.txt,10,20,12,10,31,1031,0.66145,,,,,
dataset_D2/tr_10_pr_20/m_12_n_10_seed_32.txt,10,20,12,10,32,929,0.692303,,,,,
dataset_D2/tr_10_pr_20/m_12_n_10_seed_33.txt,10,20,12,10,33,905,0.732114,,,,,
dataset_D2/tr_10_pr_20/m_12_n_10_seed_34.txt,10,20,12,10,34,1016,0.673972,,,,,
dataset_D2/tr_10_pr_20/m_12_n_10_seed_35.txt,10,20,12,10,35,897,0.685323,,,,,
dataset_D2/tr_10_pr_20/m_12_n_10_seed_36.txt,10,20,12,10,36,1051,0.696356,,,,,
dataset_D2/tr_10_pr_20/m_12_n_10_seed_37.txt,10,20,12,10,37,942,0.667464,,,,,
dataset_D2/tr_10_pr_20/m_12_n_10_seed_38.txt,10,20,12,10,38,959,0.615587,,,,,
dataset_D2/tr_10_pr_20/m_12_n_10_seed_39.txt,10,20,12,10,39,990,0.736895,,,,,
dataset_D2/tr_10_pr_20/m_12_n_10_seed_40.txt,10,20,12,10,40,962,0.737933,,,,,
dataset_D2/tr_10_pr_20/m_12_n_10_seed_41.txt,10,20,12,10,41,952,0.705433,,,,,
dataset_D2/tr_10_pr_20/m_12_n_10_seed_42.txt,10,20,12,10,42,945,0.649202,,,,,
dataset_D2/tr_10_pr_20/m_12_n_10_seed_43.txt,10,20,12,10,43,909,0.608377,,,,,
dataset_D2/tr_10_pr_20/m_12_n_10_seed_44.txt,10,20,12,10,44,952,0.696272,,,,,
dataset_D2/tr_10_pr_20/m_12_n_10_seed_45.txt,10,20,12,10,45,1025,0.708525,,,,,
dataset_D2/tr_10_pr_20/m_12_n_10_seed_46.txt,10,20,12,10,46,930,0.630724,,,,,
dataset_D2/tr_10_pr_20/m_12_n_10_seed_47.txt,10,20,12,10,47,1014,0.750423,,,,,
dataset_D2/tr_10_pr_20/m_12_n_10_seed_48.txt,10,20,12,10,48,848,0.862184,,,,,
dataset_D2/tr_10_pr_20/m_12_n_10_seed_49.txt,10,20,12,10,49,936,0.660021,,,,,
dataset_D2/tr_10_pr_20/m_12_n_20_seed_00.txt,10,20,12,20,0,1789,2.33199,,,,,
dataset_D2/tr_10_pr_20/m_12_n_20_seed_01.txt,10,20,12,20,1,1837,2.09328,,,,,
dataset_D2/tr_10_pr_20/m_12_n_20_seed_02.txt,10,20,12,20,2,1884,2.14564,,,,,
dataset_D2/tr_10_pr_20/m_12_n_20_seed_03.txt,10,20,12,20,3,1805,2.11356,,,,,
dataset_D2/tr_10_pr_20/m_12_n_20_seed_04.txt,10,20,12,20,4,1894,2.20672,,,,,
dataset_D2/tr_10_pr_20/m_12_n_20_seed_05.txt,10,20,12,20,5,1886,2.09322,,,,,
dataset_D2/tr_10_pr_20/m_12_n_20_seed_06.txt,10,20,12,20,6,1741,2.06407,,,,,
dataset_D2/tr_10_pr_20/m_12_n_20_seed_07.txt,10,20,12,20,7,1921,2.0036,,,,,
dataset_D2/tr_10_pr_20/m_12_n_20_seed_08.txt,10,20,12,20,8,1887,2.05235,,,,,
dataset_D2/tr_10_pr_20/m_12_n_20_seed_09.txt,10,20,12,20,9,1922,1.97728,,,,,
dataset_D2/tr_10_pr_20/m_12_n_20_seed_10.txt,10,20,12,20,10,1891,2.21028,,,,,
dataset_D2/tr_10_pr_20/m_12_n_20_seed_11.txt,10,20,12,20,11,1743,2.2451,,,,,
dataset_D2/tr_10_pr_20/m_12_n_20_seed_12.txt,10,20,12,20,12,1971,2.24284,,,,,
dataset_D2/tr_10_pr_20/m_12_n_20_seed_13.txt,10,20,12,20,13,1925,2.06876,,,,,
dataset_D2/tr_10_pr_20/m_12_n_20_seed_14.txt,10,20,12,20,14,1878,1.98009,,,,,
dataset_D2/tr_10_pr_20/m_12_n_20_seed_15.txt,10,20,12,20,15,1761,2.2825,,,,,
dataset_D2/tr_10_pr_20/m_12_n_20_seed_16.txt,10,20,12,20,16,1891,2.26875,,,,,
dataset_D2/tr_10_pr_20/m_12_n_20_seed_17.txt,10,20,12,20,17,1894,2.20876,,,,,
dataset_D2/tr_10_pr_20/m_12_n_20_seed_18.txt,10,20,12,20,18,1892,2.06673,,,,,
dataset_D2/tr_10_pr_20/m_12_n_20_seed_19.txt,10,20,12,20,19,1791,2.14549,,,,,
dataset_D2/tr_10_pr_20/m_12_n_20_seed_20.txt,10,20,12,20,20,1871,2.19922,,,,,
dataset_D2/tr_10_pr_20/m_12_n_20_seed_21.txt,10,20,12,20,21,1882,2.16811,,,,,
dataset_D2/tr_10_pr_20/m_12_n_20_seed_22.txt,10,20,12,20,22,1774,2.19863,,,,,
dataset_D2/tr_10_pr_20/m_12_n_20_seed_23.txt,10,20,12,20,23,1931,2.19923,,,,,
dataset_D2/tr_10_pr_20/m_12_n_20_seed_24.txt,10,20,12,20,24,1869,2.25976,,,,,
dataset_D2/tr_10_pr_20/m_12_n_20_seed_25.txt,10,20,12,20,25,1908,2.04255,,,,,
dataset_D2/tr_10_pr_20/m_12_n_20_seed_26.txt,10,20,12,20,26,1923,2.02828,,,,,
dataset_D2/tr_10_pr_20/m_12_n_20_seed_27.txt,10,20,12,20,27,1947,2.18079,,,,,
dataset_D2/tr_10_pr_20/m_12_n_20_seed_28.txt,10,20,12,20,28,1911,2.28729,,,,,
dataset_D2/tr_10_pr_20/m_12_n_20_seed_29.txt,10,20,12,20,29,1721,2.14096,,,,,
dataset_D2/tr_10_pr_20/m_12_n_20_seed_30.txt,10,20,12,20,30,1675,2.39544,,,,,
dataset_D2/tr_10_pr_20/m_12_n_20_seed_31.txt,10,20,12,20,31,1851,2.02093,,,,,
dataset_D2/tr_10_pr_20/m_12_n_20_seed_32.txt,10,20,12,20,32,1847,2.05975,,,,,
dataset_D2/tr_10_pr_20/m_12_n_20_seed_33.txt,10,20,12,20,33,1938,2.0263,,,,,
dataset_D2/tr_10_pr_20/m_12_n_20_seed_34.txt,10,20,12,20,34,1770,2.07973,,,,,
dataset_D2/tr_10_pr_20/m_12_n_20_seed_35.txt,10,20,12,20,35,1859,2.36686,,,,,
dataset_D2/tr_10_pr_20/m_12_n_20_seed_36.txt,10,20,12,20,36,1852,2.06203,,,,,
dataset_D2/tr_10_pr_20/m_12_n_20_seed_37.txt,10,20,12,20,37,1788,2.24784,,,,,
dataset_D2/tr_10_pr_20/m_12_n_20_seed_38.txt,10,20,12,20,38,1826,2.31805,,,,,
dataset_D2/tr_10_pr_20/m_12_n_20_seed_39.txt,10,20,12,20,39,1868,2.1933,,,,,
dataset_D2/tr_10_pr_20/m_12_n_20_seed_40.txt,10,20,12,20,40,1759,2.08024,,,,,
dataset_D2/tr_10_pr_20/m_12_n_20_seed_41.txt,10,20,12,20,41,1759,2.16363,,,,,
dataset_D2/tr_10_pr_20/m_12_n_20_seed_42.txt,10,20,12,20,42,1767,2.21246,,,,,
dataset_D2/tr_10_pr_20/m_12_n_20_seed_43.txt,10,20,12,20,43,1771,2.17722,,,,,
dataset_D2/tr_10_pr_20/m_12_n_20_seed_44.txt,10,20,12,20,44,1956,2.03852,,,,,
dataset_D2/tr_10_pr_20/m_12_n_20_seed_45.txt,10,20,12,20,45,1823,1.89339,,,,,
dataset_D2/tr_10_pr_20/m_12_n_20_seed_46.txt,10,20,12,20,46,1973,2.10526,,,,,
dataset_D2/tr_10_pr_20/m_12_n_20_seed_47.txt,10,20,12,20,47,1874,2.10502,,,,,
dataset_D2/tr_10_pr_20/m_12_n_20_seed_48.txt,10,20,12,20,48,1777,2.27761,,,,,
dataset_D2/tr_10_pr_20/m_12_n_20_seed_49.txt,10,20,12,20,49,2030,1.97518,,,,,
dataset_D2/tr_10_pr_20/m_12_n_30_seed_00.txt,10,20,12,30,0,2993,3.81875,,,,,
dataset_D2/tr_10_pr_20/m_12_n_30_seed_01.txt,10,20,12,30,1,2711,3.31114,,,,,
dataset_D2/tr_10_pr_20/m_12_n_30_seed_02.txt,10,20,12,30,2,2924,3.8987,,,,,
dataset_D2/tr_10_pr_20/m_12_n_30_seed_03.txt,10,20,12,30,3,3032,3.44637,,,,,
dataset_D2/tr_10_pr_20/m_12_n_30_seed_04.txt,10,20,12,30,4,2746,3.4521,,,,,
dataset_D2/tr_10_pr_20/m_12_n_30_seed_05.txt,10,20,12,30,5,2837,3.71078,,,,,
dataset_D2/tr_10_pr_20/m_12_n_30_seed_06.txt,10,20,12,30,6,2947,3.49971,,,,,
dataset_D2/tr_10_pr_20/m_12_n_30_seed_07.txt,10,20,12,30,7,2951,3.66588,,,,,
dataset_D2/tr_10_pr_20/m_12_n_30_seed_08.txt,10,20,12,30,8,2783,3.7758,,,,,
dataset_D2/tr_10_pr_20/m_12_n_30_seed_09.txt,10,20,12,30,9,2993,3.27163,,,,,
dataset_D2/tr_10_pr_20/m_12_n_30_seed_10.txt,10,20,12,30,10,2662,3.61998,,,,,
dataset_D2/tr_10_pr_20/m_12_n_30_seed_11.txt,10,20,12,30,11,2767,3.68111,,,,,
dataset_D2/tr_10_pr_20/m_12_n_30_seed_12.txt,10,20,12,30,12,2743,3.49486,,,,,
dataset_D2/tr_10_pr_20/m_12_n_30_seed_13.txt,10,20,12,30,13,2828,3.47339,,,,,
dataset_D2/tr_10_pr_20/m_12_n_30_seed_14.txt,10,20,12,30,14,2974,3.65252,,,,,
dataset_D2/tr_10_pr_20/m_12_n_30_seed_15.txt,10,20,12,30,15,2842,3.2567,,,,,
dataset_D2/tr_10_pr_20/m_12_n_30_seed_16.txt,10,20,12,30,16,2564,3.70268,,,,,
dataset_D2/tr_10_pr_20/m_12_n_30_seed_17.txt,10,20,12,30,17,3020,3.72987,,,,,
dataset_D2/tr_10_pr_20/m_12_n_30_seed_18.txt,10,20,12,30,18,2791,3.57466,,,,,
dataset_D2/tr_10_pr_20/m_12_n_30_seed_19.txt,10,20,12,30,19,2824,3.48143,,,,,
dataset_D2/tr_10_pr_20/m_12_n_30_seed_20.txt,10,20,12,30,20,2760,3.98939,,,,,
dataset_D2/tr_10_pr_20/m_12_n_30_seed_21.txt,10,20,12,30,21,2707,3.67828,,,,,
dataset_D2/tr_10_pr_20/m_12_n_30_seed_22.txt,10,20,12,30,22,2872,3.90077,,,,,
dataset_D2/tr_10_pr_20/m_12_n_30_seed_23.txt,10,20,12,30,23,2737,3.61392,,,,,
dataset_D2/tr_10_pr_20/m_12_n_30_seed_24.txt,10,20,12,30,24,2875,4.18802,,,,,
dataset_D2/tr_10_pr_20/m_12_n_30_seed_25.txt,10,20,12,30,25,2733,3.43034,,,,,
dataset_D2/tr_10_pr_20/m_12_n_30_seed_26.txt,10,20,12,30,26,2682,3.63742,,,,,
dataset_D2/tr_10_pr_20/m_12_n_30_seed_27.txt,10,20,12,30,27,2619,3.59227,,,,,
dataset_D2/tr_10_pr_20/m_12_n_30_seed_28.txt,10,20,12,30,28,2722,3.6398,,,,,
dataset_D2/tr_10_pr_20/m_12_n_30_seed_29.txt,10,20,12,30,29,2784,3.43661,,,,,
dataset_D2/tr_10_pr_20/m_12_n_30_seed_30.txt,10,20,12,30,30,2679,3.66693,,,,,
dataset_D2/tr_10_pr_20/m_12_n_30_seed_31.txt,10,20,12,30,31,2898,3.80184,,,,,
dataset_D2/tr_10_pr_20/m_12_n_30_seed_32.txt,10,20,12,30,32,2748,3.77283,,,,,
dataset_D2/tr_10_pr_20/m_12_n_30_seed_33.txt,10,20,12,30,33,2659,3.45264,,,,,
dataset_D2/tr_10_pr_20/m_12_n_30_seed_34.txt,10,20,12,30,34,2566,4.004,,,,,
dataset_D2/tr_10_pr_20/m_12_n_30_seed_35.txt,10,20,12,30,35,2710,3.48387,,,,,
dataset_D2/tr_10_pr_20/m_12_n_30_seed_36.txt,10,20,12,30,36,2703,3.46068,,,,,
dataset_D2/tr_10_pr_20/m_12_n_30_seed_37.txt,10,20,12,30,37,2757,3.8422,,,,,
dataset_D2/tr_10_pr_20/m_12_n_30_seed_38.txt,10,20,12,30,38,2933,3.36704,,,,,
dataset_D2/tr_10_pr_20/m_12_n_30_seed_39.txt,10,20,12,30,39,2922,3.24861,,,,,
dataset_D2/tr_10_pr_20/m_12_n_30_seed_40.txt,10,20,12,30,40,3020,3.40959,,,,,
dataset_D2/tr_10_pr_20/m_12_n_30_seed_41.txt,10,20,12,30,41,2853,3.72315,,,,,
dataset_D2/tr_10_pr_20/m_12_n_30_seed_42.txt,10,20,12,30,42,2785,3.69737,,,,,
dataset_D2/tr_10_pr_20/m_12_n_30_seed_43.txt,10,20,12,30,43,2589,4.02515,,,,,
dataset_D2/tr_10_pr_20/m_12_n_30_seed_44.txt,10,20,12,30,44,2754,3.4992,,,,,
dataset_D2/tr_10_pr_20/m_12_n_30_seed_45.txt,10,20,12,30,45,2918,3.11786,,,,,
dataset_D2/tr_10_pr_20/m_12_n_30_seed_46.txt,10,20,12,30,46,2851,3.79539,,,,,
dataset_D2/tr_10_pr_20/m_12_n_30_seed_47.txt,10,20,12,30,47,2951,3.46117,,,,,
dataset_D2/tr_10_pr_20/m_12_n_30_seed_48.txt,10,20,12,30,48,2893,3.26244,,,,,
dataset_D2/tr_10_pr_20/m_12_n_30_seed_49.txt,10,20,12,30,49,2650,3.37741,,,,,
dataset_D2/tr_10_pr_30/m_12_n_10_seed_00.txt,10,30,12,10,0,1030,0.911766,,,,,
dataset_D2/tr_10_pr_30/m_12_n_10_seed_01.txt,10,30,12,10,1,867,1.60895,,,,,
dataset_D2/tr_10_pr_30/m_12_n_10_seed_02.txt,10,30,12,10,2,936,1.11006,,,,,
dataset_D2/tr_10_pr_30/m_12_n_10_seed_03.txt,10,30,12,10,3,959,1.17985,,,,,
dataset_D2/tr_10_pr_30/m_12_n_10_seed_04.txt,10,30,12,10,4,1027,0.778991,,,,,
dataset_D2/tr_10_pr_30/m_12_n_10_seed_05.txt,10,30,12,10,5,997,0.972669,,,,,
dataset_D2/tr_10_pr_30/m_12_n_10_seed_06.txt,10,30,12,10,6,1068,0.79079,,,,,
dataset_D2/tr_10_pr_30/m_12_n_10_seed_07.txt,10,30,12,10,7,915,0.858801,,,,,
dataset_D2/tr_10_pr_30/m_12_n_10_seed_08.txt,10,30,12,10,8,986,0.932868,,,,,
dataset_D2/tr_10_pr_30/m_12_n_10_seed_09.txt,10,30,12,10,9,927,0.929816,,,,,
dataset_D2/tr_10_pr_30/m_12_n_10_seed_10.txt,10,30,12,10,10,1082,0.926715,,,,,
dataset_D2/tr_10_pr_30/m_12_n_10_seed_11.txt,10,30,12,10,11,1003,1.10572,,,,,
dataset_D2/tr_10_pr_30/m_12_n_10_seed_12.txt,10,30,12,10,12,979,1.10308,,,,,
dataset_D2/tr_10_pr_30/m_12_n_10_seed_13.txt,10,30,12,10,13,996,1.0441,,,,,
dataset_D2/tr_10_pr_30/m_12_n_10_seed_14.txt,10,30,12,10,14,991,0.751746,,,,,
dataset_D2/tr_10_pr_30/m_12_n_10_seed_15.txt,10,30,12,10,15,936,0.839285,,,,,
dataset_D2/tr_10_pr_30/m_12_n_10_seed_16.txt,10,30,12,10,16,1074,0.955417,,,,,
dataset_D2/tr_10_pr_30/m_12_n_10_seed_17.txt,10,30,12,10,17,1052,0.999746,,,,,
dataset_D2/tr_10_pr_30/m_12_n_10_seed_18.txt,10,30,12,10,18,1030,0.762539,,,,,
dataset_D2/tr_10_pr_30/m_12_n_10_seed_19.txt,10,30,12,10,19,1032,0.911685,,,,,
dataset_D2/tr_10_pr_30/m_12_n_10_seed_20.txt,10,30,12,10,20,1049,0.961353,,,,,
dataset_D2/tr_10_pr_30/m_12_n_10_seed_21.txt,10,30,12,10,21,1001,1.04925,,,,,
dataset_D2/tr_10_pr_30/m_12_n_10_seed_22.txt,10,30,12,10,22,957,1.00131,,,,,
dataset_D2/tr_10_pr_30/m_12_n_10_seed_23.txt,10,30,12,10,23,1018,0.803394,,,,,
dataset_D2/tr_10_pr_30/m_12_n_10_seed_24.txt,10,30,12,10,24,932,0.961137,,,,,
dataset_D2/tr_10_pr_30/m_12_n_10_seed_25.txt,10,30,12,10,25,1010,0.818276,,,,,
dataset_D2/tr_10_pr_30/m_12_n_10_seed_26.txt,10,30,12,10,26,992,0.85281,,,,,
dataset_D2/tr_10_pr_30/m_12_n_10_seed_27.txt,10,30,12,10,27,1023,0.935919,,,,,
dataset_D2/tr_10_pr_30/m_12_n_10_seed_28.txt,10,30,12,10,28,1114,0.808524,,,,,
dataset_D2/tr_10_pr_30/m_12_n_10_seed_29.txt,10,30,12,10,29,1003,0.929522,,,,,
dataset_D2/tr_10_pr_30/m_12_n_10_seed_30.txt,10,30,12,10,30,1039,0.91576,,,,,
dataset_D2/tr_10_pr_30/m_12_n_10_seed_31.txt,10,30,12,10,31,1011,0.869276,,,,,
dataset_D2/tr_10_pr_30/m_12_n_10_seed_32.txt,10,30,12,10,32,1030,0.907448,,,,,
dataset_D2/tr_10_pr_30/m_12_n_10_seed_33.txt,10,30,12,10,33,989,1.03731,,,,,
dataset_D2/tr_10_pr_30/m_12_n_10_seed_34.txt,10,30,12,10,34,988,0.926955,,,,,
dataset_D2/tr_10_pr_30/m_12_n_10_seed_35.txt,10,30,12,10,35,1004,0.977199,,,,,
dataset_D2/tr_10_pr_30/m_12_n_10_seed_36.txt,10,30,12,10,36,984,0.913971,,,,,
dataset_D2/tr_10_pr_30/m_12_n_10_seed_37.txt,10,30,12,10,37,1023,0.917034,,,,,
dataset_D2/tr_10_pr_30/m_12_n_10_seed_38.txt,10,30,12,10,38,956,0.894551,,,,,
dataset_D2/tr_10_pr_30/m_12_n_10_seed_39.txt,10,30,12,10,39,945,1.13233,,,,,
dataset_D2/tr_10_pr_30/m_12_n_10_seed_40.txt,10,30,12,10,40,994,0.870453,,,,,
dataset_D2/tr_10_pr_30/m_12_n_10_seed_41.txt,10,30,12,10,41,1008,0.998699,,,,,
dataset_D2/tr_10_pr_30/m_12_n_10_seed_42.txt,10,30,12,10,42,1043,0.949602,,,,,
dataset_D2/tr_10_pr_30/m_12_n_10_seed_43.txt,10,30,12,10,43,1025,0.992243,,,,,
dataset_D2/tr_10_pr_30/m_12_n_10_seed_44.txt,10,30,12,10,44,1013,1.12069,,,,,
dataset_D2/tr_10_pr_30/m_12_n_10_seed_45.txt,10,30,12,10,45,936,0.937303,,,,,
dataset_D2/tr_10_pr_30/m_12_n_10_seed_46.txt,10,30,12,10,46,934,0.955201,,,,,
dataset_D2/tr_10_pr_30/m_12_n_10_seed_47.txt,10,30,12,10,47,1071,0.831187,,,,,
dataset_D2/tr_10_pr_30/m_12_n_10_seed_48.txt,10,30,12,10,48,1025,1.12761,,,,,
dataset_D2/tr_10_pr_30/m_12_n_10_seed_49.txt,10,30,12,10,49,974,0.971624,,,,,
dataset_D2/tr_10_pr_30/m_12_n_20_seed_00.txt,10,30,12,20,0,2012,2.94371,,,,,
dataset_D2/tr_10_pr_30/m_12_n_20_seed_01.txt,10,30,12,20,1,1974,2.87932,,,,,
dataset_D2/tr_10_pr_30/m_12_n_20_seed_02.txt,10,30,12,20,2,2079,2.53068,,,,,
dataset_D2/tr_10_pr_30/m_12_n_20_seed_03.txt,10,30,12,20,3,1943,2.58229,,,,,
dataset_D2/tr_10_pr_30/m_12_n_20_seed_04.txt,10,30,12,20,4,2037,2.84054,,,,,
dataset_D2/tr_10_pr_30/m_12_n_20_seed_05.txt,10,30,12,20,5,1965,2.45071,,,,,
dataset_D2/tr_10_pr_30/m_12_n_20_seed_06.txt,10,30,12,20,6,1885,3.27002,,,,,
dataset_D2/tr_10_pr_30/m_12_n_20_seed_07.txt,10,30,12,20,7,1935,2.73414,,,,,
dataset_D2/tr_10_pr_30/m_12_n_20_seed_08.txt,10,30,12,20,8,1826,3.06232,,,,,
dataset_D2/tr_10_pr_30/m_12_n_20_seed_09.txt,10,30,12,20,9,1886,2.91429,,,,,
dataset_D2/tr_10_pr_30/m_12_n_20_seed_10.txt,10,30,12,20,10,1874,3.50183,,,,,
dataset_D2/tr_10_pr_30/m_12_n_20_seed_11.txt,10,30,12,20,11,1792,3.46752,,,,,
dataset_D2/tr_10_pr_30/m_12_n_20_seed_12.txt,10,30,12,20,12,1984,2.90594,,,,,
dataset_D2/tr_10_pr_30/m_12_n_20_seed_13.txt,10,30,12,20,13,2041,2.75514,,,,,
dataset_D2/tr_10_pr_30/m_12_n_20_seed_14.txt,10,30,12,20,14,1998,2.67904,,,,,
dataset_D2/tr_10_pr_30/m_12_n_20_seed_15.txt,10,30,12,20,15,1963,2.8856,,,,,
dataset_D2/tr_10_pr_30/m_12_n_20_seed_16.txt,10,30,12,20,16,1813,3.2097,,,,,
dataset_D2/tr_10_pr_30/m_12_n_20_seed_17.txt,10,30,12,20,17,1798,3.20644,,,,,
dataset_D2/tr_10_pr_30/m_12_n_20_seed_18.txt,10,30,12,20,18,1997,2.91968,,,,,
dataset_D2/tr_10_pr_30/m_12_n_20_seed_19.txt,10,30,12,20,19,1988,2.9938,,,,,
dataset_D2/tr_10_pr_30/m_12_n_20_seed_20.txt,10,30,12,20,20,2000,2.59052,,,,,
dataset_D2/tr_10_pr_30/m_12_n_20_seed_21.txt,10,30,12,20,21,2085,2.35566,,,,,
dataset_D2/tr_10_pr_30/m_12_n_20_seed_22.txt,10,30,12,20,22,1911,2.56074,,,,,
dataset_D2/tr_10_pr_30/m_12_n_20_seed_23.txt,10,30,12,20,23,2017,3.19562,,,,,
dataset_D2/tr_10_pr_30/m_12_n_20_seed_24.txt,10,30,12,20,24,1965,3.08039,,,,,
dataset_D2/tr_10_pr_30/m_12_n_20_seed_25.txt,10,30,12,20,25,2039,2.72051,,,,,
dataset_D2/tr_10_pr_30/m_12_n_20_seed_26.txt,10,30,12,20,26,1870,3.14107,,,,,
dataset_D2/tr_10_pr_30/m_12_n_20_seed_27.txt,10,30,12,20,27,2020,2.54749,,,,,
dataset_D2/tr_10_pr_30/m_12_n_20_seed_28.txt,10,30,12,20,28,1896,3.29801,,,,,
dataset_D2/tr_10_pr_30/m_12_n_20_seed_29.txt,10,30,12,20,29,1927,2.84233,,,,,
dataset_D2/tr_10_pr_30/m_12_n_20_seed_30.txt,10,30,12,20,30,1929,3.23297,,,,,
dataset_D2/tr_10_pr_30/m_12_n_20_seed_31.txt,10,30,12,20,31,2000,3.04762,,,,,
dataset_D2/tr_10_pr_30/m_12_n_20_seed_32.txt,10,30,12,20,32,1807,3.30075,,,,,
dataset_D2/tr_10_pr_30/m_12_n_20_seed_33.txt,10,30,12,20,33,1872,3.09994,,,,,
dataset_D2/tr_10_pr_30/m_12_n_20_seed_34.txt,10,30,12,20,34,1713,3.13733,,,,,
dataset_D2/tr_10_pr_30/m_12_n_20_seed_35.txt,10,30,12,20,35,1810,2.94202,,,,,
dataset_D2/tr_10_pr_30/m_12_n_20_seed_36.txt,10,30,12,20,36,1951,2.23615,,,,,
dataset_D2/tr_10_pr_30/m_12_n_20_seed_37.txt,10,30,12,20,37,1886,3.42228,,,,,
dataset_D2/tr_10_pr_30/m_12_n_20_seed_38.txt,10,30,12,20,38,1984,2.72125,,,,,
dataset_D2/tr_10_pr_30/m_12_n_20_seed_39.txt,10,30,12,20,39,1917,2.84381,,,,,
dataset_D2/tr_10_pr_30/m_12_n_20_seed_40.txt,10,30,12,20,40,2034,2.7599,,,,,
dataset_D2/tr_10_pr_30/m_12_n_20_seed_41.txt,10,30,12,20,41,1979,2.66448,,,,,
dataset_D2/tr_10_pr_30/m_12_n_20_seed_42.txt,10,30,12,20,42,1977,3.11178,,,,,
dataset_D2/tr_10_pr_30/m_12_n_20_seed_43.txt,10,30,12,20,43,1990,2.76678,,,,,
dataset_D2/tr_10_pr_30/m_12_n_20_seed_44.txt,10,30,12,20,44,1937,2.47744,,,,,
dataset_D2/tr_10_pr_30/m_12_n_20_seed_45.txt,10,30,12,20,45,1802,3.34015,,,,,
dataset_D2/tr_10_pr_30/m_12_n_20_seed_46.txt,10,30,12,20,46,1840,2.79047,,,,,
dataset_D2/tr_10_pr_30/m_12_n_20_seed_47.txt,10,30,12,20,47,1988,2.64761,,,,,
dataset_D2/tr_10_pr_30/m_12_n_20_seed_48.txt,10,30,12,20,48,1959,2.66909,,,,,
dataset_D2/tr_10_pr_30/m_12_n_20_seed_49.txt,10,30,12,20,49,1968,2.76117,,,,,
dataset_D2/tr_10_pr_30/m_12_n_30_seed_00.txt,10,30,12,30,0,2979,5.04622,,,,,
dataset_D2/tr_10_pr_30/m_12_n_30_seed_01.txt,10,30,12,30,1,2968,4.75528,,,,,
dataset_D2/tr_10_pr_30/m_12_n_30_seed_02.txt,10,30,12,30,2,2730,5.05441,,,,,
dataset_D2/tr_10_pr_30/m_12_n_30_seed_03.txt,10,30,12,30,3,2840,5.05401,,,,,
dataset_D2/tr_10_pr_30/m_12_n_30_seed_04.txt,10,30,12,30,4,3188,4.1367,,,,,
dataset_D2/tr_10_pr_30/m_12_n_30_seed_05.txt,10,30,12,30,5,3104,4.26903,,,,,
dataset_D2/tr_10_pr_30/m_12_n_30_seed_06.txt,10,30,12,30,6,2876,4.67714,,,,,
dataset_D2/tr_10_pr_30/m_12_n_30_seed_07.txt,10,30,12,30,7,2809,5.04921,,,,,
dataset_D2/tr_10_pr_30/m_12_n_30_seed_08.txt,10,30,12,30,8,2949,4.85246,,,,,
dataset_D2/tr_10_pr_30/m_12_n_30_seed_09.txt,10,30,12,30,9,2761,4.45992,,,,,
dataset_D2/tr_10_pr_30/m_12_n_30_seed_10.txt,10,30,12,30,10,2891,4.45034,,,,,
dataset_D2/tr_10_pr_30/m_12_n_30_seed_11.txt,10,30,12,30,11,2790,5.13312,,,,,
dataset_D2/tr_10_pr_30/m_12_n_30_seed_12.txt,10,30,12,30,12,2785,5.00178,,,,,
dataset_D2/tr_10_pr_30/m_12_n_30_seed_13.txt,10,30,12,30,13,2892,4.84836,,,,,
dataset_D2/tr_10_pr_30/m_12_n_30_seed_14.txt,10,30,12,30,14,2931,4.49018,,,,,
dataset_D2/tr_10_pr_30/m_12_n_30_seed_15.txt,10,30,12,30,15,2842,4.7091,,,,,
dataset_D2/tr_10_pr_30/m_12_n_30_seed_16.txt,10,30,12,30,16,2667,4.4066,,,,,
dataset_D2/tr_10_pr_30/m_12_n_30_seed_17.txt,10,30,12,30,17,2742,5.51844,,,,,
dataset_D2/tr_10_pr_30/m_12_n_30_seed_18.txt,10,30,12,30,18,3204,4.63528,,,,,
dataset_D2/tr_10_pr_30/m_12_n_30_seed_19.txt,10,30,12,30,19,2917,4.92307,,,,,
dataset_D2/tr_10_pr_30/m_12_n_30_seed_20.txt,10,30,12,30,20,2719,4.69884,,,,,
dataset_D2/tr_10_pr_30/m_12_n_30_seed_21.txt,10,30,12,30,21,2767,4.34893,,,,,
dataset_D2/tr_10_pr_30/m_12_n_30_seed_22.txt,10,30,12,30,22,2689,5.32609,,,,,
dataset_D2/tr_10_pr_30/m_12_n_30_seed_23.txt,10,30,12,30,23,3060,5.01035,,,,,
dataset_D2/tr_10_pr_30/m_12_n_30_seed_24.txt,10,30,12,30,24,2750,5.87935,,,,,
dataset_D2/tr_10_pr_30/m_12_n_30_seed_25.txt,10,30,12,30,25,2604,6.1187,,,,,
dataset_D2/tr_10_pr_30/m_12_n_30_seed_26.txt,10,30,12,30,26,2925,4.80593,,,,,
dataset_D2/tr_10_pr_30/m_12_n_30_seed_27.txt,10,30,12,30,27,2673,5.67662,,,,,
dataset_D2/tr_10_pr_30/m_12_n_30_seed_28.txt,10,30,12,30,28,2852,5.09354,,,,,
dataset_D2/tr_10_pr_30/m_12_n_30_seed_29.txt,10,30,12,30,29,2677,5.42496,,,,,
dataset_D2/tr_10_pr_30/m_12_n_30_seed_30.txt,10,30,12,30,30,2993,4.74259,,,,,
dataset_D2/tr_10_pr_30/m_12_n_30_seed_31.txt,10,30,12,30,31,2958,4.41398,,,,,
dataset_D2/tr_10_pr_30/m_12_n_30_seed_32.txt,10,30,12,30,32,2873,4.3806,,,,,
dataset_D2/tr_10_pr_30/m_12_n_30_seed_33.txt,10,30,12,30,33,2994,4.24013,,,,,
dataset_D2/tr_10_pr_30/m_12_n_30_seed_34.txt,10,30,12,30,34,2934,4.85878,,,,,
dataset_D2/tr_10_pr_30/m_12_n_30_seed_35.txt,10,30,12,30,35,2784,5.05639,,,,,
dataset_D2/tr_10_pr_30/m_12_n_30_seed_36.txt,10,30,12,30,36,2886,5.21022,,,,,
dataset_D2/tr_10_pr_30/m_12_n_30_seed_37.txt,10,30,12,30,37,2782,4.6152,,,,,
dataset_D2/tr_10_pr_30/m_12_n_30_seed_38.txt,10,30,12,30,38,3069,4.46019,,,,,
dataset_D2/tr_10_pr_30/m_12_n_30_seed_39.txt,10,30,12,30,39,2573,5.93219,,,,,
dataset_D2/tr_10_pr_30/m_12_n_30_seed_40.txt,10,30,12,30,40,2769,5.79891,,,,,
dataset_D2/tr_10_pr_30/m_12_n_30_seed_41.txt,10,30,12,30,41,2840,5.16517,,,,,
dataset_D2/tr_10_pr_30/m_12_n_30_seed_42.txt,10,30,12,30,42,2713,4.94056,,,,,
dataset_D2/tr_10_pr_30/m_12_n_30_seed_43.txt,10,30,12,30,43,2600,6.19534,,,,,
dataset_D2/tr_10_pr_30/m_12_n_30_seed_44.txt,10,30,12,30,44,2711,6.09505,,,,,
dataset_D2/tr_10_pr_30/m_12_n_30_seed_45.txt,10,30,12,30,45,3132,4.40896,,,,,
dataset_D2/tr_10_pr_30/m_12_n_30_seed_46.txt,10,30,12,30,46,2901,4.79116,,,,,
dataset_D2/tr_10_pr_30/m_12_n_30_seed_47.txt,10,30,12,30,47,2442,7.45596,,,,,
dataset_D2/tr_10_pr_30/m_12_n_30_seed_48.txt,10,30,12,30,48,2967,4.57328,,,,,
dataset_D2/tr_10_pr_30/m_12_n_30_seed_49.txt,10,30,12,30,49,2975,4.36834,,,,,
dataset_D2/tr_10_pr_40/m_12_n_10_seed_00.txt,10,40,12,10,0,1042,1.88565,,,,,
dataset_D2/tr_10_pr_40/m_12_n_10_seed_01.txt,10,40,12,10,1,1062,1.63267,,,,,
dataset_D2/tr_10_pr_40/m_12_n_10_seed_02.txt,10,40,12,10,2,1117,1.53124,,,,,
dataset_D2/tr_10_pr_40/m_12_n_10_seed_03.txt,10,40,12,10,3,1108,1.58419,,,,,
dataset_D2/tr_10_pr_40/m_12_n_10_seed_04.txt,10,40,12,10,4,1105,1.59338,,,,,
dataset_D2/tr_10_pr_40/m_12_n_10_seed_05.txt,10,40,12,10,5,1032,1.33876,,,,,
dataset_D2/tr_10_pr_40/m_12_n_10_seed_06.txt,10,40,12,10,6,1007,1.7373,,,,,
dataset_D2/tr_10_pr_40/m_12_n_10_seed_07.txt,10,40,12,10,7,1032,2.73238,,,,,
dataset_D2/tr_10_pr_40/m_12_n_10_seed_08.txt,10,40,12,10,8,1113,1.09959,,,,,
dataset_D2/tr_10_pr_40/m_12_n_10_seed_09.txt,10,40,12,10,9,984,1.55089,,,,,
dataset_D2/tr_10_pr_40/m_12_n_10_seed_10.txt,10,40,12,10,10,989,1.94117,,,,,
dataset_D2/tr_10_pr_40/m_12_n_10_seed_11.txt,10,40,12,10,11,1082,2.02055,,,,,
dataset_D2/tr_10_pr_40/m_12_n_10_seed_12.txt,10,40,12,10,12,1049,1.47605,,,,,
dataset_D2/tr_10_pr_40/m_12_n_10_seed_13.txt,10,40,12,10,13,1062,1.42258,,,,,
dataset_D2/tr_10_pr_40/m_12_n_10_seed_14.txt,10,40,12,10,14,1054,1.66741,,,,,
dataset_D2/tr_10_pr_40/m_12_n_10_seed_15.txt,10,40,12,10,15,1060,1.65208,,,,,
dataset_D2/tr_10_pr_40/m_12_n_10_seed_16.txt,10,40,12,10,16,1045,2.16455,,,,,
dataset_D2/tr_10_pr_40/m_12_n_10_seed_17.txt,10,40,12,10,17,1076,1.87998,,,,,
dataset_D2/tr_10_pr_40/m_12_n_10_seed_18.txt,10,40,12,10,18,1053,1.82749,,,,,
dataset_D2/tr_10_pr_40/m_12_n_10_seed_19.txt,10,40,12,10,19,1062,2.12584,,,,,
dataset_D2/tr_10_pr_40/m_12_n_10_seed_20.txt,10,40,12,10,20,1038,1.31654,,,,,
dataset_D2/tr_10_pr_40/m_12_n_10_seed_21.txt,10,40,12,10,21,1013,1.60349,,,,,
dataset_D2/tr_10_pr_40/m_12_n_10_seed_22.txt,10,40,12,10,22,997,1.77178,,,,,
dataset_D2/tr_10_pr_40/m_12_n_10_seed_23.txt,10,40,12,10,23,1098,2.26398,,,,,
dataset_D2/tr_10_pr_40/m_12_n_10_seed_24.txt,10,40,12,10,24,1111,1.42688,,,,,
dataset_D2/tr_10_pr_40/m_12_n_10_seed_25.txt,10,40,12,10,25,978,1.46055,,,,,
dataset_D2/tr_10_pr_40/m_12_n_10_seed_26.txt,10,40,12,10,26,1109,1.6176,,,,,
dataset_D2/tr_10_pr_40/m_12_n_10_seed_27.txt,10,40,12,10,27,995,2.33557,,,,,
dataset_D2/tr_10_pr_40/m_12_n_10_seed_28.txt,10,40,12,10,28,1027,2.42367,,,,,
dataset_D2/tr_10_pr_40/m_12_n_10_seed_29.txt,10,40,12,10,29,1091,2.23947,,,,,
dataset_D2/tr_10_pr_40/m_12_n_10_seed_30.txt,10,40,12,10,30,1103,0.990053,,,,,
dataset_D2/tr_10_pr_40/m_12_n_10_seed_31.txt,10,40,12,10,31,1090,1.4552,,,,,
dataset_D2/tr_10_pr_40/m_12_n_10_seed_32.txt,10,40,12,10,32,1103,2.93724,,,,,
dataset_D2/tr_10_pr_40/m_12_n_10_seed_33.txt,10,40,12,10,33,1081,1.04396,,,,,
dataset_D2/tr_10_pr_40/m_12_n_10_seed_34.txt,10,40,12,10,34,1086,1.35055,,,,,
dataset_D2/tr_10_pr_40/m_12_n_10_seed_35.txt,10,40,12,10,35,1062,1.90151,,,,,
dataset_D2/tr_10_pr_40/m_12_n_10_seed_36.txt,10,40,12,10,36,964,3.30655,,,,,
dataset_D2/tr_10_pr_40/m_12_n_10_seed_37.txt,10,40,12,10,37,1090,1.82971,,,,,
dataset_D2/tr_10_pr_40/m_12_n_10_seed_38.txt,10,40,12,10,38,1033,1.28615,,,,,
dataset_D2/tr_10_pr_40/m_12_n_10_seed_39.txt,10,40,12,10,39,1033,2.25962,,,,,
dataset_D2/tr_10_pr_40/m_12_n_10_seed_40.txt,10,40,12,10,40,1105,1.35149,,,,,
dataset_D2/tr_10_pr_40/m_12_n_10_seed_41.txt,10,40,12,10,41,1118,1.55701,,,,,
dataset_D2/tr_10_pr_40/m_12_n_10_seed_42.txt,10,40,12,10,42,1072,2.19955,,,,,
dataset_D2/tr_10_pr_40/m_12_n_10_seed_43.txt,10,40,12,10,43,1078,1.7882,,,,,
dataset_D2/tr_10_pr_40/m_12_n_10_seed_44.txt,10,40,12,10,44,1090,1.80297,,,,,
dataset_D2/tr_10_pr_40/m_12_n_10_seed_45.txt,10,40,12,10,45,1145,1.75447,,,,,
dataset_D2/tr_10_pr_40/m_12_n_10_seed_46.txt,10,40,12,10,46,1006,2.14287,,,,,
dataset_D2/tr_10_pr_40/m_12_n_10_seed_47.txt,10,40,12,10,47,1072,1.5282,,,,,
dataset_D2/tr_10_pr_40/m_12_n_10_seed_48.txt,10,40,12,10,48,1146,1.69335,,,,,
dataset_D2/tr_10_pr_40/m_12_n_10_seed_49.txt,10,40,12,10,49,1000,1.48398,,,,,
dataset_D2/tr_10_pr_40/m_12_n_20_seed_00.txt,10,40,12,20,0,2007,7.04154,,,,,
dataset_D2/tr_10_pr_40/m_12_n_20_seed_01.txt,10,40,12,20,1,1963,6.08942,,,,,
dataset_D2/tr_10_pr_40/m_12_n_20_seed_02.txt,10,40,12,20,2,1956,5.51023,,,,,
dataset_D2/tr_10_pr_40/m_12_n_20_seed_03.txt,10,40,12,20,3,1878,4.95149,,,,,
dataset_D2/tr_10_pr_40/m_12_n_20_seed_04.txt,10,40,12,20,4,2142,4.35858,,,,,
dataset_D2/tr_10_pr_40/m_12_n_20_seed_05.txt,10,40,12,20,5,1962,6.28173,,,,,
dataset_D2/tr_10_pr_40/m_12_n_20_seed_06.txt,10,40,12,20,6,2057,6.53584,,,,,
dataset_D2/tr_10_pr_40/m_12_n_20_seed_07.txt,10,40,12,20,7,1873,6.84207,,,,,
dataset_D2/tr_10_pr_40/m_12_n_20_seed_08.txt,10,40,12,20,8,2018,7.46326,,,,,
dataset_D2/tr_10_pr_40/m_12_n_20_seed_09.txt,10,40,12,20,9,2058,5.29092,,,,,
dataset_D2/tr_10_pr_40/m_12_n_20_seed_10.txt,10,40,12,20,10,2277,4.03181,,,,,
dataset_D2/tr_10_pr_40/m_12_n_20_seed_11.txt,10,40,12,20,11,2006,6.17167,,,,,
dataset_D2/tr_10_pr_40/m_12_n_20_seed_12.txt,10,40,12,20,12,2191,4.25707,,,,,
dataset_D2/tr_10_pr_40/m_12_n_20_seed_13.txt,10,40,12,20,13,1773,7.76313,,,,,
dataset_D2/tr_10_pr_40/m_12_n_20_seed_14.txt,10,40,12,20,14,2060,4.00738,,,,,
dataset_D2/tr_10_pr_40/m_12_n_20_seed_15.txt,10,40,12,20,15,1991,4.63367,,,,,
dataset_D2/tr_10_pr_40/m_12_n_20_seed_16.txt,10,40,12,20,16,1927,7.59283,,,,,
dataset_D2/tr_10_pr_40/m_12_n_20_seed_17.txt,10,40,12,20,17,1985,7.17669,,,,,
dataset_D2/tr_10_pr_40/m_12_n_20_seed_18.txt,10,40,12,20,18,2133,3.98749,,,,,
dataset_D2/tr_10_pr_40/m_12_n_20_seed_19.txt,10,40,12,20,19,2126,3.54764,,,,,
dataset_D2/tr_10_pr_40/m_12_n_20_seed_20.txt,10,40,12,20,20,1757,11.9768,,,,,
dataset_D2/tr_10_pr_40/m_12_n_20_seed_21.txt,10,40,12,20,21,1888,7.56003,,,,,
dataset_D2/tr_10_pr_40/m_12_n_20_seed_22.txt,10,40,12,20,22,1977,5.38111,,,,,
dataset_D2/tr_10_pr_40/m_12_n_20_seed_23.txt,10,40,12,20,23,1977,5.91064,,,,,
dataset_D2/tr_10_pr_40/m_12_n_20_seed_24.txt,10,40,12,20,24,2103,4.9153,,,,,
dataset_D2/tr_10_pr_40/m_12_n_20_seed_25.txt,10,40,12,20,25,1990,5.55291,,,,,
dataset_D2/tr_10_pr_40/m_12_n_20_seed_26.txt,10,40,12,20,26,2073,4.53031,,,,,
dataset_D2/tr_10_pr_40/m_12_n_20_seed_27.txt,10,40,12,20,27,2052,4.55166,,,,,
dataset_D2/tr_10_pr_40/m_12_n_20_seed_28.txt,10,40,12,20,28,1976,4.62493,,,,,
dataset_D2/tr_10_pr_40/m_12_n_20_seed_29.txt,10,40,12,20,29,1954,4.49278,,,,,
dataset_D2/tr_10_pr_40/m_12_n_20_seed_30.txt,10,40,12,20,30,2015,5.1115,,,,,
dataset_D2/tr_10_pr_40/m_12_n_20_seed_31.txt,10,40,12,20,31,1956,5.87904,,,,,
dataset_D2/tr_10_pr_40/m_12_n_20_seed_32.txt,10,40,12,20,32,1949,4.72048,,,,,
dataset_D2/tr_10_pr_40/m_12_n_20_seed_33.txt,10,40,12,20,33,1918,5.67292,,,,,
dataset_D2/tr_10_pr_40/m_12_n_20_seed_34.txt,10,40,12,20,34,1859,6.60392,,,,,
dataset_D2/tr_10_pr_40/m_12_n_20_seed_35.txt,10,40,12,20,35,2004,4.97761,,,,,
dataset_D2/tr_10_pr_40/m_12_n_20_seed_36.txt,10,40,12,20,36,2115,4.1889,,,,,
dataset_D2/tr_10_pr_40/m_12_n_20_seed_37.txt,10,40,12,20,37,1938,5.18032,,,,,
dataset_D2/tr_10_pr_40/m_12_n_20_seed_38.txt,10,40,12,20,38,1969,5.93081,,,,,
dataset_D2/tr_10_pr_40/m_12_n_20_seed_39.txt,10,40,12,20,39,1956,4.8675,,,,,
dataset_D2/tr_10_pr_40/m_12_n_20_seed_40.txt,10,40,12,20,40,2078,4.89153,,,,,
dataset_D2/tr_10_pr_40/m_12_n_20_seed_41.txt,10,40,12,20,41,1995,5.20755,,,,,
dataset_D2/tr_10_pr_40/m_12_n_20_seed_42.txt,10,40,12,20,42,1788,6.55804,,,,,
dataset_D2/tr_10_pr_40/m_12_n_20_seed_43.txt,10,40,12,20,43,1982,5.21492,,,,,
dataset_D2/tr_10_pr_40/m_12_n_20_seed_44.txt,10,40,12,20,44,1946,5.30647,,,,,
dataset_D2/tr_10_pr_40/m_12_n_20_seed_45.txt,10,40,12,20,45,1787,5.87373,,,,,
dataset_D2/tr_10_pr_40/m_12_n_20_seed_46.txt,10,40,12,20,46,2085,4.80245,,,,,
dataset_D2/tr_10_pr_40/m_12_n_20_seed_47.txt,10,40,12,20,47,1850,6.95207,,,,,
dataset_D2/tr_10_pr_40/m_12_n_20_seed_48.txt,10,40,12,20,48,2086,4.96567,,,,,
dataset_D2/tr_10_pr_40/m_12_n_20_seed_49.txt,10,40,12,20,49,2011,4.99693,,,,,
dataset_D2/tr_10_pr_40/m_12_n_30_seed_00.txt,10,40,12,30,0,2838,8.8059,,,,,
dataset_D2/tr_10_pr_40/m_12_n_30_seed_01.txt,10,40,12,30,1,2912,11.2682,,,,,
dataset_D2/tr_10_pr_40/m_12_n_30_seed_02.txt,10,40,12,30,2,2909,10.1522,,,,,
dataset_D2/tr_10_pr_40/m_12_n_30_seed_03.txt,10,40,12,30,3,2666,13.2035,,,,,
dataset_D2/tr_10_pr_40/m_12_n_30_seed_04.txt,10,40,12,30,4,3040,6.44604,,,,,
dataset_D2/tr_10_pr_40/m_12_n_30_seed_05.txt,10,40,12,30,5,3059,8.20775,,,,,
dataset_D2/tr_10_pr_40/m_12_n_30_seed_06.txt,10,40,12,30,6,3073,6.9943,,,,,
dataset_D2/tr_10_pr_40/m_12_n_30_seed_07.txt,10,40,12,30,7,2915,11.229,,,,,
dataset_D2/tr_10_pr_40/m_12_n_30_seed_08.txt,10,40,12,30,8,2908,8.23536,,,,,
dataset_D2/tr_10_pr_40/m_12_n_30_seed_09.txt,10,40,12,30,9,2992,8.79774,,,,,
dataset_D2/tr_10_pr_40/m_12_n_30_seed_10.txt,10,40,12,30,10,2899,8.22731,,,,,
dataset_D2/tr_10_pr_40/m_12_n_30_seed_11.txt,10,40,12,30,11,2967,12.5945,,,,,
dataset_D2/tr_10_pr_40/m_12_n_30_seed_12.txt,10,40,12,30,12,2846,7.56472,,,,,
dataset_D2/tr_10_pr_40/m_12_n_30_seed_13.txt,10,40,12,30,13,2917,11.2396,,,,,
dataset_D2/tr_10_pr_40/m_12_n_30_seed_14.txt,10,40,12,30,14,3012,9.71886,,,,,
dataset_D2/tr_10_pr_40/m_12_n_30_seed_15.txt,10,40,12,30,15,2974,8.86346,,,,,
dataset_D2/tr_10_pr_40/m_12_n_30_seed_16.txt,10,40,12,30,16,3019,10.1142,,,,,
dataset_D2/tr_10_pr_40/m_12_n_30_seed_17.txt,10,40,12,30,17,3123,6.74949,,,,,
dataset_D2/tr_10_pr_40/m_12_n_30_seed_18.txt,10,40,12,30,18,2846,9.92423,,,,,
dataset_D2/tr_10_pr_40/m_12_n_30_seed_19.txt,10,40,12,30,19,2934,12.3376,,,,,
dataset_D2/tr_10_pr_40/m_12_n_30_seed_20.txt,10,40,12,30,20,2643,11.5577,,,,,
dataset_D2/tr_10_pr_40/m_12_n_30_seed_21.txt,10,40,12,30,21,2770,11.4019,,,,,
dataset_D2/tr_10_pr_40/m_12_n_30_seed_22.txt,10,40,12,30,22,2981,7.73916,,,,,
dataset_D2/tr_10_pr_40/m_12_n_30_seed_23.txt,10,40,12,30,23,2884,9.20821,,,,,
dataset_D2/tr_10_pr_40/m_12_n_30_seed_24.txt,10,40,12,30,24,3004,7.88856,,,,,
dataset_D2/tr_10_pr_40/m_12_n_30_seed_25.txt,10,40,12,30,25,3109,8.92913,,,,,
dataset_D2/tr_10_pr_40/m_12_n_30_seed_26.txt,10,40,12,30,26,3131,6.77442,,,,,
dataset_D2/tr_10_pr_40/m_12_n_30_seed_27.txt,10,40,12,30,27,2860,10.745,,,,,
dataset_D2/tr_10_pr_40/m_12_n_30_seed_28.txt,10,40,12,30,28,2717,11.9503,,,,,
dataset_D2/tr_10_pr_40/m_12_n_30_seed_29.txt,10,40,12,30,29,3092,7.01421,,,,,
dataset_D2/tr_10_pr_40/m_12_n_30_seed_30.txt,10,40,12,30,30,3003,8.90376,,,,,
dataset_D2/tr_10_pr_40/m_12_n_30_seed_31.txt,10,40,12,30,31,3137,7.72342,,,,,
dataset_D2/tr_10_pr_40/m_12_n_30_seed_32.txt,10,40,12,30,32,2709,14.0083,,,,,
dataset_D2/tr_10_pr_40/m_12_n_30_seed_33.txt,10,40,12,30,33,2904,10.2814,,,,,
dataset_D2/tr_10_pr_40/m_12_n_30_seed_34.txt,10,40,12,30,34,2707,12.1543,,,,,
dataset_D2/tr_10_pr_40/m_12_n_30_seed_35.txt,10,40,12,30,35,2844,9.09098,,,,,
dataset_D2/tr_10_pr_40/m_12_n_30_seed_36.txt,10,40,12,30,36,2779,10.4026,,,,,
dataset_D2/tr_10_pr_40/m_12_n_30_seed_37.txt,10,40,12,30,37,3215,9.69055,,,,,
dataset_D2/tr_10_pr_40/m_12_n_30_seed_38.txt,10,40,12,30,38,2946,11.0993,,,,,
dataset_D2/tr_10_pr_40/m_12_n_30_seed_39.txt,10,40,12,30,39,2881,10.9182,,,,,
dataset_D2/tr_10_pr_40/m_12_n_30_seed_40.txt,10,40,12,30,40,3054,8.39722,,,,,
dataset_D2/tr_10_pr_40/m_12_n_30_seed_41.txt,10,40,12,30,41,3075,7.47475,,,,,
dataset_D2/tr_10_pr_40/m_12_n_30_seed_42.txt,10,40,12,30,42,2849,8.21624,,,,,
dataset_D2/tr_10_pr_40/m_12_n_30_seed_43.txt,10,40,12,30,43,3107,7.58339,,,,,
dataset_D2/tr_10_pr_40/m_12_n_30_seed_44.txt,10,40,12,30,44,3038,8.67686,,,,,
dataset_D2/tr_10_pr_40/m_12_n_30_seed_45.txt,10,40,12,30,45,2856,11.9491,,,,,
dataset_D2/tr_10_pr_40/m_12_n_30_seed_46.txt,10,40,12,30,46,2981,9.16634,,,,,
dataset_D2/tr_10_pr_40/m_12_n_30_seed_47.txt,10,40,12,30,47,2923,9.11402,,,,,
dataset_D2/tr_10_pr_40/m_12_n_30_seed_48.txt,10,40,12,30,48,3116,7.58403,,,,,
dataset_D2/tr_10_pr_40/m_12_n_30_seed_49.txt,10,40,12,30,49,2951,11.5028,,,,,
dataset_D2/tr_10_pr_50/m_12_n_10_seed_00.txt,10,50,12,10,0,1166,5.36028,,,,,
dataset_D2/tr_10_pr_50/m_12_n_10_seed_01.txt,10,50,12,10,1,1024,9.36472,,,,,
dataset_D2/tr_10_pr_50/m_12_n_10_seed_02.txt,10,50,12,10,2,1158,2.93524,,,,,
dataset_D2/tr_10_pr_50/m_12_n_10_seed_03.txt,10,50,12,10,3,1143,3.64039,,,,,
dataset_D2/tr_10_pr_50/m_12_n_10_seed_04.txt,10,50,12,10,4,1041,3.07574,,,,,
dataset_D2/tr_10_pr_50/m_12_n_10_seed_05.txt,10,50,12,10,5,1157,3.33825,,,,,
dataset_D2/tr_10_pr_50/m_12_n_10_seed_06.txt,10,50,12,10,6,1172,3.28893,,,,,
dataset_D2/tr_10_pr_50/m_12_n_10_seed_07.txt,10,50,12,10,7,1173,5.50013,,,,,
dataset_D2/tr_10_pr_50/m_12_n_10_seed_08.txt,10,50,12,10,8,1012,4.77135,,,,,
dataset_D2/tr_10_pr_50/m_12_n_10_seed_09.txt,10,50,12,10,9,1099,2.73438,,,,,
dataset_D2/tr_10_pr_50/m_12_n_10_seed_10.txt,10,50,12,10,10,1133,5.57228,,,,,
dataset_D2/tr_10_pr_50/m_12_n_10_seed_11.txt,10,50,12,10,11,1254,2.68988,,,,,
dataset_D2/tr_10_pr_50/m_12_n_10_seed_12.txt,10,50,12,10,12,1125,3.87697,,,,,
dataset_D2/tr_10_pr_50/m_12_n_10_seed_13.txt,10,50,12,10,13,1123,3.82478,,,,,
dataset_D2/tr_10_pr_50/m_12_n_10_seed_14.txt,10,50,12,10,14,1089,7.12674,,,,,
dataset_D2/tr_10_pr_50/m_12_n_10_seed_15.txt,10,50,12,10,15,1158,2.38133,,,,,
dataset_D2/tr_10_pr_50/m_12_n_10_seed_16.txt,10,50,12,10,16,1135,8.47275,,,,,
dataset_D2/tr_10_pr_50/m_12_n_10_seed_17.txt,10,50,12,10,17,1150,2.77259,,,,,
dataset_D2/tr_10_pr_50/m_12_n_10_seed_18.txt,10,50,12,10,18,1132,2.65395,,,,,
dataset_D2/tr_10_pr_50/m_12_n_10_seed_19.txt,10,50,12,10,19,1041,4.70732,,,,,
dataset_D2/tr_10_pr_50/m_12_n_10_seed_20.txt,10,50,12,10,20,1172,3.53303,,,,,
dataset_D2/tr_10_pr_50/m_12_n_10_seed_21.txt,10,50,12,10,21,1195,3.0371,,,,,
dataset_D2/tr_10_pr_50/m_12_n_10_seed_22.txt,10,50,12,10,22,1110,5.49946,,,,,
dataset_D2/tr_10_pr_50/m_12_n_10_seed_23.txt,10,50,12,10,23,1154,4.11012,,,,,
dataset_D2/tr_10_pr_50/m_12_n_10_seed_24.txt,10,50,12,10,24,1088,2.68352,,,,,
dataset_D2/tr_10_pr_50/m_12_n_10_seed_25.txt,10,50,12,10,25,1078,6.13037,,,,,
dataset_D2/tr_10_pr_50/m_12_n_10_seed_26.txt,10,50,12,10,26,1124,2.57955,,,,,
dataset_D2/tr_10_pr_50/m_12_n_10_seed_27.txt,10,50,12,10,27,1201,2.58249,,,,,
dataset_D2/tr_10_pr_50/m_12_n_10_seed_28.txt,10,50,12,10,28,1184,2.94556,,,,,
dataset_D2/tr_10_pr_50/m_12_n_10_seed_29.txt,10,50,12,10,29,1085,2.27248,,,,,
dataset_D2/tr_10_pr_50/m_12_n_10_seed_30.txt,10,50,12,10,30,1137,3.95887,,,,,
dataset_D2/tr_10_pr_50/m_12_n_10_seed_31.txt,10,50,12,10,31,1116,3.06853,,,,,
dataset_D2/tr_10_pr_50/m_12_n_10_seed_32.txt,10,50,12,10,32,1124,2.75073,,,,,
dataset_D2/tr_10_pr_50/m_12_n_10_seed_33.txt,10,50,12,10,33,1189,2.76817,,,,,
dataset_D2/tr_10_pr_50/m_12_n_10_seed_34.txt,10,50,12,10,34,1121,5.7476,,,,,
dataset_D2/tr_10_pr_50/m_12_n_10_seed_35.txt,10,50,12,10,35,1175,2.19581,,,,,
dataset_D2/tr_10_pr_50/m_12_n_10_seed_36.txt,10,50,12,10,36,1176,3.1113,,,,,
dataset_D2/tr_10_pr_50/m_12_n_10_seed_37.txt,10,50,12,10,37,1191,4.07466,,,,,
dataset_D2/tr_10_pr_50/m_12_n_10_seed_38.txt,10,50,12,10,38,1083,4.97522,,,,,
dataset_D2/tr_10_pr_50/m_12_n_10_seed_39.txt,10,50,12,10,39,1182,4.14238,,,,,
dataset_D2/tr_10_pr_50/m_12_n_10_seed_40.txt,10,50,12,10,40,1100,2.15513,,,,,
dataset_D2/tr_10_pr_50/m_12_n_10_seed_41.txt,10,50,12,10,41,1152,4.99058,,,,,
dataset_D2/tr_10_pr_50/m_12_n_10_seed_42.txt,10,50,12,10,42,1178,2.69867,,,,,
dataset_D2/tr_10_pr_50/m_12_n_10_seed_43.txt,10,50,12,10,43,1100,5.24476,,,,,
dataset_D2/tr_10_pr_50/m_12_n_10_seed_44.txt,10,50,12,10,44,1161,2.04161,,,,,
dataset_D2/tr_10_pr_50/m_12_n_10_seed_45.txt,10,50,12,10,45,1167,1.64282,,,,,
dataset_D2/tr_10_pr_50/m_12_n_10_seed_46.txt,10,50,12,10,46,1173,3.71182,,,,,
dataset_D2/tr_10_pr_50/m_12_n_10_seed_47.txt,10,50,12,10,47,1125,3.49464,,,,,
dataset_D2/tr_10_pr_50/m_12_n_10_seed_48.txt,10,50,12,10,48,1150,4.14418,,,,,
dataset_D2/tr_10_pr_50/m_12_n_10_seed_49.txt,10,50,12,10,49,1088,4.19098,,,,,
dataset_D2/tr_10_pr_50/m_12_n_20_seed_00.txt,10,50,12,20,0,2048,13.6381,,,,,
dataset_D2/tr_10_pr_50/m_12_n_20_seed_01.txt,10,50,12,20,1,2100,8.27312,,,,,
dataset_D2/tr_10_pr_50/m_12_n_20_seed_02.txt,10,50,12,20,2,2084,18.2535,,,,,
dataset_D2/tr_10_pr_50/m_12_n_20_seed_03.txt,10,50,12,20,3,2010,16.2618,,,,,
dataset_D2/tr_10_pr_50/m_12_n_20_seed_04.txt,10,50,12,20,4,1978,10.7498,,,,,
dataset_D2/tr_10_pr_50/m_12_n_20_seed_05.txt,10,50,12,20,5,2018,13.5527,,,,,
dataset_D2/tr_10_pr_50/m_12_n_20_seed_06.txt,10,50,12,20,6,2088,23.6461,,,,,
dataset_D2/tr_10_pr_50/m_12_n_20_seed_07.txt,10,50,12,20,7,2087,10.4929,,,,,
dataset_D2/tr_10_pr_50/m_12_n_20_seed_08.txt,10,50,12,20,8,1970,12.9785,,,,,
dataset_D2/tr_10_pr_50/m_12_n_20_seed_09.txt,10,50,12,20,9,2085,8.29989,,,,,
dataset_D2/tr_10_pr_50/m_12_n_20_seed_10.txt,10,50,12,20,10,2100,16.131,,,,,
dataset_D2/tr_10_pr_50/m_12_n_20_seed_11.txt,10,50,12,20,11,1964,10.4542,,,,,
dataset_D2/tr_10_pr_50/m_12_n_20_seed_12.txt,10,50,12,20,12,2062,10.3204,,,,,
dataset_D2/tr_10_pr_50/m_12_n_20_seed_13.txt,10,50,12,20,13,2074,11.7127,,,,,
dataset_D2/tr_10_pr_50/m_12_n_20_seed_14.txt,10,50,12,20,14,2027,8.68297,,,,,
dataset_D2/tr_10_pr_50/m_12_n_20_seed_15.txt,10,50,12,20,15,2189,8.41058,,,,,
dataset_D2/tr_10_pr_50/m_12_n_20_seed_16.txt,10,50,12,20,16,2096,11.8844,,,,,
dataset_D2/tr_10_pr_50/m_12_n_20_seed_17.txt,10,50,12,20,17,2099,12.5163,,,,,
dataset_D2/tr_10_pr_50/m_12_n_20_seed_18.txt,10,50,12,20,18,2042,17.9638,,,,,
dataset_D2/tr_10_pr_50/m_12_n_20_seed_19.txt,10,50,12,20,19,2093,9.87943,,,,,
dataset_D2/tr_10_pr_50/m_12_n_20_seed_20.txt,10,50,12,20,20,2008,11.8812,,,,,
dataset_D2/tr_10_pr_50/m_12_n_20_seed_21.txt,10,50,12,20,21,2029,10.8765,,,,,
dataset_D2/tr_10_pr_50/m_12_n_20_seed_22.txt,10,50,12,20,22,1963,14.8988,,,,,
dataset_D2/tr_10_pr_50/m_12_n_20_seed_23.txt,10,50,12,20,23,1983,17.2285,,,,,
dataset_D2/tr_10_pr_50/m_12_n_20_seed_24.txt,10,50,12,20,24,2044,9.03832,,,,,
dataset_D2/tr_10_pr_50/m_12_n_20_seed_25.txt,10,50,12,20,25,2048,16.9565,,,,,
dataset_D2/tr_10_pr_50/m_12_n_20_seed_26.txt,10,50,12,20,26,1902,32.1508,,,,,
dataset_D2/tr_10_pr_50/m_12_n_20_seed_27.txt,10,50,12,20,27,2145,8.64525,,,,,
dataset_D2/tr_10_pr_50/m_12_n_20_seed_28.txt,10,50,12,20,28,1921,18.6715,,,,,
dataset_D2/tr_10_pr_50/m_12_n_20_seed_29.txt,10,50,12,20,29,2035,12.268,,,,,
dataset_D2/tr_10_pr_50/m_12_n_20_seed_30.txt,10,50,12,20,30,2107,14.3075,,,,,
dataset_D2/tr_10_pr_50/m_12_n_20_seed_31.txt,10,50,12,20,31,2161,12.4812,,,,,
dataset_D2/tr_10_pr_50/m_12_n_20_seed_32.txt,10,50,12,20,32,2054,8.77577,,,,,
dataset_D2/tr_10_pr_50/m_12_n_20_seed_33.txt,10,50,12,20,33,1986,8.13811,,,,,
dataset_D2/tr_10_pr_50/m_12_n_20_seed_34.txt,10,50,12,20,34,2177,10.5826,,,,,
dataset_D2/tr_10_pr_50/m_12_n_20_seed_35.txt,10,50,12,20,35,1921,17.4792,,,,,
dataset_D2/tr_10_pr_50/m_12_n_20_seed_36.txt,10,50,12,20,36,1994,11.6531,,,,,
dataset_D2/tr_10_pr_50/m_12_n_20_seed_37.txt,10,50,12,20,37,2114,10.9327,,,,,
dataset_D2/tr_10_pr_50/m_12_n_20_seed_38.txt,10,50,12,20,38,2110,8.22816,,,,,
dataset_D2/tr_10_pr_50/m_12_n_20_seed_39.txt,10,50,12,20,39,2108,13.001,,,,,
dataset_D2/tr_10_pr_50/m_12_n_20_seed_40.txt,10,50,12,20,40,2168,10.9331,,,,,
dataset_D2/tr_10_pr_50/m_12_n_20_seed_41.txt,10,50,12,20,41,2212,13.4283,,,,,
dataset_D2/tr_10_pr_50/m_12_n_20_seed_42.txt,10,50,12,20,42,2095,7.7488,,,,,
dataset_D2/tr_10_pr_50/m_12_n_20_seed_43.txt,10,50,12,20,43,2168,7.5612,,,,,
dataset_D2/tr_10_pr_50/m_12_n_20_seed_44.txt,10,50,12,20,44,2011,17.7172,,,,,
dataset_D2/tr_10_pr_50/m_12_n_20_seed_45.txt,10,50,12,20,45,2086,7.99093,,,,,
dataset_D2/tr_10_pr_50/m_12_n_20_seed_46.txt,10,50,12,20,46,2064,16.6782,,,,,
dataset_D2/tr_10_pr_50/m_12_n_20_seed_47.txt,10,50,12,20,47,2145,8.22382,,,,,
dataset_D2/tr_10_pr_50/m_12_n_20_seed_48.txt,10,50,12,20,48,2186,7.56014,,,,,
dataset_D2/tr_10_pr_50/m_12_n_20_seed_49.txt,10,50,12,20,49,2069,9.05776,,,,,
dataset_D2/tr_10_pr_50/m_12_n_30_seed_00.txt,10,50,12,30,0,3179,17.9608,,,,,
dataset_D2/tr_10_pr_50/m_12_n_30_seed_01.txt,10,50,12,30,1,3041,19.4703,,,,,
dataset_D2/tr_10_pr_50/m_12_n_30_seed_02.txt,10,50,12,30,2,3059,18.4662,,,,,
dataset_D2/tr_10_pr_50/m_12_n_30_seed_03.txt,10,50,12,30,3,2987,24.6023,,,,,
dataset_D2/tr_10_pr_50/m_12_n_30_seed_04.txt,10,50,12,30,4,2970,24.014,,,,,
dataset_D2/tr_10_pr_50/m_12_n_30_seed_05.txt,10,50,12,30,5,2939,26.6029,,,,,
dataset_D2/tr_10_pr_50/m_12_n_30_seed_06.txt,10,50,12,30,6,3021,15.4438,,,,,
dataset_D2/tr_10_pr_50/m_12_n_30_seed_07.txt,10,50,12,30,7,2929,27.4054,,,,,
dataset_D2/tr_10_pr_50/m_12_n_30_seed_08.txt,10,50,12,30,8,2797,32.3843,,,,,
dataset_D2/tr_10_pr_50/m_12_n_30_seed_09.txt,10,50,12,30,9,2963,22.8575,,,,,
dataset_D2/tr_10_pr_50/m_12_n_30_seed_10.txt,10,50,12,30,10,2931,35.1568,,,,,
dataset_D2/tr_10_pr_50/m_12_n_30_seed_11.txt,10,50,12,30,11,2997,22.6078,,,,,
dataset_D2/tr_10_pr_50/m_12_n_30_seed_12.txt,10,50,12,30,12,3128,13.3609,,,,,
dataset_D2/tr_10_pr_50/m_12_n_30_seed_13.txt,10,50,12,30,13,2739,38.7604,,,,,
dataset_D2/tr_10_pr_50/m_12_n_30_seed_14.txt,10,50,12,30,14,3131,15.8092,,,,,
dataset_D2/tr_10_pr_50/m_12_n_30_seed_15.txt,10,50,12,30,15,2966,23.6992,,,,,
dataset_D2/tr_10_pr_50/m_12_n_30_seed_16.txt,10,50,12,30,16,3160,21.6196,,,,,
dataset_D2/tr_10_pr_50/m_12_n_30_seed_17.txt,10,50,12,30,17,3108,19.5258,,,,,
dataset_D2/tr_10_pr_50/m_12_n_30_seed_18.txt,10,50,12,30,18,3160,15.1537,,,,,
dataset_D2/tr_10_pr_50/m_12_n_30_seed_19.txt,10,50,12,30,19,2902,24.0214,,,,,
dataset_D2/tr_10_pr_50/m_12_n_30_seed_20.txt,10,50,12,30,20,3219,17.7656,,,,,
dataset_D2/tr_10_pr_50/m_12_n_30_seed_21.txt,10,50,12,30,21,3013,16.3099,,,,,
dataset_D2/tr_10_pr_50/m_12_n_30_seed_22.txt,10,50,12,30,22,2913,28.8579,,,,,
dataset_D2/tr_10_pr_50/m_12_n_30_seed_23.txt,10,50,12,30,23,3042,16.4662,,,,,
dataset_D2/tr_10_pr_50/m_12_n_30_seed_24.txt,10,50,12,30,24,2873,18.7631,,,,,
dataset_D2/tr_10_pr_50/m_12_n_30_seed_25.txt,10,50,12,30,25,3029,17.5971,,,,,
dataset_D2/tr_10_pr_50/m_12_n_30_seed_26.txt,10,50,12,30,26,2901,19.7593,,,,,
dataset_D2/tr_10_pr_50/m_12_n_30_seed_27.txt,10,50,12,30,27,2992,12.9804,,,,,
dataset_D2/tr_10_pr_50/m_12_n_30_seed_28.txt,10,50,12,30,28,3015,26.6224,,,,,
dataset_D2/tr_10_pr_50/m_12_n_30_seed_29.txt,10,50,12,30,29,2962,20.9977,,,,,
dataset_D2/tr_10_pr_50/m_12_n_30_seed_30.txt,10,50,12,30,30,2886,30.8761,,,,,
dataset_D2/tr_10_pr_50/m_12_n_30_seed_31.txt,10,50,12,30,31,3004,21.0023,,,,,
dataset_D2/tr_10_pr_50/m_12_n_30_seed_32.txt,10,50,12,30,32,2974,16.5735,,,,,
dataset_D2/tr_10_pr_50/m_12_n_30_seed_33.txt,10,50,12,30,33,3098,20.9778,,,,,
dataset_D2/tr_10_pr_50/m_12_n_30_seed_34.txt,10,50,12,30,34,3034,19.8555,,,,,
dataset_D2/tr_10_pr_50/m_12_n_30_seed_35.txt,10,50,12,30,35,3020,24.3598,,,,,
dataset_D2/tr_10_pr_50/m_12_n_30_seed_36.txt,10,50,12,30,36,2913,18.8823,,,,,
dataset_D2/tr_10_pr_50/m_12_n_30_seed_37.txt,10,50,12,30,37,2966,24.4384,,,,,
dataset_D2/tr_10_pr_50/m_12_n_30_seed_38.txt,10,50,12,30,38,3014,21.6605,,,,,
dataset_D2/tr_10_pr_50/m_12_n_30_seed_39.txt,10,50,12,30,39,2899,23.8749,,,,,
dataset_D2/tr_10_pr_50/m_12_n_30_seed_40.txt,10,50,12,30,40,3115,21.35,,,,,
dataset_D2/tr_10_pr_50/m_12_n_30_seed_41.txt,10,50,12,30,41,2923,20.4355,,,,,
dataset_D2/tr_10_pr_50/m_12_n_30_seed_42.txt,10,50,12,30,42,3081,16.6059,,,,,
dataset_D2/tr_10_pr_50/m_12_n_30_seed_43.txt,10,50,12,30,43,2941,38.5119,,,,,
dataset_D2/tr_10_pr_50/m_12_n_30_seed_44.txt,10,50,12,30,44,3182,16.5973,,,,,
dataset_D2/tr_10_pr_50/m_12_n_30_seed_45.txt,10,50,12,30,45,3130,17.1079,,,,,
dataset_D2/tr_10_pr_50/m_12_n_30_seed_46.txt,10,50,12,30,46,3096,17.3665,,,,,
dataset_D2/tr_10_pr_50/m_12_n_30_seed_47.txt,10,50,12,30,47,2814,28.7039,,,,,
dataset_D2/tr_10_pr_50/m_12_n_30_seed_48.txt,10,50,12,30,48,2892,36.5631,,,,,
dataset_D2/tr_10_pr_50/m_12_n_30_seed_49.txt,10,50,12,30,49,3217,24.9767,,,,,
dataset_D2/tr_10_pr_60/m_12_n_10_seed_00.txt,10,60,12,10,0,1280,5.33923,,,,,
dataset_D2/tr_10_pr_60/m_12_n_10_seed_01.txt,10,60,12,10,1,1255,4.89202,,,,,
dataset_D2/tr_10_pr_60/m_12_n_10_seed_02.txt,10,60,12,10,2,1181,9.78939,,,,,
dataset_D2/tr_10_pr_60/m_12_n_10_seed_03.txt,10,60,12,10,3,1158,8.29421,,,,,
dataset_D2/tr_10_pr_60/m_12_n_10_seed_04.txt,10,60,12,10,4,1209,6.3734,,,,,
dataset_D2/tr_10_pr_60/m_12_n_10_seed_05.txt,10,60,12,10,5,1303,9.61611,,,,,
dataset_D2/tr_10_pr_60/m_12_n_10_seed_06.txt,10,60,12,10,6,1166,12.411,,,,,
dataset_D2/tr_10_pr_60/m_12_n_10_seed_07.txt,10,60,12,10,7,1197,10.8808,,,,,
dataset_D2/tr_10_pr_60/m_12_n_10_seed_08.txt,10,60,12,10,8,1211,28.1986,,,,,
dataset_D2/tr_10_pr_60/m_12_n_10_seed_09.txt,10,60,12,10,9,1191,8.41834,,,,,
dataset_D2/tr_10_pr_60/m_12_n_10_seed_10.txt,10,60,12,10,10,1282,6.7042,,,,,
dataset_D2/tr_10_pr_60/m_12_n_10_seed_11.txt,10,60,12,10,11,1229,7.93905,,,,,
dataset_D2/tr_10_pr_60/m_12_n_10_seed_12.txt,10,60,12,10,12,1212,9.34356,,,,,
dataset_D2/tr_10_pr_60/m_12_n_10_seed_13.txt,10,60,12,10,13,1235,16.398,,,,,
dataset_D2/tr_10_pr_60/m_12_n_10_seed_14.txt,10,60,12,10,14,1316,8.40917,,,,,
dataset_D2/tr_10_pr_60/m_12_n_10_seed_15.txt,10,60,12,10,15,1186,10.0617,,,,,
dataset_D2/tr_10_pr_60/m_12_n_10_seed_16.txt,10,60,12,10,16,1205,14.6008,,,,,
dataset_D2/tr_10_pr_60/m_12_n_10_seed_17.txt,10,60,12,10,17,1286,4.68371,,,,,
dataset_D2/tr_10_pr_60/m_12_n_10_seed_18.txt,10,60,12,10,18,1199,3.8454,,,,,
dataset_D2/tr_10_pr_60/m_12_n_10_seed_19.txt,10,60,12,10,19,1218,4.26637,,,,,
dataset_D2/tr_10_pr_60/m_12_n_10_seed_20.txt,10,60,12,10,20,1045,14.3452,,,,,
dataset_D2/tr_10_pr_60/m_12_n_10_seed_21.txt,10,60,12,10,21,1252,2.89252,,,,,
dataset_D2/tr_10_pr_60/m_12_n_10_seed_22.txt,10,60,12,10,22,1192,6.48541,,,,,
dataset_D2/tr_10_pr_60/m_12_n_10_seed_23.txt,10,60,12,10,23,1234,4.04593,,,,,
dataset_D2/tr_10_pr_60/m_12_n_10_seed_24.txt,10,60,12,10,24,1231,5.383,,,,,
dataset_D2/tr_10_pr_60/m_12_n_10_seed_25.txt,10,60,12,10,25,1154,7.59209,,,,,
dataset_D2/tr_10_pr_60/m_12_n_10_seed_26.txt,10,60,12,10,26,1145,13.3353,,,,,
dataset_D2/tr_10_pr_60/m_12_n_10_seed_27.txt,10,60,12,10,27,1230,7.17536,,,,,
dataset_D2/tr_10_pr_60/m_12_n_10_seed_28.txt,10,60,12,10,28,1272,15.9239,,,,,
dataset_D2/tr_10_pr_60/m_12_n_10_seed_29.txt,10,60,12,10,29,1189,10.8072,,,,,
dataset_D2/tr_10_pr_60/m_12_n_10_seed_30.txt,10,60,12,10,30,1237,9.63847,,,,,
dataset_D2/tr_10_pr_60/m_12_n_10_seed_31.txt,10,60,12,10,31,1148,5.25295,,,,,
dataset_D2/tr_10_pr_60/m_12_n_10_seed_32.txt,10,60,12,10,32,1198,7.26712,,,,,
dataset_D2/tr_10_pr_60/m_12_n_10_seed_33.txt,10,60,12,10,33,1307,7.7065,,,,,
dataset_D2/tr_10_pr_60/m_12_n_10_seed_34.txt,10,60,12,10,34,1188,6.18927,,,,,
dataset_D2/tr_10_pr_60/m_12_n_10_seed_35.txt,10,60,12,10,35,1251,8.97419,,,,,
dataset_D2/tr_10_pr_60/m_12_n_10_seed_36.txt,10,60,12,10,36,1228,6.93017,,,,,
dataset_D2/tr_10_pr_60/m_12_n_10_seed_37.txt,10,60,12,10,37,1149,5.17153,,,,,
dataset_D2/tr_10_pr_60/m_12_n_10_seed_38.txt,10,60,12,10,38,1189,2.35118,,,,,
dataset_D2/tr_10_pr_60/m_12_n_10_seed_39.txt,10,60,12,10,39,1235,9.24871,,,,,
dataset_D2/tr_10_pr_60/m_12_n_10_seed_40.txt,10,60,12,10,40,1187,13.7913,,,,,
dataset_D2/tr_10_pr_60/m_12_n_10_seed_41.txt,10,60,12,10,41,1237,6.98063,,,,,
dataset_D2/tr_10_pr_60/m_12_n_10_seed_42.txt,10,60,12,10,42,1254,9.64871,,,,,
dataset_D2/tr_10_pr_60/m_12_n_10_seed_43.txt,10,60,12,10,43,1201,11.2674,,,,,
dataset_D2/tr_10_pr_60/m_12_n_10_seed_44.txt,10,60,12,10,44,1218,6.93183,,,,,
dataset_D2/tr_10_pr_60/m_12_n_10_seed_45.txt,10,60,12,10,45,1217,8.18044,,,,,
dataset_D2/tr_10_pr_60/m_12_n_10_seed_46.txt,10,60,12,10,46,1202,11.6941,,,,,
dataset_D2/tr_10_pr_60/m_12_n_10_seed_47.txt,10,60,12,10,47,1169,9.84775,,,,,
dataset_D2/tr_10_pr_60/m_12_n_10_seed_48.txt,10,60,12,10,48,1199,7.16194,,,,,
dataset_D2/tr_10_pr_60/m_12_n_10_seed_49.txt,10,60,12,10,49,1259,6.29057,,,,,
dataset_D2/tr_10_pr_60/m_12_n_20_seed_00.txt,10,60,12,20,0,2222,39.8552,,,,,
dataset_D2/tr_10_pr_60/m_12_n_20_seed_01.txt,10,60,12,20,1,2374,21.2809,,,,,
dataset_D2/tr_10_pr_60/m_12_n_20_seed_02.txt,10,60,12,20,2,2087,26.9363,,,,,
dataset_D2/tr_10_pr_60/m_12_n_20_seed_03.txt,10,60,12,20,3,2108,27.1988,,,,,
dataset_D2/tr_10_pr_60/m_12_n_20_seed_04.txt,10,60,12,20,4,2203,35.636,,,,,
dataset_D2/tr_10_pr_60/m_12_n_20_seed_05.txt,10,60,12,20,5,2287,26.0361,,,,,
dataset_D2/tr_10_pr_60/m_12_n_20_seed_06.txt,10,60,12,20,6,2284,22.6155,,,,,
dataset_D2/tr_10_pr_60/m_12_n_20_seed_07.txt,10,60,12,20,7,2190,34.418,,,,,
dataset_D2/tr_10_pr_60/m_12_n_20_seed_08.txt,10,60,12,20,8,2215,36.1967,,,,,
dataset_D2/tr_10_pr_60/m_12_n_20_seed_09.txt,10,60,12,20,9,2097,48.6034,,,,,
dataset_D2/tr_10_pr_60/m_12_n_20_seed_10.txt,10,60,12,20,10,2108,43.1985,,,,,
dataset_D2/tr_10_pr_60/m_12_n_20_seed_11.txt,10,60,12,20,11,2264,60.8828,,,,,
dataset_D2/tr_10_pr_60/m_12_n_20_seed_12.txt,10,60,12,20,12,2098,23.9417,,,,,
dataset_D2/tr_10_pr_60/m_12_n_20_seed_13.txt,10,60,12,20,13,2052,48.6224,,,,,
dataset_D2/tr_10_pr_60/m_12_n_20_seed_14.txt,10,60,12,20,14,2309,20.2911,,,,,
dataset_D2/tr_10_pr_60/m_12_n_20_seed_15.txt,10,60,12,20,15,2277,40.7694,,,,,
dataset_D2/tr_10_pr_60/m_12_n_20_seed_16.txt,10,60,12,20,16,2152,41.1283,,,,,
dataset_D2/tr_10_pr_60/m_12_n_20_seed_17.txt,10,60,12,20,17,2051,119.621,,,,,
dataset_D2/tr_10_pr_60/m_12_n_20_seed_18.txt,10,60,12,20,18,2249,75.2742,,,,,
dataset_D2/tr_10_pr_60/m_12_n_20_seed_19.txt,10,60,12,20,19,2121,67.84,,,,,
dataset_D2/tr_10_pr_60/m_12_n_20_seed_20.txt,10,60,12,20,20,2320,26.7695,,,,,
dataset_D2/tr_10_pr_60/m_12_n_20_seed_21.txt,10,60,12,20,21,2322,28.5282,,,,,
dataset_D2/tr_10_pr_60/m_12_n_20_seed_22.txt,10,60,12,20,22,2055,74.0587,,,,,
dataset_D2/tr_10_pr_60/m_12_n_20_seed_23.txt,10,60,12,20,23,2175,28.3579,,,,,
dataset_D2/tr_10_pr_60/m_12_n_20_seed_24.txt,10,60,12,20,24,2169,29.9215,,,,,
dataset_D2/tr_10_pr_60/m_12_n_20_seed_25.txt,10,60,12,20,25,2197,29.8904,,,,,
dataset_D2/tr_10_pr_60/m_12_n_20_seed_26.txt,10,60,12,20,26,2232,25.721,,,,,
dataset_D2/tr_10_pr_60/m_12_n_20_seed_27.txt,10,60,12,20,27,2348,22.0263,,,,,
dataset_D2/tr_10_pr_60/m_12_n_20_seed_28.txt,10,60,12,20,28,2386,18.6412,,,,,
dataset_D2/tr_10_pr_60/m_12_n_20_seed_29.txt,10,60,12,20,29,2147,29.9748,,,,,
dataset_D2/tr_10_pr_60/m_12_n_20_seed_30.txt,10,60,12,20,30,2180,70.8559,,,,,
dataset_D2/tr_10_pr_60/m_12_n_20_seed_31.txt,10,60,12,20,31,2067,47.221,,,,,
dataset_D2/tr_10_pr_60/m_12_n_20_seed_32.txt,10,60,12,20,32,2070,30.7693,,,,,
dataset_D2/tr_10_pr_60/m_12_n_20_seed_33.txt,10,60,12,20,33,2394,20.8498,,,,,
dataset_D2/tr_10_pr_60/m_12_n_20_seed_34.txt,10,60,12,20,34,2081,36.0527,,,,,
dataset_D2/tr_10_pr_60/m_12_n_20_seed_35.txt,10,60,12,20,35,2234,16.1734,,,,,
dataset_D2/tr_10_pr_60/m_12_n_20_seed_36.txt,10,60,12,20,36,2132,39.9921,,,,,
dataset_D2/tr_10_pr_60/m_12_n_20_seed_37.txt,10,60,12,20,37,2216,23.0723,,,,,
dataset_D2/tr_10_pr_60/m_12_n_20_seed_38.txt,10,60,12,20,38,2204,23.4098,,,,,
dataset_D2/tr_10_pr_60/m_12_n_20_seed_39.txt,10,60,12,20,39,2313,30.4692,,,,,
dataset_D2/tr_10_pr_60/m_12_n_20_seed_40.txt,10,60,12,20,40,2266,16.1947,,,,,
dataset_D2/tr_10_pr_60/m_12_n_20_seed_41.txt,10,60,12,20,41,2231,35.6776,,,,,
dataset_D2/tr_10_pr_60/m_12_n_20_seed_42.txt,10,60,12,20,42,2284,19.7113,,,,,
dataset_D2/tr_10_pr_60/m_12_n_20_seed_43.txt,10,60,12,20,43,2143,24.3124,,,,,
dataset_D2/tr_10_pr_60/m_12_n_20_seed_44.txt,10,60,12,20,44,2108,35.1115,,,,,
dataset_D2/tr_10_pr_60/m_12_n_20_seed_45.txt,10,60,12,20,45,2183,23.6503,,,,,
dataset_D2/tr_10_pr_60/m_12_n_20_seed_46.txt,10,60,12,20,46,2139,35.2296,,,,,
dataset_D2/tr_10_pr_60/m_12_n_20_seed_47.txt,10,60,12,20,47,2308,35.633,,,,,
dataset_D2/tr_10_pr_60/m_12_n_20_seed_48.txt,10,60,12,20,48,2286,43.8571,,,,,
dataset_D2/tr_10_pr_60/m_12_n_20_seed_49.txt,10,60,12,20,49,2164,20.8814,,,,,
dataset_D2/tr_10_pr_60/m_12_n_30_seed_00.txt,10,60,12,30,0,3197,50.9873,,,,,
dataset_D2/tr_10_pr_60/m_12_n_30_seed_01.txt,10,60,12,30,1,3128,61.0074,,,,,
dataset_D2/tr_10_pr_60/m_12_n_30_seed_02.txt,10,60,12,30,2,3160,48.8792,,,,,
dataset_D2/tr_10_pr_60/m_12_n_30_seed_03.txt,10,60,12,30,3,3332,40.3169,,,,,
dataset_D2/tr_10_pr_60/m_12_n_30_seed_04.txt,10,60,12,30,4,3065,67.4443,,,,,
dataset_D2/tr_10_pr_60/m_12_n_30_seed_05.txt,10,60,12,30,5,3172,56.6348,,,,,
dataset_D2/tr_10_pr_60/m_12_n_30_seed_06.txt,10,60,12,30,6,3097,106.501,,,,,
dataset_D2/tr_10_pr_60/m_12_n_30_seed_07.txt,10,60,12,30,7,3125,67.8446,,,,,
dataset_D2/tr_10_pr_60/m_12_n_30_seed_08.txt,10,60,12,30,8,3168,46.2694,,,,,
dataset_D2/tr_10_pr_60/m_12_n_30_seed_09.txt,10,60,12,30,9,3197,86.7109,,,,,
dataset_D2/tr_10_pr_60/m_12_n_30_seed_10.txt,10,60,12,30,10,3315,39.5547,,,,,
dataset_D2/tr_10_pr_60/m_12_n_30_seed_11.txt,10,60,12,30,11,3124,75.4679,,,,,
dataset_D2/tr_10_pr_60/m_12_n_30_seed_12.txt,10,60,12,30,12,3232,37.2108,,,,,
dataset_D2/tr_10_pr_60/m_12_n_30_seed_13.txt,10,60,12,30,13,3143,77.7883,,,,,
dataset_D2/tr_10_pr_60/m_12_n_30_seed_14.txt,10,60,12,30,14,3102,96.3929,,,,,
dataset_D2/tr_10_pr_60/m_12_n_30_seed_15.txt,10,60,12,30,15,3074,45.6914,,,,,
dataset_D2/tr_10_pr_60/m_12_n_30_seed_16.txt,10,60,12,30,16,3306,32.4648,,,,,
dataset_D2/tr_10_pr_60/m_12_n_30_seed_17.txt,10,60,12,30,17,3185,38.6838,,,,,
dataset_D2/tr_10_pr_60/m_12_n_30_seed_18.txt,10,60,12,30,18,3292,34.0705,,,,,
dataset_D2/tr_10_pr_60/m_12_n_30_seed_19.txt,10,60,12,30,19,3193,55.0756,,,,,
dataset_D2/tr_10_pr_60/m_12_n_30_seed_20.txt,10,60,12,30,20,3116,77.7003,,,,,
dataset_D2/tr_10_pr_60/m_12_n_30_seed_21.txt,10,60,12,30,21,3343,35.4999,,,,,
dataset_D2/tr_10_pr_60/m_12_n_30_seed_22.txt,10,60,12,30,22,3127,53.2408,,,,,
dataset_D2/tr_10_pr_60/m_12_n_30_seed_23.txt,10,60,12,30,23,3120,66.9285,,,,,
dataset_D2/tr_10_pr_60/m_12_n_30_seed_24.txt,10,60,12,30,24,3203,57.6337,,,,,
dataset_D2/tr_10_pr_60/m_12_n_30_seed_25.txt,10,60,12,30,25,3253,58.8366,,,,,
dataset_D2/tr_10_pr_60/m_12_n_30_seed_26.txt,10,60,12,30,26,3233,51.4884,,,,,
dataset_D2/tr_10_pr_60/m_12_n_30_seed_27.txt,10,60,12,30,27,3241,42.7339,,,,,
dataset_D2/tr_10_pr_60/m_12_n_30_seed_28.txt,10,60,12,30,28,3300,37.0671,,,,,
dataset_D2/tr_10_pr_60/m_12_n_30_seed_29.txt,10,60,12,30,29,3179,50.9649,,,,,
dataset_D2/tr_10_pr_60/m_12_n_30_seed_30.txt,10,60,12,30,30,3059,64.1654,,,,,
dataset_D2/tr_10_pr_60/m_12_n_30_seed_31.txt,10,60,12,30,31,3047,99.3849,,,,,
dataset_D2/tr_10_pr_60/m_12_n_30_seed_32.txt,10,60,12,30,32,3194,39.8508,,,,,
dataset_D2/tr_10_pr_60/m_12_n_30_seed_33.txt,10,60,12,30,33,3125,59.5587,,,,,
dataset_D2/tr_10_pr_60/m_12_n_30_seed_34.txt,10,60,12,30,34,3357,38.016,,,,,
dataset_D2/tr_10_pr_60/m_12_n_30_seed_35.txt,10,60,12,30,35,2958,154.314,,,,,
dataset_D2/tr_10_pr_60/m_12_n_30_seed_36.txt,10,60,12,30,36,3204,51.5859,,,,,
dataset_D2/tr_10_pr_60/m_12_n_30_seed_37.txt,10,60,12,30,37,3155,80.5225,,,,,
dataset_D2/tr_10_pr_60/m_12_n_30_seed_38.txt,10,60,12,30,38,3316,35.6276,,,,,
dataset_D2/tr_10_pr_60/m_12_n_30_seed_39.txt,10,60,12,30,39,3187,43.9385,,,,,
dataset_D2/tr_10_pr_60/m_12_n_30_seed_40.txt,10,60,12,30,40,3037,58.5206,,,,,
dataset_D2/tr_10_pr_60/m_12_n_30_seed_41.txt,10,60,12,30,41,3043,49.8667,,,,,
dataset_D2/tr_10_pr_60/m_12_n_30_seed_42.txt,10,60,12,30,42,3052,83.2039,,,,,
dataset_D2/tr_10_pr_60/m_12_n_30_seed_43.txt,10,60,12,30,43,2944,59.63,,,,,
dataset_D2/tr_10_pr_60/m_12_n_30_seed_44.txt,10,60,12,30,44,3087,82.1907,,,,,
dataset_D2/tr_10_pr_60/m_12_n_30_seed_45.txt,10,60,12,30,45,2925,208.663,,,,,
dataset_D2/tr_10_pr_60/m_12_n_30_seed_46.txt,10,60,12,30,46,3070,47.304,,,,,
dataset_D2/tr_10_pr_60/m_12_n_30_seed_47.txt,10,60,12,30,47,3008,201.829,,,,,
dataset_D2/tr_10_pr_60/m_12_n_30_seed_48.txt,10,60,12,30,48,3097,50.3359,,,,,
dataset_D2/tr_10_pr_60/m_12_n_30_seed_49.txt,10,60,12,30,49,3185,50.7974,,,,,
dataset_D2/tr_25_pr_100/m_12_n_10_seed_00.txt,25,100,12,10,0,2239,3.57183,,,,,
dataset_D2/tr_25_pr_100/m_12_n_10_seed_01.txt,25,100,12,10,1,2038,4.51388,,,,,
dataset_D2/tr_25_pr_100/m_12_n_10_seed_02.txt,25,100,12,10,2,2312,1.69998,,,,,
dataset_D2/tr_25_pr_100/m_12_n_10_seed_03.txt,25,100,12,10,3,2323,4.28586,,,,,
dataset_D2/tr_25_pr_100/m_12_n_10_seed_04.txt,25,100,12,10,4,2191,2.55156,,,,,
dataset_D2/tr_25_pr_100/m_12_n_10_seed_05.txt,25,100,12,10,5,2465,2.72237,,,,,
dataset_D2/tr_25_pr_100/m_12_n_10_seed_06.txt,25,100,12,10,6,2178,3.99985,,,,,
dataset_D2/tr_25_pr_100/m_12_n_10_seed_07.txt,25,100,12,10,7,2158,4.42337,,,,,
dataset_D2/tr_25_pr_100/m_12_n_10_seed_08.txt,25,100,12,10,8,2230,4.32215,,,,,
dataset_D2/tr_25_pr_100/m_12_n_10_seed_09.txt,25,100,12,10,9,2271,2.77697,,,,,
dataset_D2/tr_25_pr_100/m_12_n_10_seed_10.txt,25,100,12,10,10,2195,14.9116,,,,,
dataset_D2/tr_25_pr_100/m_12_n_10_seed_11.txt,25,100,12,10,11,2288,2.82945,,,,,
dataset_D2/tr_25_pr_100/m_12_n_10_seed_12.txt,25,100,12,10,12,2270,4.55889,,,,,
dataset_D2/tr_25_pr_100/m_12_n_10_seed_13.txt,25,100,12,10,13,2383,2.18437,,,,,
dataset_D2/tr_25_pr_100/m_12_n_10_seed_14.txt,25,100,12,10,14,2294,4.46782,,,,,
dataset_D2/tr_25_pr_100/m_12_n_10_seed_15.txt,25,100,12,10,15,2363,2.92704,,,,,
dataset_D2/tr_25_pr_100/m_12_n_10_seed_16.txt,25,100,12,10,16,2316,2.58678,,,,,
dataset_D2/tr_25_pr_100/m_12_n_10_seed_17.txt,25,100,12,10,17,2134,3.26093,,,,,
dataset_D2/tr_25_pr_100/m_12_n_10_seed_18.txt,25,100,12,10,18,2309,4.87727,,,,,
dataset_D2/tr_25_pr_100/m_12_n_10_seed_19.txt,25,100,12,10,19,2317,2.61247,,,,,
dataset_D2/tr_25_pr_100/m_12_n_10_seed_20.txt,25,100,12,10,20,2199,3.94949,,,,,
dataset_D2/tr_25_pr_100/m_12_n_10_seed_21.txt,25,100,12,10,21,2280,2.09134,,,,,
dataset_D2/tr_25_pr_100/m_12_n_10_seed_22.txt,25,100,12,10,22,2242,3.76564,,,,,
dataset_D2/tr_25_pr_100/m_12_n_10_seed_23.txt,25,100,12,10,23,2334,3.84083,,,,,
dataset_D2/tr_25_pr_100/m_12_n_10_seed_24.txt,25,100,12,10,24,2129,7.01069,,,,,
dataset_D2/tr_25_pr_100/m_12_n_10_seed_25.txt,25,100,12,10,25,2181,9.69076,,,,,
dataset_D2/tr_25_pr_100/m_12_n_10_seed_26.txt,25,100,12,10,26,2144,3.72304,,,,,
dataset_D2/tr_25_pr_100/m_12_n_10_seed_27.txt,25,100,12,10,27,2275,4.86935,,,,,
dataset_D2/tr_25_pr_100/m_12_n_10_seed_28.txt,25,100,12,10,28,2174,3.34405,,,,,
dataset_D2/tr_25_pr_100/m_12_n_10_seed_29.txt,25,100,12,10,29,2414,2.71833,,,,,
dataset_D2/tr_25_pr_100/m_12_n_10_seed_30.txt,25,100,12,10,30,2292,3.1939,,,,,
dataset_D2/tr_25_pr_100/m_12_n_10_seed_31.txt,25,100,12,10,31,2057,4.29928,,,,,
dataset_D2/tr_25_pr_100/m_12_n_10_seed_32.txt,25,100,12,10,32,2204,2.63943,,,,,
dataset_D2/tr_25_pr_100/m_12_n_10_seed_33.txt,25,100,12,10,33,2468,1.9488,,,,,
dataset_D2/tr_25_pr_100/m_12_n_10_seed_34.txt,25,100,12,10,34,2168,4.82789,,,,,
dataset_D2/tr_25_pr_100/m_12_n_10_seed_35.txt,25,100,12,10,35,2201,6.52464,,,,,
dataset_D2/tr_25_pr_100/m_12_n_10_seed_36.txt,25,100,12,10,36,2329,4.80453,,,,,
dataset_D2/tr_25_pr_100/m_12_n_10_seed_37.txt,25,100,12,10,37,2107,6.07836,,,,,
dataset_D2/tr_25_pr_100/m_12_n_10_seed_38.txt,25,100,12,10,38,2307,4.57471,,,,,
dataset_D2/tr_25_pr_100/m_12_n_10_seed_39.txt,25,100,12,10,39,2326,3.60045,,,,,
dataset_D2/tr_25_pr_100/m_12_n_10_seed_40.txt,25,100,12,10,40,2333,2.78819,,,,,
dataset_D2/tr_25_pr_100/m_12_n_10_seed_41.txt,25,100,12,10,41,2194,3.7026,,,,,
dataset_D2/tr_25_pr_100/m_12_n_10_seed_42.txt,25,100,12,10,42,2313,1.88427,,,,,
dataset_D2/tr_25_pr_100/m_12_n_10_seed_43.txt,25,100,12,10,43,2346,3.39512,,,,,
dataset_D2/tr_25_pr_100/m_12_n_10_seed_44.txt,25,100,12,10,44,2133,6.3335,,,,,
dataset_D2/tr_25_pr_100/m_12_n_10_seed_45.txt,25,100,12,10,45,2243,2.87881,,,,,
dataset_D2/tr_25_pr_100/m_12_n_10_seed_46.txt,25,100,12,10,46,2334,2.65556,,,,,
dataset_D2/tr_25_pr_100/m_12_n_10_seed_47.txt,25,100,12,10,47,2335,3.24334,,,,,
dataset_D2/tr_25_pr_100/m_12_n_10_seed_48.txt,25,100,12,10,48,2293,2.6068,,,,,
dataset_D2/tr_25_pr_100/m_12_n_10_seed_49.txt,25,100,12,10,49,2154,4.88387,,,,,
dataset_D2/tr_25_pr_100/m_12_n_20_seed_00.txt,25,100,12,20,0,4321,9.84263,,,,,
dataset_D2/tr_25_pr_100/m_12_n_20_seed_01.txt,25,100,12,20,1,4355,7.89266,,,,,
dataset_D2/tr_25_pr_100/m_12_n_20_seed_02.txt,25,100,12,20,2,4243,9.04225,,,,,
dataset_D2/tr_25_pr_100/m_12_n_20_seed_03.txt,25,100,12,20,3,4089,15.9199,,,,,
dataset_D2/tr_25_pr_100/m_12_n_20_seed_04.txt,25,100,12,20,4,3892,13.964,,,,,
dataset_D2/tr_25_pr_100/m_12_n_20_seed_05.txt,25,100,12,20,5,4014,10.8226,,,,,
dataset_D2/tr_25_pr_100/m_12_n_20_seed_06.txt,25,100,12,20,6,4295,5.6797,,,,,
dataset_D2/tr_25_pr_100/m_12_n_20_seed_07.txt,25,100,12,20,7,4237,9.99875,,,,,
dataset_D2/tr_25_pr_100/m_12_n_20_seed_08.txt,25,100,12,20,8,3932,14.915,,,,,
dataset_D2/tr_25_pr_100/m_12_n_20_seed_09.txt,25,100,12,20,9,4033,8.04622,,,,,
dataset_D2/tr_25_pr_100/m_12_n_20_seed_10.txt,25,100,12,20,10,4162,12.0997,,,,,
dataset_D2/tr_25_pr_100/m_12_n_20_seed_11.txt,25,100,12,20,11,4217,9.96869,,,,,
dataset_D2/tr_25_pr_100/m_12_n_20_seed_12.txt,25,100,12,20,12,4064,7.99718,,,,,
dataset_D2/tr_25_pr_100/m_12_n_20_seed_13.txt,25,100,12,20,13,4073,17.4347,,,,,
dataset_D2/tr_25_pr_100/m_12_n_20_seed_14.txt,25,100,12,20,14,4030,13.2763,,,,,
dataset_D2/tr_25_pr_100/m_12_n_20_seed_15.txt,25,100,12,20,15,4223,8.26717,,,,,
dataset_D2/tr_25_pr_100/m_12_n_20_seed_16.txt,25,100,12,20,16,4066,14.6446,,,,,
dataset_D2/tr_25_pr_100/m_12_n_20_seed_17.txt,25,100,12,20,17,4487,11.7816,,,,,
dataset_D2/tr_25_pr_100/m_12_n_20_seed_18.txt,25,100,12,20,18,4348,7.83197,,,,,
dataset_D2/tr_25_pr_100/m_12_n_20_seed_19.txt,25,100,12,20,19,3854,22.1409,,,,,
dataset_D2/tr_25_pr_100/m_12_n_20_seed_20.txt,25,100,12,20,20,4123,8.56616,,,,,
dataset_D2/tr_25_pr_100/m_12_n_20_seed_21.txt,25,100,12,20,21,4314,12.1687,,,,,
dataset_D2/tr_25_pr_100/m_12_n_20_seed_22.txt,25,100,12,20,22,3960,11.0652,,,,,
dataset_D2/tr_25_pr_100/m_12_n_20_seed_23.txt,25,100,12,20,23,4108,6.64455,,,,,
dataset_D2/tr_25_pr_100/m_12_n_20_seed_24.txt,25,100,12,20,24,4100,13.6615,,,,,
dataset_D2/tr_25_pr_100/m_12_n_20_seed_25.txt,25,100,12,20,25,4111,10.3426,,,,,
dataset_D2/tr_25_pr_100/m_12_n_20_seed_26.txt,25,100,12,20,26,3895,18.5669,,,,,
dataset_D2/tr_25_pr_100/m_12_n_20_seed_27.txt,25,100,12,20,27,4202,11.6155,,,,,
dataset_D2/tr_25_pr_100/m_12_n_20_seed_28.txt,25,100,12,20,28,4273,8.18665,,,,,
dataset_D2/tr_25_pr_100/m_12_n_20_seed_29.txt,25,100,12,20,29,4236,7.90883,,,,,
dataset_D2/tr_25_pr_100/m_12_n_20_seed_30.txt,25,100,12,20,30,4268,8.57219,,,,,
dataset_D2/tr_25_pr_100/m_12_n_20_seed_31.txt,25,100,12,20,31,4397,8.43398,,,,,
dataset_D2/tr_25_pr_100/m_12_n_20_seed_32.txt,25,100,12,20,32,4094,11.7729,,,,,
dataset_D2/tr_25_pr_100/m_12_n_20_seed_33.txt,25,100,12,20,33,4228,9.24637,,,,,
dataset_D2/tr_25_pr_100/m_12_n_20_seed_34.txt,25,100,12,20,34,4082,12.1467,,,,,
dataset_D2/tr_25_pr_100/m_12_n_20_seed_35.txt,25,100,12,20,35,4165,18.3283,,,,,
dataset_D2/tr_25_pr_100/m_12_n_20_seed_36.txt,25,100,12,20,36,4103,10.9569,,,,,
dataset_D2/tr_25_pr_100/m_12_n_20_seed_37.txt,25,100,12,20,37,4003,18.1402,,,,,
dataset_D2/tr_25_pr_100/m_12_n_20_seed_38.txt,25,100,12,20,38,4006,11.7332,,,,,
dataset_D2/tr_25_pr_100/m_12_n_20_seed_39.txt,25,100,12,20,39,4235,8.82368,,,,,
dataset_D2/tr_25_pr_100/m_12_n_20_seed_40.txt,25,100,12,20,40,3638,20.3883,,,,,
dataset_D2/tr_25_pr_100/m_12_n_20_seed_41.txt,25,100,12,20,41,4112,9.20827,,,,,
dataset_D2/tr_25_pr_100/m_12_n_20_seed_42.txt,25,100,12,20,42,3888,10.0167,,,,,
dataset_D2/tr_25_pr_100/m_12_n_20_seed_43.txt,25,100,12,20,43,3810,21.9802,,,,,
dataset_D2/tr_25_pr_100/m_12_n_20_seed_44.txt,25,100,12,20,44,4176,7.85582,,,,,
dataset_D2/tr_25_pr_100/m_12_n_20_seed_45.txt,25,100,12,20,45,4178,19.5054,,,,,
dataset_D2/tr_25_pr_100/m_12_n_20_seed_46.txt,25,100,12,20,46,4106,26.4432,,,,,
dataset_D2/tr_25_pr_100/m_12_n_20_seed_47.txt,25,100,12,20,47,3788,16.7145,,,,,
dataset_D2/tr_25_pr_100/m_12_n_20_seed_48.txt,25,100,12,20,48,3869,15.3049,,,,,
dataset_D2/tr_25_pr_100/m_12_n_20_seed_49.txt,25,100,12,20,49,4185,8.75747,,,,,
dataset_D2/tr_25_pr_100/m_12_n_30_seed_00.txt,25,100,12,30,0,5568,39.5415,,,,,
dataset_D2/tr_25_pr_100/m_12_n_30_seed_01.txt,25,100,12,30,1,5827,15.6415,,,,,
dataset_D2/tr_25_pr_100/m_12_n_30_seed_02.txt,25,100,12,30,2,6008,20.0005,,,,,
dataset_D2/tr_25_pr_100/m_12_n_30_seed_03.txt,25,100,12,30,3,5819,20.2911,,,,,
dataset_D2/tr_25_pr_100/m_12_n_30_seed_04.txt,25,100,12,30,4,5940,23.8388,,,,,
dataset_D2/tr_25_pr_100/m_12_n_30_seed_05.txt,25,100,12,30,5,6250,14.7467,,,,,
dataset_D2/tr_25_pr_100/m_12_n_30_seed_06.txt,25,100,12,30,6,5890,15.5975,,,,,
dataset_D2/tr_25_pr_100/m_12_n_30_seed_07.txt,25,100,12,30,7,5872,16.27,,,,,
dataset_D2/tr_25_pr_100/m_12_n_30_seed_08.txt,25,100,12,30,8,6260,13.5291,,,,,
dataset_D2/tr_25_pr_100/m_12_n_30_seed_09.txt,25,100,12,30,9,5757,17.3412,,,,,
dataset_D2/tr_25_pr_100/m_12_n_30_seed_10.txt,25,100,12,30,10,5405,27.6526,,,,,
dataset_D2/tr_25_pr_100/m_12_n_30_seed_11.txt,25,100,12,30,11,5553,44.7447,,,,,
dataset_D2/tr_25_pr_100/m_12_n_30_seed_12.txt,25,100,12,30,12,5844,28.0162,,,,,
dataset_D2/tr_25_pr_100/m_12_n_30_seed_13.txt,25,100,12,30,13,6013,14.114,,,,,
dataset_D2/tr_25_pr_100/m_12_n_30_seed_14.txt,25,100,12,30,14,6237,20.1743,,,,,
dataset_D2/tr_25_pr_100/m_12_n_30_seed_15.txt,25,100,12,30,15,6201,16.0345,,,,,
dataset_D2/tr_25_pr_100/m_12_n_30_seed_16.txt,25,100,12,30,16,6063,16.3017,,,,,
dataset_D2/tr_25_pr_100/m_12_n_30_seed_17.txt,25,100,12,30,17,6034,14.039,,,,,
dataset_D2/tr_25_pr_100/m_12_n_30_seed_18.txt,25,100,12,30,18,5734,24.491,,,,,
dataset_D2/tr_25_pr_100/m_12_n_30_seed_19.txt,25,100,12,30,19,6271,12.0413,,,,,
dataset_D2/tr_25_pr_100/m_12_n_30_seed_20.txt,25,100,12,30,20,5564,24.675,,,,,
dataset_D2/tr_25_pr_100/m_12_n_30_seed_21.txt,25,100,12,30,21,5916,13.7257,,,,,
dataset_D2/tr_25_pr_100/m_12_n_30_seed_22.txt,25,100,12,30,22,5891,25.1659,,,,,
dataset_D2/tr_25_pr_100/m_12_n_30_seed_23.txt,25,100,12,30,23,5913,19.5538,,,,,
dataset_D2/tr_25_pr_100/m_12_n_30_seed_24.txt,25,100,12,30,24,6503,11.9196,,,,,
dataset_D2/tr_25_pr_100/m_12_n_30_seed_25.txt,25,100,12,30,25,6397,13.1059,,,,,
dataset_D2/tr_25_pr_100/m_12_n_30_seed_26.txt,25,100,12,30,26,6054,18.8573,,,,,
dataset_D2/tr_25_pr_100/m_12_n_30_seed_27.txt,25,100,12,30,27,6414,9.66712,,,,,
dataset_D2/tr_25_pr_100/m_12_n_30_seed_28.txt,25,100,12,30,28,6418,13.2941,,,,,
dataset_D2/tr_25_pr_100/m_12_n_30_seed_29.txt,25,100,12,30,29,5870,18.817,,,,,
dataset_D2/tr_25_pr_100/m_12_n_30_seed_30.txt,25,100,12,30,30,6508,15.0995,,,,,
dataset_D2/tr_25_pr_100/m_12_n_30_seed_31.txt,25,100,12,30,31,5952,17.0888,,,,,
dataset_D2/tr_25_pr_100/m_12_n_30_seed_32.txt,25,100,12,30,32,5697,29.1371,,,,,
dataset_D2/tr_25_pr_100/m_12_n_30_seed_33.txt,25,100,12,30,33,5999,27.8606,,,,,
dataset_D2/tr_25_pr_100/m_12_n_30_seed_34.txt,25,100,12,30,34,6016,13.3478,,,,,
dataset_D2/tr_25_pr_100/m_12_n_30_seed_35.txt,25,100,12,30,35,5986,15.6345,,,,,
dataset_D2/tr_25_pr_100/m_12_n_30_seed_36.txt,25,100,12,30,36,6123,19.6407,,,,,
dataset_D2/tr_25_pr_100/m_12_n_30_seed_37.txt,25,100,12,30,37,6227,16.3178,,,,,
dataset_D2/tr_25_pr_100/m_12_n_30_seed_38.txt,25,100,12,30,38,6391,11.0128,,,,,
dataset_D2/tr_25_pr_100/m_12_n_30_seed_39.txt,25,100,12,30,39,6300,21.8796,,,,,
dataset_D2/tr_25_pr_100/m_12_n_30_seed_40.txt,25,100,12,30,40,6139,15.4295,,,,,
dataset_D2/tr_25_pr_100/m_12_n_30_seed_41.txt,25,100,12,30,41,5673,18.6789,,,,,
dataset_D2/tr_25_pr_100/m_12_n_30_seed_42.txt,25,100,12,30,42,6192,28.6949,,,,,
dataset_D2/tr_25_pr_100/m_12_n_30_seed_43.txt,25,100,12,30,43,5977,16.8308,,,,,
dataset_D2/tr_25_pr_100/m_12_n_30_seed_44.txt,25,100,12,30,44,6047,21.7669,,,,,
dataset_D2/tr_25_pr_100/m_12_n_30_seed_45.txt,25,100,12,30,45,6077,26.2625,,,,,
dataset_D2/tr_25_pr_100/m_12_n_30_seed_46.txt,25,100,12,30,46,5647,29.7477,,,,,
dataset_D2/tr_25_pr_100/m_12_n_30_seed_47.txt,25,100,12,30,47,5835,35.9618,,,,,
dataset_D2/tr_25_pr_100/m_12_n_30_seed_48.txt,25,100,12,30,48,6118,13.305,,,,,
dataset_D2/tr_25_pr_100/m_12_n_30_seed_49.txt,25,100,12,30,49,5966,23.3297,,,,,
dataset_D2/tr_25_pr_125/m_12_n_10_seed_00.txt,25,125,12,10,0,2337,5.98965,,,,,
dataset_D2/tr_25_pr_125/m_12_n_10_seed_01.txt,25,125,12,10,1,2242,7.027,,,,,
dataset_D2/tr_25_pr_125/m_12_n_10_seed_02.txt,25,125,12,10,2,2629,9.67858,,,,,
dataset_D2/tr_25_pr_125/m_12_n_10_seed_03.txt,25,125,12,10,3,2566,12.6121,,,,,
dataset_D2/tr_25_pr_125/m_12_n_10_seed_04.txt,25,125,12,10,4,2532,5.1054,,,,,
dataset_D2/tr_25_pr_125/m_12_n_10_seed_05.txt,25,125,12,10,5,2609,4.92087,,,,,
dataset_D2/tr_25_pr_125/m_12_n_10_seed_06.txt,25,125,12,10,6,2658,8.97654,,,,,
dataset_D2/tr_25_pr_125/m_12_n_10_seed_07.txt,25,125,12,10,7,2698,3.26187,,,,,
dataset_D2/tr_25_pr_125/m_12_n_10_seed_08.txt,25,125,12,10,8,2287,24.6881,,,,,
dataset_D2/tr_25_pr_125/m_12_n_10_seed_09.txt,25,125,12,10,9,2319,11.3819,,,,,
dataset_D2/tr_25_pr_125/m_12_n_10_seed_10.txt,25,125,12,10,10,2452,8.95889,,,,,
dataset_D2/tr_25_pr_125/m_12_n_10_seed_11.txt,25,125,12,10,11,2580,3.78698,,,,,
dataset_D2/tr_25_pr_125/m_12_n_10_seed_12.txt,25,125,12,10,12,2350,11.7764,,,,,
dataset_D2/tr_25_pr_125/m_12_n_10_seed_13.txt,25,125,12,10,13,2384,11.9047,,,,,
dataset_D2/tr_25_pr_125/m_12_n_10_seed_14.txt,25,125,12,10,14,2389,13.6721,,,,,
dataset_D2/tr_25_pr_125/m_12_n_10_seed_15.txt,25,125,12,10,15,2464,7.30148,,,,,
dataset_D2/tr_25_pr_125/m_12_n_10_seed_16.txt,25,125,12,10,16,2462,9.46122,,,,,
dataset_D2/tr_25_pr_125/m_12_n_10_seed_17.txt,25,125,12,10,17,2529,5.15427,,,,,
dataset_D2/tr_25_pr_125/m_12_n_10_seed_18.txt,25,125,12,10,18,2501,23.3308,,,,,
dataset_D2/tr_25_pr_125/m_12_n_10_seed_19.txt,25,125,12,10,19,2616,5.39099,,,,,
dataset_D2/tr_25_pr_125/m_12_n_10_seed_20.txt,25,125,12,10,20,2599,6.51212,,,,,
dataset_D2/tr_25_pr_125/m_12_n_10_seed_21.txt,25,125,12,10,21,2351,27.7235,,,,,
dataset_D2/tr_25_pr_125/m_12_n_10_seed_22.txt,25,125,12,10,22,2471,7.83552,,,,,
dataset_D2/tr_25_pr_125/m_12_n_10_seed_23.txt,25,125,12,10,23,2700,8.36001,,,,,
dataset_D2/tr_25_pr_125/m_12_n_10_seed_24.txt,25,125,12,10,24,2541,13.2683,,,,,
dataset_D2/tr_25_pr_125/m_12_n_10_seed_25.txt,25,125,12,10,25,2448,24.3292,,,,,
dataset_D2/tr_25_pr_125/m_12_n_10_seed_26.txt,25,125,12,10,26,2537,21.2875,,,,,
dataset_D2/tr_25_pr_125/m_12_n_10_seed_27.txt,25,125,12,10,27,2544,11.1359,,,,,
dataset_D2/tr_25_pr_125/m_12_n_10_seed_28.txt,25,125,12,10,28,2562,5.64289,,,,,
dataset_D2/tr_25_pr_125/m_12_n_10_seed_29.txt,25,125,12,10,29,2407,11.1096,,,,,
dataset_D2/tr_25_pr_125/m_12_n_10_seed_30.txt,25,125,12,10,30,2667,11.9432,,,,,
dataset_D2/tr_25_pr_125/m_12_n_10_seed_31.txt,25,125,12,10,31,2515,12.9796,,,,,
dataset_D2/tr_25_pr_125/m_12_n_10_seed_32.txt,25,125,12,10,32,2536,4.7709,,,,,
dataset_D2/tr_25_pr_125/m_12_n_10_seed_33.txt,25,125,12,10,33,2562,11.6941,,,,,
dataset_D2/tr_25_pr_125/m_12_n_10_seed_34.txt,25,125,12,10,34,2639,3.75417,,,,,
dataset_D2/tr_25_pr_125/m_12_n_10_seed_35.txt,25,125,12,10,35,2358,9.76545,,,,,
dataset_D2/tr_25_pr_125/m_12_n_10_seed_36.txt,25,125,12,10,36,2329,5.80948,,,,,
dataset_D2/tr_25_pr_125/m_12_n_10_seed_37.txt,25,125,12,10,37,2483,5.88015,,,,,
dataset_D2/tr_25_pr_125/m_12_n_10_seed_38.txt,25,125,12,10,38,2590,7.57543,,,,,
dataset_D2/tr_25_pr_125/m_12_n_10_seed_39.txt,25,125,12,10,39,2399,16.1999,,,,,
dataset_D2/tr_25_pr_125/m_12_n_10_seed_40.txt,25,125,12,10,40,2227,24.1715,,,,,
dataset_D2/tr_25_pr_125/m_12_n_10_seed_41.txt,25,125,12,10,41,2515,6.20997,,,,,
dataset_D2/tr_25_pr_125/m_12_n_10_seed_42.txt,25,125,12,10,42,2512,6.10064,,,,,
dataset_D2/tr_25_pr_125/m_12_n_10_seed_43.txt,25,125,12,10,43,2530,22.0463,,,,,
dataset_D2/tr_25_pr_125/m_12_n_10_seed_44.txt,25,125,12,10,44,2453,10.7105,,,,,
dataset_D2/tr_25_pr_125/m_12_n_10_seed_45.txt,25,125,12,10,45,2508,11.8138,,,,,
dataset_D2/tr_25_pr_125/m_12_n_10_seed_46.txt,25,125,12,10,46,2529,6.85201,,,,,
dataset_D2/tr_25_pr_125/m_12_n_10_seed_47.txt,25,125,12,10,47,2275,30.8044,,,,,
dataset_D2/tr_25_pr_125/m_12_n_10_seed_48.txt,25,125,12,10,48,2721,13.1929,,,,,
dataset_D2/tr_25_pr_125/m_12_n_10_seed_49.txt,25,125,12,10,49,2391,7.63978,,,,,
dataset_D2/tr_25_pr_125/m_12_n_20_seed_00.txt,25,125,12,20,0,4491,25.3863,,,,,
dataset_D2/tr_25_pr_125/m_12_n_20_seed_01.txt,25,125,12,20,1,4564,23.7927,,,,,
dataset_D2/tr_25_pr_125/m_12_n_20_seed_02.txt,25,125,12,20,2,4461,28.6058,,,,,
dataset_D2/tr_25_pr_125/m_12_n_20_seed_03.txt,25,125,12,20,3,4580,31.7833,,,,,
dataset_D2/tr_25_pr_125/m_12_n_20_seed_04.txt,25,125,12,20,4,4243,145.805,,,,,
dataset_D2/tr_25_pr_125/m_12_n_20_seed_05.txt,25,125,12,20,5,4431,28.8465,,,,,
dataset_D2/tr_25_pr_125/m_12_n_20_seed_06.txt,25,125,12,20,6,4280,30.4638,,,,,
dataset_D2/tr_25_pr_125/m_12_n_20_seed_07.txt,25,125,12,20,7,4292,66.3234,,,,,
dataset_D2/tr_25_pr_125/m_12_n_20_seed_08.txt,25,125,12,20,8,4547,30.0606,,,,,
dataset_D2/tr_25_pr_125/m_12_n_20_seed_09.txt,25,125,12,20,9,4477,29.9669,,,,,
dataset_D2/tr_25_pr_125/m_12_n_20_seed_10.txt,25,125,12,20,10,4552,57.7562,,,,,
dataset_D2/tr_25_pr_125/m_12_n_20_seed_11.txt,25,125,12,20,11,4436,38.5053,,,,,
dataset_D2/tr_25_pr_125/m_12_n_20_seed_12.txt,25,125,12,20,12,4441,32.9755,,,,,
dataset_D2/tr_25_pr_125/m_12_n_20_seed_13.txt,25,125,12,20,13,4227,83.327,,,,,
dataset_D2/tr_25_pr_125/m_12_n_20_seed_14.txt,25,125,12,20,14,4410,44.7957,,,,,
dataset_D2/tr_25_pr_125/m_12_n_20_seed_15.txt,25,125,12,20,15,4447,65.5208,,,,,
dataset_D2/tr_25_pr_125/m_12_n_20_seed_16.txt,25,125,12,20,16,4469,33.6833,,,,,
dataset_D2/tr_25_pr_125/m_12_n_20_seed_17.txt,25,125,12,20,17,4500,31.0268,,,,,
dataset_D2/tr_25_pr_125/m_12_n_20_seed_18.txt,25,125,12,20,18,4403,30.3351,,,,,
dataset_D2/tr_25_pr_125/m_12_n_20_seed_19.txt,25,125,12,20,19,4463,20.8398,,,,,
dataset_D2/tr_25_pr_125/m_12_n_20_seed_20.txt,25,125,12,20,20,4511,21.1941,,,,,
dataset_D2/tr_25_pr_125/m_12_n_20_seed_21.txt,25,125,12,20,21,4587,55.2198,,,,,
dataset_D2/tr_25_pr_125/m_12_n_20_seed_22.txt,25,125,12,20,22,4471,17.1604,,,,,
dataset_D2/tr_25_pr_125/m_12_n_20_seed_23.txt,25,125,12,20,23,4359,31.5097,,,,,
dataset_D2/tr_25_pr_125/m_12_n_20_seed_24.txt,25,125,12,20,24,4476,62.9598,,,,,
dataset_D2/tr_25_pr_125/m_12_n_20_seed_25.txt,25,125,12,20,25,4393,58.2909,,,,,
dataset_D2/tr_25_pr_125/m_12_n_20_seed_26.txt,25,125,12,20,26,4346,31.3187,,,,,
dataset_D2/tr_25_pr_125/m_12_n_20_seed_27.txt,25,125,12,20,27,4558,16.4099,,,,,
dataset_D2/tr_25_pr_125/m_12_n_20_seed_28.txt,25,125,12,20,28,4583,22.2566,,,,,
dataset_D2/tr_25_pr_125/m_12_n_20_seed_29.txt,25,125,12,20,29,4739,15.1745,,,,,
dataset_D2/tr_25_pr_125/m_12_n_20_seed_30.txt,25,125,12,20,30,4360,16.3816,,,,,
dataset_D2/tr_25_pr_125/m_12_n_20_seed_31.txt,25,125,12,20,31,4532,26.0813,,,,,
dataset_D2/tr_25_pr_125/m_12_n_20_seed_32.txt,25,125,12,20,32,4231,31.0766,,,,,
dataset_D2/tr_25_pr_125/m_12_n_20_seed_33.txt,25,125,12,20,33,4580,33.7533,,,,,
dataset_D2/tr_25_pr_125/m_12_n_20_seed_34.txt,25,125,12,20,34,4574,33.7596,,,,,
dataset_D2/tr_25_pr_125/m_12_n_20_seed_35.txt,25,125,12,20,35,4046,196.683,,,,,
dataset_D2/tr_25_pr_125/m_12_n_20_seed_36.txt,25,125,12,20,36,4473,19.3686,,,,,
dataset_D2/tr_25_pr_125/m_12_n_20_seed_37.txt,25,125,12,20,37,4459,20.2563,,,,,
dataset_D2/tr_25_pr_125/m_12_n_20_seed_38.txt,25,125,12,20,38,4749,26.5963,,,,,
dataset_D2/tr_25_pr_125/m_12_n_20_seed_39.txt,25,125,12,20,39,4415,50.5448,,,,,
dataset_D2/tr_25_pr_125/m_12_n_20_seed_40.txt,25,125,12,20,40,4366,24.9227,,,,,
dataset_D2/tr_25_pr_125/m_12_n_20_seed_41.txt,25,125,12,20,41,4128,16.8252,,,,,
dataset_D2/tr_25_pr_125/m_12_n_20_seed_42.txt,25,125,12,20,42,4371,36.5192,,,,,
dataset_D2/tr_25_pr_125/m_12_n_20_seed_43.txt,25,125,12,20,43,4790,20.8936,,,,,
dataset_D2/tr_25_pr_125/m_12_n_20_seed_44.txt,25,125,12,20,44,4826,18.1357,,,,,
dataset_D2/tr_25_pr_125/m_12_n_20_seed_45.txt,25,125,12,20,45,4249,92.4193,,,,,
dataset_D2/tr_25_pr_125/m_12_n_20_seed_46.txt,25,125,12,20,46,4417,24.5553,,,,,
dataset_D2/tr_25_pr_125/m_12_n_20_seed_47.txt,25,125,12,20,47,4241,52.2404,,,,,
dataset_D2/tr_25_pr_125/m_12_n_20_seed_48.txt,25,125,12,20,48,4182,38.1843,,,,,
dataset_D2/tr_25_pr_125/m_12_n_20_seed_49.txt,25,125,12,20,49,4386,32.3133,,,,,
dataset_D2/tr_25_pr_125/m_12_n_30_seed_00.txt,25,125,12,30,0,6901,34.737,,,,,
dataset_D2/tr_25_pr_125/m_12_n_30_seed_01.txt,25,125,12,30,1,6551,66.9126,,,,,
dataset_D2/tr_25_pr_125/m_12_n_30_seed_02.txt,25,125,12,30,2,6645,58.9921,,,,,
dataset_D2/tr_25_pr_125/m_12_n_30_seed_03.txt,25,125,12,30,3,6293,62.9601,,,,,
dataset_D2/tr_25_pr_125/m_12_n_30_seed_04.txt,25,125,12,30,4,6936,40.8755,,,,,
dataset_D2/tr_25_pr_125/m_12_n_30_seed_05.txt,25,125,12,30,5,6383,58.6627,,,,,
dataset_D2/tr_25_pr_125/m_12_n_30_seed_06.txt,25,125,12,30,6,6675,33.6401,,,,,
dataset_D2/tr_25_pr_125/m_12_n_30_seed_07.txt,25,125,12,30,7,6528,107.471,,,,,
dataset_D2/tr_25_pr_125/m_12_n_30_seed_08.txt,25,125,12,30,8,6290,49.4062,,,,,
dataset_D2/tr_25_pr_125/m_12_n_30_seed_09.txt,25,125,12,30,9,6508,35.5468,,,,,
dataset_D2/tr_25_pr_125/m_12_n_30_seed_10.txt,25,125,12,30,10,6542,52.2536,,,,,
dataset_D2/tr_25_pr_125/m_12_n_30_seed_11.txt,25,125,12,30,11,6813,35.5206,,,,,
dataset_D2/tr_25_pr_125/m_12_n_30_seed_12.txt,25,125,12,30,12,6954,30.7002,,,,,
dataset_D2/tr_25_pr_125/m_12_n_30_seed_13.txt,25,125,12,30,13,6725,39.5342,,,,,
dataset_D2/tr_25_pr_125/m_12_n_30_seed_14.txt,25,125,12,30,14,6772,26.197,,,,,
dataset_D2/tr_25_pr_125/m_12_n_30_seed_15.txt,25,125,12,30,15,6466,51.1222,,,,,
dataset_D2/tr_25_pr_125/m_12_n_30_seed_16.txt,25,125,12,30,16,6988,24.3162,,,,,
dataset_D2/tr_25_pr_125/m_12_n_30_seed_17.txt,25,125,12,30,17,5905,149.735,,,,,
dataset_D2/tr_25_pr_125/m_12_n_30_seed_18.txt,25,125,12,30,18,5802,75.2943,,,,,
dataset_D2/tr_25_pr_125/m_12_n_30_seed_19.txt,25,125,12,30,19,6620,34.5728,,,,,
dataset_D2/tr_25_pr_125/m_12_n_30_seed_20.txt,25,125,12,30,20,6527,41.2035,,,,,
dataset_D2/tr_25_pr_125/m_12_n_30_seed_21.txt,25,125,12,30,21,6547,53.7642,,,,,
dataset_D2/tr_25_pr_125/m_12_n_30_seed_22.txt,25,125,12,30,22,6179,84.7042,,,,,
dataset_D2/tr_25_pr_125/m_12_n_30_seed_23.txt,25,125,12,30,23,5914,122.614,,,,,
dataset_D2/tr_25_pr_125/m_12_n_30_seed_24.txt,25,125,12,30,24,6339,77.9684,,,,,
dataset_D2/tr_25_pr_125/m_12_n_30_seed_25.txt,25,125,12,30,25,6275,110.147,,,,,
dataset_D2/tr_25_pr_125/m_12_n_30_seed_26.txt,25,125,12,30,26,6609,81.8321,,,,,
dataset_D2/tr_25_pr_125/m_12_n_30_seed_27.txt,25,125,12,30,27,6307,106.531,,,,,
dataset_D2/tr_25_pr_125/m_12_n_30_seed_28.txt,25,125,12,30,28,6849,30.9134,,,,,
dataset_D2/tr_25_pr_125/m_12_n_30_seed_29.txt,25,125,12,30,29,6726,54.8602,,,,,
dataset_D2/tr_25_pr_125/m_12_n_30_seed_30.txt,25,125,12,30,30,6457,70.2219,,,,,
dataset_D2/tr_25_pr_125/m_12_n_30_seed_31.txt,25,125,12,30,31,5968,102.475,,,,,
dataset_D2/tr_25_pr_125/m_12_n_30_seed_32.txt,25,125,12,30,32,6501,81.4852,,,,,
dataset_D2/tr_25_pr_125/m_12_n_30_seed_33.txt,25,125,12,30,33,6004,115.196,,,,,
dataset_D2/tr_25_pr_125/m_12_n_30_seed_34.txt,25,125,12,30,34,6307,91.7527,,,,,
dataset_D2/tr_25_pr_125/m_12_n_30_seed_35.txt,25,125,12,30,35,6251,44.3792,,,,,
dataset_D2/tr_25_pr_125/m_12_n_30_seed_36.txt,25,125,12,30,36,6126,140.746,,,,,
dataset_D2/tr_25_pr_125/m_12_n_30_seed_37.txt,25,125,12,30,37,6481,79.1404,,,,,
dataset_D2/tr_25_pr_125/m_12_n_30_seed_38.txt,25,125,12,30,38,6281,51.9212,,,,,
dataset_D2/tr_25_pr_125/m_12_n_30_seed_39.txt,25,125,12,30,39,6175,201.534,,,,,
dataset_D2/tr_25_pr_125/m_12_n_30_seed_40.txt,25,125,12,30,40,6405,83.5511,,,,,
dataset_D2/tr_25_pr_125/m_12_n_30_seed_41.txt,25,125,12,30,41,6904,47.0146,,,,,
dataset_D2/tr_25_pr_125/m_12_n_30_seed_42.txt,25,125,12,30,42,6702,36.1744,,,,,
dataset_D2/tr_25_pr_125/m_12_n_30_seed_43.txt,25,125,12,30,43,6533,73.6494,,,,,
dataset_D2/tr_25_pr_125/m_12_n_30_seed_44.txt,25,125,12,30,44,6383,93.7086,,,,,
dataset_D2/tr_25_pr_125/m_12_n_30_seed_45.txt,25,125,12,30,45,6752,40.0605,,,,,
dataset_D2/tr_25_pr_125/m_12_n_30_seed_46.txt,25,125,12,30,46,6162,100.876,,,,,
dataset_D2/tr_25_pr_125/m_12_n_30_seed_47.txt,25,125,12,30,47,6439,30.022,,,,,
dataset_D2/tr_25_pr_125/m_12_n_30_seed_48.txt,25,125,12,30,48,6451,50.6666,,,,,
dataset_D2/tr_25_pr_125/m_12_n_30_seed_49.txt,25,125,12,30,49,6629,58.871,,,,,
dataset_D2/tr_25_pr_150/m_12_n_10_seed_00.txt,25,150,12,10,0,2805,5.4081,,,,,
dataset_D2/tr_25_pr_150/m_12_n_10_seed_01.txt,25,150,12,10,1,2397,35.8038,,,,,
dataset_D2/tr_25_pr_150/m_12_n_10_seed_02.txt,25,150,12,10,2,2809,18.606,,,,,
dataset_D2/tr_25_pr_150/m_12_n_10_seed_03.txt,25,150,12,10,3,2562,32.5786,,,,,
dataset_D2/tr_25_pr_150/m_12_n_10_seed_04.txt,25,150,12,10,4,2587,41.621,,,,,
dataset_D2/tr_25_pr_150/m_12_n_10_seed_05.txt,25,150,12,10,5,2673,17.537,,,,,
dataset_D2/tr_25_pr_150/m_12_n_10_seed_06.txt,25,150,12,10,6,2597,78.1232,,,,,
dataset_D2/tr_25_pr_150/m_12_n_10_seed_07.txt,25,150,12,10,7,2621,41.667,,,,,
dataset_D2/tr_25_pr_150/m_12_n_10_seed_08.txt,25,150,12,10,8,2730,10.591,,,,,
dataset_D2/tr_25_pr_150/m_12_n_10_seed_09.txt,25,150,12,10,9,2875,8.40187,,,,,
dataset_D2/tr_25_pr_150/m_12_n_10_seed_10.txt,25,150,12,10,10,2735,55.3543,,,,,
dataset_D2/tr_25_pr_150/m_12_n_10_seed_11.txt,25,150,12,10,11,2482,15.8522,,,,,
dataset_D2/tr_25_pr_150/m_12_n_10_seed_12.txt,25,150,12,10,12,2674,21.9172,,,,,
dataset_D2/tr_25_pr_150/m_12_n_10_seed_13.txt,25,150,12,10,13,2793,22.9304,,,,,
dataset_D2/tr_25_pr_150/m_12_n_10_seed_14.txt,25,150,12,10,14,2752,27.3702,,,,,
dataset_D2/tr_25_pr_150/m_12_n_10_seed_15.txt,25,150,12,10,15,2652,30.4171,,,,,
dataset_D2/tr_25_pr_150/m_12_n_10_seed_16.txt,25,150,12,10,16,2870,3.9468,,,,,
dataset_D2/tr_25_pr_150/m_12_n_10_seed_17.txt,25,150,12,10,17,2754,3.54486,,,,,
dataset_D2/tr_25_pr_150/m_12_n_10_seed_18.txt,25,150,12,10,18,2762,64.3411,,,,,
dataset_D2/tr_25_pr_150/m_12_n_10_seed_19.txt,25,150,12,10,19,2724,33.3531,,,,,
dataset_D2/tr_25_pr_150/m_12_n_10_seed_20.txt,25,150,12,10,20,2948,31.2408,,,,,
dataset_D2/tr_25_pr_150/m_12_n_10_seed_21.txt,25,150,12,10,21,2655,16.982,,,,,
dataset_D2/tr_25_pr_150/m_12_n_10_seed_22.txt,25,150,12,10,22,2587,49.3092,,,,,
dataset_D2/tr_25_pr_150/m_12_n_10_seed_23.txt,25,150,12,10,23,2767,65.7439,,,,,
dataset_D2/tr_25_pr_150/m_12_n_10_seed_24.txt,25,150,12,10,24,2723,60.79,,,,,
dataset_D2/tr_25_pr_150/m_12_n_10_seed_25.txt,25,150,12,10,25,2799,20.5544,,,,,
dataset_D2/tr_25_pr_150/m_12_n_10_seed_26.txt,25,150,12,10,26,2601,13.3967,,,,,
dataset_D2/tr_25_pr_150/m_12_n_10_seed_27.txt,25,150,12,10,27,2722,26.471,,,,,
dataset_D2/tr_25_pr_150/m_12_n_10_seed_28.txt,25,150,12,10,28,2648,26.8479,,,,,
dataset_D2/tr_25_pr_150/m_12_n_10_seed_29.txt,25,150,12,10,29,2927,9.56732,,,,,
dataset_D2/tr_25_pr_150/m_12_n_10_seed_30.txt,25,150,12,10,30,2744,36.9661,,,,,
dataset_D2/tr_25_pr_150/m_12_n_10_seed_31.txt,25,150,12,10,31,2742,53.7349,,,,,
dataset_D2/tr_25_pr_150/m_12_n_10_seed_32.txt,25,150,12,10,32,2709,7.06665,,,,,
dataset_D2/tr_25_pr_150/m_12_n_10_seed_33.txt,25,150,12,10,33,2803,93.1526,,,,,
dataset_D2/tr_25_pr_150/m_12_n_10_seed_34.txt,25,150,12,10,34,2900,24.5219,,,,,
dataset_D2/tr_25_pr_150/m_12_n_10_seed_35.txt,25,150,12,10,35,2692,54.9162,,,,,
dataset_D2/tr_25_pr_150/m_12_n_10_seed_36.txt,25,150,12,10,36,2635,74.2625,,,,,
dataset_D2/tr_25_pr_150/m_12_n_10_seed_37.txt,25,150,12,10,37,2747,22.0104,,,,,
dataset_D2/tr_25_pr_150/m_12_n_10_seed_38.txt,25,150,12,10,38,2876,16.1247,,,,,
dataset_D2/tr_25_pr_150/m_12_n_10_seed_39.txt,25,150,12,10,39,2678,7.62563,,,,,
dataset_D2/tr_25_pr_150/m_12_n_10_seed_40.txt,25,150,12,10,40,2599,15.7783,,,,,
dataset_D2/tr_25_pr_150/m_12_n_10_seed_41.txt,25,150,12,10,41,2860,39.1588,,,,,
dataset_D2/tr_25_pr_150/m_12_n_10_seed_42.txt,25,150,12,10,42,2662,32.0449,,,,,
dataset_D2/tr_25_pr_150/m_12_n_10_seed_43.txt,25,150,12,10,43,2696,28.2947,,,,,
dataset_D2/tr_25_pr_150/m_12_n_10_seed_44.txt,25,150,12,10,44,2622,79.8159,,,,,
dataset_D2/tr_25_pr_150/m_12_n_10_seed_45.txt,25,150,12,10,45,2883,22.9152,,,,,
dataset_D2/tr_25_pr_150/m_12_n_10_seed_46.txt,25,150,12,10,46,2650,31.25,,,,,
dataset_D2/tr_25_pr_150/m_12_n_10_seed_47.txt,25,150,12,10,47,2569,29.2428,,,,,
dataset_D2/tr_25_pr_150/m_12_n_10_seed_48.txt,25,150,12,10,48,3016,18.0989,,,,,
dataset_D2/tr_25_pr_150/m_12_n_10_seed_49.txt,25,150,12,10,49,2849,10.3774,,,,,
dataset_D2/tr_25_pr_150/m_12_n_20_seed_00.txt,25,150,12,20,0,4824,121.955,,,,,
dataset_D2/tr_25_pr_150/m_12_n_20_seed_01.txt,25,150,12,20,1,4920,155.891,,,,,
dataset_D2/tr_25_pr_150/m_12_n_20_seed_02.txt,25,150,12,20,2,5096,127.824,,,,,
dataset_D2/tr_25_pr_150/m_12_n_20_seed_03.txt,25,150,12,20,3,4901,70.604,,,,,
dataset_D2/tr_25_pr_150/m_12_n_20_seed_04.txt,25,150,12,20,4,4895,74.6087,,,,,
dataset_D2/tr_25_pr_150/m_12_n_20_seed_05.txt,25,150,12,20,5,4817,331.276,,,,,
dataset_D2/tr_25_pr_150/m_12_n_20_seed_06.txt,25,150,12,20,6,4733,93.3171,,,,,
dataset_D2/tr_25_pr_150/m_12_n_20_seed_07.txt,25,150,12,20,7,4842,173.379,,,,,
dataset_D2/tr_25_pr_150/m_12_n_20_seed_08.txt,25,150,12,20,8,4696,348.659,,,,,
dataset_D2/tr_25_pr_150/m_12_n_20_seed_09.txt,25,150,12,20,9,4632,109.956,,,,,
dataset_D2/tr_25_pr_150/m_12_n_20_seed_10.txt,25,150,12,20,10,5011,37.9487,,,,,
dataset_D2/tr_25_pr_150/m_12_n_20_seed_11.txt,25,150,12,20,11,5096,231.015,,,,,
dataset_D2/tr_25_pr_150/m_12_n_20_seed_12.txt,25,150,12,20,12,4825,149.493,,,,,
dataset_D2/tr_25_pr_150/m_12_n_20_seed_13.txt,25,150,12,20,13,4917,146.283,,,,,
dataset_D2/tr_25_pr_150/m_12_n_20_seed_14.txt,25,150,12,20,14,5254,56.1562,,,,,
dataset_D2/tr_25_pr_150/m_12_n_20_seed_15.txt,25,150,12,20,15,4472,119.019,,,,,
dataset_D2/tr_25_pr_150/m_12_n_20_seed_16.txt,25,150,12,20,16,4764,49.4171,,,,,
dataset_D2/tr_25_pr_150/m_12_n_20_seed_17.txt,25,150,12,20,17,4719,112.706,,,,,
dataset_D2/tr_25_pr_150/m_12_n_20_seed_18.txt,25,150,12,20,18,4634,89.473,,,,,
dataset_D2/tr_25_pr_150/m_12_n_20_seed_19.txt,25,150,12,20,19,4660,246.768,,,,,
dataset_D2/tr_25_pr_150/m_12_n_20_seed_20.txt,25,150,12,20,20,4607,87.8366,,,,,
dataset_D2/tr_25_pr_150/m_12_n_20_seed_21.txt,25,150,12,20,21,4908,140.487,,,,,
dataset_D2/tr_25_pr_150/m_12_n_20_seed_22.txt,25,150,12,20,22,4807,60.6324,,,,,
dataset_D2/tr_25_pr_150/m_12_n_20_seed_23.txt,25,150,12,20,23,4530,148.15,,,,,
dataset_D2/tr_25_pr_150/m_12_n_20_seed_24.txt,25,150,12,20,24,4676,130.377,,,,,
dataset_D2/tr_25_pr_150/m_12_n_20_seed_25.txt,25,150,12,20,25,4741,146.66,,,,,
dataset_D2/tr_25_pr_150/m_12_n_20_seed_26.txt,25,150,12,20,26,4939,138.028,,,,,
dataset_D2/tr_25_pr_150/m_12_n_20_seed_27.txt,25,150,12,20,27,4867,66.3355,,,,,
dataset_D2/tr_25_pr_150/m_12_n_20_seed_28.txt,25,150,12,20,28,4994,163.92,,,,,
dataset_D2/tr_25_pr_150/m_12_n_20_seed_29.txt,25,150,12,20,29,4763,239.335,,,,,
dataset_D2/tr_25_pr_150/m_12_n_20_seed_30.txt,25,150,12,20,30,4990,156.721,,,,,
dataset_D2/tr_25_pr_150/m_12_n_20_seed_31.txt,25,150,12,20,31,4780,87.8466,,,,,
dataset_D2/tr_25_pr_150/m_12_n_20_seed_32.txt,25,150,12,20,32,4644,105.315,,,,,
dataset_D2/tr_25_pr_150/m_12_n_20_seed_33.txt,25,150,12,20,33,5069,105.746,,,,,
dataset_D2/tr_25_pr_150/m_12_n_20_seed_34.txt,25,150,12,20,34,4655,76.8388,,,,,
dataset_D2/tr_25_pr_150/m_12_n_20_seed_35.txt,25,150,12,20,35,4742,138.526,,,,,
dataset_D2/tr_25_pr_150/m_12_n_20_seed_36.txt,25,150,12,20,36,4582,212.651,,,,,
dataset_D2/tr_25_pr_150/m_12_n_20_seed_37.txt,25,150,12,20,37,4722,62.5949,,,,,
dataset_D2/tr_25_pr_150/m_12_n_20_seed_38.txt,25,150,12,20,38,4571,146.664,,,,,
dataset_D2/tr_25_pr_150/m_12_n_20_seed_39.txt,25,150,12,20,39,4849,97.3149,,,,,
dataset_D2/tr_25_pr_150/m_12_n_20_seed_40.txt,25,150,12,20,40,5184,63.8569,,,,,
dataset_D2/tr_25_pr_150/m_12_n_20_seed_41.txt,25,150,12,20,41,4882,147.826,,,,,
dataset_D2/tr_25_pr_150/m_12_n_20_seed_42.txt,25,150,12,20,42,4901,59.3288,,,,,
dataset_D2/tr_25_pr_150/m_12_n_20_seed_43.txt,25,150,12,20,43,5064,68.3039,,,,,
dataset_D2/tr_25_pr_150/m_12_n_20_seed_44.txt,25,150,12,20,44,4638,192.233,,,,,
dataset_D2/tr_25_pr_150/m_12_n_20_seed_45.txt,25,150,12,20,45,4930,130.222,,,,,
dataset_D2/tr_25_pr_150/m_12_n_20_seed_46.txt,25,150,12,20,46,4314,255.836,,,,,
dataset_D2/tr_25_pr_150/m_12_n_20_seed_47.txt,25,150,12,20,47,5081,193.72,,,,,
dataset_D2/tr_25_pr_150/m_12_n_20_seed_48.txt,25,150,12,20,48,4873,90.2283,,,,,
dataset_D2/tr_25_pr_150/m_12_n_20_seed_49.txt,25,150,12,20,49,4878,89.8273,,,,,
dataset_D2/tr_25_pr_150/m_12_n_30_seed_00.txt,25,150,12,30,0,7132,246.246,,,,,
dataset_D2/tr_25_pr_150/m_12_n_30_seed_01.txt,25,150,12,30,1,6939,296.59,,,,,
dataset_D2/tr_25_pr_150/m_12_n_30_seed_02.txt,25,150,12,30,2,6724,285.387,,,,,
dataset_D2/tr_25_pr_150/m_12_n_30_seed_03.txt,25,150,12,30,3,7097,218.327,,,,,
dataset_D2/tr_25_pr_150/m_12_n_30_seed_04.txt,25,150,12,30,4,6676,251.64,,,,,
dataset_D2/tr_25_pr_150/m_12_n_30_seed_05.txt,25,150,12,30,5,6921,104.509,,,,,
dataset_D2/tr_25_pr_150/m_12_n_30_seed_06.txt,25,150,12,30,6,6768,389.272,,,,,
dataset_D2/tr_25_pr_150/m_12_n_30_seed_07.txt,25,150,12,30,7,6613,651.12,,,,,
dataset_D2/tr_25_pr_150/m_12_n_30_seed_08.txt,25,150,12,30,8,6844,142.787,,,,,
dataset_D2/tr_25_pr_150/m_12_n_30_seed_09.txt,25,150,12,30,9,6994,79.3533,,,,,
dataset_D2/tr_25_pr_150/m_12_n_30_seed_10.txt,25,150,12,30,10,6750,161.762,,,,,
dataset_D2/tr_25_pr_150/m_12_n_30_seed_11.txt,25,150,12,30,11,6304,580.979,,,,,
dataset_D2/tr_25_pr_150/m_12_n_30_seed_12.txt,25,150,12,30,12,6798,566.135,,,,,
dataset_D2/tr_25_pr_150/m_12_n_30_seed_13.txt,25,150,12,30,13,6516,332.103,,,,,
dataset_D2/tr_25_pr_150/m_12_n_30_seed_14.txt,25,150,12,30,14,6924,327.117,,,,,
dataset_D2/tr_25_pr_150/m_12_n_30_seed_15.txt,25,150,12,30,15,6910,207.92,,,,,
dataset_D2/tr_25_pr_150/m_12_n_30_seed_16.txt,25,150,12,30,16,7138,148.838,,,,,
dataset_D2/tr_25_pr_150/m_12_n_30_seed_17.txt,25,150,12,30,17,6379,399.846,,,,,
dataset_D2/tr_25_pr_150/m_12_n_30_seed_18.txt,25,150,12,30,18,6688,191.368,,,,,
dataset_D2/tr_25_pr_150/m_12_n_30_seed_19.txt,25,150,12,30,19,7073,190.887,,,,,
dataset_D2/tr_25_pr_150/m_12_n_30_seed_20.txt,25,150,12,30,20,7094,107.659,,,,,
dataset_D2/tr_25_pr_150/m_12_n_30_seed_21.txt,25,150,12,30,21,6776,159.033,,,,,
dataset_D2/tr_25_pr_150/m_12_n_30_seed_22.txt,25,150,12,30,22,6929,175.227,,,,,
dataset_D2/tr_25_pr_150/m_12_n_30_seed_23.txt,25,150,12,30,23,6357,409.642,,,,,
dataset_D2/tr_25_pr_150/m_12_n_30_seed_24.txt,25,150,12,30,24,7036,191.676,,,,,
dataset_D2/tr_25_pr_150/m_12_n_30_seed_25.txt,25,150,12,30,25,6886,134.365,,,,,
dataset_D2/tr_25_pr_150/m_12_n_30_seed_26.txt,25,150,12,30,26,6734,272.737,,,,,
dataset_D2/tr_25_pr_150/m_12_n_30_seed_27.txt,25,150,12,30,27,7403,62.2865,,,,,
dataset_D2/tr_25_pr_150/m_12_n_30_seed_28.txt,25,150,12,30,28,6576,302.131,,,,,
dataset_D2/tr_25_pr_150/m_12_n_30_seed_29.txt,25,150,12,30,29,7023,117.768,,,,,
dataset_D2/tr_25_pr_150/m_12_n_30_seed_30.txt,25,150,12,30,30,7022,204.602,,,,,
dataset_D2/tr_25_pr_150/m_12_n_30_seed_31.txt,25,150,12,30,31,7043,283.458,,,,,
dataset_D2/tr_25_pr_150/m_12_n_30_seed_32.txt,25,150,12,30,32,7087,308.711,,,,,
dataset_D2/tr_25_pr_150/m_12_n_30_seed_33.txt,25,150,12,30,33,6795,135.556,,,,,
dataset_D2/tr_25_pr_150/m_12_n_30_seed_34.txt,25,150,12,30,34,6369,218.88,,,,,
dataset_D2/tr_25_pr_150/m_12_n_30_seed_35.txt,25,150,12,30,35,6664,620.275,,,,,
dataset_D2/tr_25_pr_150/m_12_n_30_seed_36.txt,25,150,12,30,36,6742,629.689,,,,,
dataset_D2/tr_25_pr_150/m_12_n_30_seed_37.txt,25,150,12,30,37,6396,1052.65,,,,,
dataset_D2/tr_25_pr_150/m_12_n_30_seed_38.txt,25,150,12,30,38,6610,506.163,,,,,
dataset_D2/tr_25_pr_150/m_12_n_30_seed_39.txt,25,150,12,30,39,6795,170.882,,,,,
dataset_D2/tr_25_pr_150/m_12_n_30_seed_40.txt,25,150,12,30,40,7222,142.888,,,,,
dataset_D2/tr_25_pr_150/m_12_n_30_seed_41.txt,25,150,12,30,41,7209,153.252,,,,,
dataset_D2/tr_25_pr_150/m_12_n_30_seed_42.txt,25,150,12,30,42,6863,337.133,,,,,
dataset_D2/tr_25_pr_150/m_12_n_30_seed_43.txt,25,150,12,30,43,6920,138.81,,,,,
dataset_D2/tr_25_pr_150/m_12_n_30_seed_44.txt,25,150,12,30,44,7360,111.907,,,,,
dataset_D2/tr_25_pr_150/m_12_n_30_seed_45.txt,25,150,12,30,45,6316,1939.11,,,,,
dataset_D2/tr_25_pr_150/m_12_n_30_seed_46.txt,25,150,12,30,46,6535,511.049,,,,,
dataset_D2/tr_25_pr_150/m_12_n_30_seed_47.txt,25,150,12,30,47,7011,193.823,,,,,
dataset_D2/tr_25_pr_150/m_12_n_30_seed_48.txt,25,150,12,30,48,7364,109.074,,,,,
dataset_D2/tr_25_pr_150/m_12_n_30_seed_49.txt,25,150,12,30,49,7097,218.866,,,,,
dataset_D2/tr_25_pr_25/m_12_n_10_seed_00.txt,25,25,12,10,0,1784,0.672826,,,,,
dataset_D2/tr_25_pr_25/m_12_n_10_seed_01.txt,25,25,12,10,1,1825,0.719296,,,,,
dataset_D2/tr_25_pr_25/m_12_n_10_seed_02.txt,25,25,12,10,2,1811,0.639243,,,,,
dataset_D2/tr_25_pr_25/m_12_n_10_seed_03.txt,25,25,12,10,3,1836,0.683422,,,,,
dataset_D2/tr_25_pr_25/m_12_n_10_seed_04.txt,25,25,12,10,4,1802,0.631678,,,,,
dataset_D2/tr_25_pr_25/m_12_n_10_seed_05.txt,25,25,12,10,5,1872,0.660566,,,,,
dataset_D2/tr_25_pr_25/m_12_n_10_seed_06.txt,25,25,12,10,6,1646,0.649239,,,,,
dataset_D2/tr_25_pr_25/m_12_n_10_seed_07.txt,25,25,12,10,7,1733,0.626452,,,,,
dataset_D2/tr_25_pr_25/m_12_n_10_seed_08.txt,25,25,12,10,8,1822,0.727451,,,,,
dataset_D2/tr_25_pr_25/m_12_n_10_seed_09.txt,25,25,12,10,9,1812,0.675936,,,,,
dataset_D2/tr_25_pr_25/m_12_n_10_seed_10.txt,25,25,12,10,10,1827,0.68095,,,,,
dataset_D2/tr_25_pr_25/m_12_n_10_seed_11.txt,25,25,12,10,11,1966,0.680706,,,,,
dataset_D2/tr_25_pr_25/m_12_n_10_seed_12.txt,25,25,12,10,12,1816,0.663426,,,,,
dataset_D2/tr_25_pr_25/m_12_n_10_seed_13.txt,25,25,12,10,13,1800,0.659879,,,,,
dataset_D2/tr_25_pr_25/m_12_n_10_seed_14.txt,25,25,12,10,14,1709,0.641523,,,,,
dataset_D2/tr_25_pr_25/m_12_n_10_seed_15.txt,25,25,12,10,15,1564,0.672907,,,,,
dataset_D2/tr_25_pr_25/m_12_n_10_seed_16.txt,25,25,12,10,16,1619,0.771941,,,,,
dataset_D2/tr_25_pr_25/m_12_n_10_seed_17.txt,25,25,12,10,17,1880,0.66166,,,,,
dataset_D2/tr_25_pr_25/m_12_n_10_seed_18.txt,25,25,12,10,18,1758,0.715054,,,,,
dataset_D2/tr_25_pr_25/m_12_n_10_seed_19.txt,25,25,12,10,19,1800,0.657695,,,,,
dataset_D2/tr_25_pr_25/m_12_n_10_seed_20.txt,25,25,12,10,20,1882,0.699056,,,,,
dataset_D2/tr_25_pr_25/m_12_n_10_seed_21.txt,25,25,12,10,21,2037,0.61201,,,,,
dataset_D2/tr_25_pr_25/m_12_n_10_seed_22.txt,25,25,12,10,22,1811,0.714427,,,,,
dataset_D2/tr_25_pr_25/m_12_n_10_seed_23.txt,25,25,12,10,23,1795,0.681489,,,,,
dataset_D2/tr_25_pr_25/m_12_n_10_seed_24.txt,25,25,12,10,24,1825,0.712672,,,,,
dataset_D2/tr_25_pr_25/m_12_n_10_seed_25.txt,25,25,12,10,25,1519,0.700911,,,,,
dataset_D2/tr_25_pr_25/m_12_n_10_seed_26.txt,25,25,12,10,26,1793,0.64937,,,,,
dataset_D2/tr_25_pr_25/m_12_n_10_seed_27.txt,25,25,12,10,27,1819,0.667811,,,,,
dataset_D2/tr_25_pr_25/m_12_n_10_seed_28.txt,25,25,12,10,28,1801,0.619743,,,,,
dataset_D2/tr_25_pr_25/m_12_n_10_seed_29.txt,25,25,12,10,29,1643,0.701924,,,,,
dataset_D2/tr_25_pr_25/m_12_n_10_seed_30.txt,25,25,12,10,30,1875,0.69421,,,,,
dataset_D2/tr_25_pr_25/m_12_n_10_seed_31.txt,25,25,12,10,31,1738,0.677158,,,,,
dataset_D2/tr_25_pr_25/m_12_n_10_seed_32.txt,25,25,12,10,32,1758,0.721943,,,,,
dataset_D2/tr_25_pr_25/m_12_n_10_seed_33.txt,25,25,12,10,33,1779,0.670394,,,,,
dataset_D2/tr_25_pr_25/m_12_n_10_seed_34.txt,25,25,12,10,34,1924,0.582439,,,,,
dataset_D2/tr_25_pr_25/m_12_n_10_seed_35.txt,25,25,12,10,35,1791,0.668053,,,,,
dataset_D2/tr_25_pr_25/m_12_n_10_seed_36.txt,25,25,12,10,36,1975,0.683651,,,,,
dataset_D2/tr_25_pr_25/m_12_n_10_seed_37.txt,25,25,12,10,37,1701,0.656839,,,,,
dataset_D2/tr_25_pr_25/m_12_n_10_seed_38.txt,25,25,12,10,38,1828,0.695131,,,,,
dataset_D2/tr_25_pr_25/m_12_n_10_seed_39.txt,25,25,12,10,39,1590,0.646962,,,,,
dataset_D2/tr_25_pr_25/m_12_n_10_seed_40.txt,25,25,12,10,40,1853,0.679756,,,,,
dataset_D2/tr_25_pr_25/m_12_n_10_seed_41.txt,25,25,12,10,41,1711,0.649289,,,,,
dataset_D2/tr_25_pr_25/m_12_n_10_seed_42.txt,25,25,12,10,42,1702,0.664184,,,,,
dataset_D2/tr_25_pr_25/m_12_n_10_seed_43.txt,25,25,12,10,43,1694,0.605932,,,,,
dataset_D2/tr_25_pr_25/m_12_n_10_seed_44.txt,25,25,12,10,44,1646,0.731172,,,,,
dataset_D2/tr_25_pr_25/m_12_n_10_seed_45.txt,25,25,12,10,45,1824,0.712303,,,,,
dataset_D2/tr_25_pr_25/m_12_n_10_seed_46.txt,25,25,12,10,46,1854,0.681191,,,,,
dataset_D2/tr_25_pr_25/m_12_n_10_seed_47.txt,25,25,12,10,47,1968,0.706157,,,,,
dataset_D2/tr_25_pr_25/m_12_n_10_seed_48.txt,25,25,12,10,48,1611,0.656471,,,,,
dataset_D2/tr_25_pr_25/m_12_n_10_seed_49.txt,25,25,12,10,49,1731,0.64882,,,,,
dataset_D2/tr_25_pr_25/m_12_n_20_seed_00.txt,25,25,12,20,0,3365,2.21309,,,,,
dataset_D2/tr_25_pr_25/m_12_n_20_seed_01.txt,25,25,12,20,1,3239,2.08996,,,,,
dataset_D2/tr_25_pr_25/m_12_n_20_seed_02.txt,25,25,12,20,2,3542,2.00101,,,,,
dataset_D2/tr_25_pr_25/m_12_n_20_seed_03.txt,25,25,12,20,3,3798,2.10901,,,,,
dataset_D2/tr_25_pr_25/m_12_n_20_seed_04.txt,25,25,12,20,4,3679,2.33638,,,,,
dataset_D2/tr_25_pr_25/m_12_n_20_seed_05.txt,25,25,12,20,5,3335,2.34478,,,,,
dataset_D2/tr_25_pr_25/m_12_n_20_seed_06.txt,25,25,12,20,6,3711,2.04325,,,,,
dataset_D2/tr_25_pr_25/m_12_n_20_seed_07.txt,25,25,12,20,7,3716,2.1463,,,,,
dataset_D2/tr_25_pr_25/m_12_n_20_seed_08.txt,25,25,12,20,8,3160,2.03729,,,,,
dataset_D2/tr_25_pr_25/m_12_n_20_seed_09.txt,25,25,12,20,9,3519,2.15415,,,,,
dataset_D2/tr_25_pr_25/m_12_n_20_seed_10.txt,25,25,12,20,10,3584,2.02633,,,,,
dataset_D2/tr_25_pr_25/m_12_n_20_seed_11.txt,25,25,12,20,11,3908,1.99004,,,,,
dataset_D2/tr_25_pr_25/m_12_n_20_seed_12.txt,25,25,12,20,12,3229,2.33281,,,,,
dataset_D2/tr_25_pr_25/m_12_n_20_seed_13.txt,25,25,12,20,13,3224,2.10288,,,,,
dataset_D2/tr_25_pr_25/m_12_n_20_seed_14.txt,25,25,12,20,14,3637,2.11669,,,,,
dataset_D2/tr_25_pr_25/m_12_n_20_seed_15.txt,25,25,12,20,15,3351,1.96967,,,,,
dataset_D2/tr_25_pr_25/m_12_n_20_seed_16.txt,25,25,12,20,16,3550,2.30929,,,,,
dataset_D2/tr_25_pr_25/m_12_n_20_seed_17.txt,25,25,12,20,17,3299,2.04111,,,,,
dataset_D2/tr_25_pr_25/m_12_n_20_seed_18.txt,25,25,12,20,18,3749,2.08243,,,,,
dataset_D2/tr_25_pr_25/m_12_n_20_seed_19.txt,25,25,12,20,19,3813,2.19757,,,,,
dataset_D2/tr_25_pr_25/m_12_n_20_seed_20.txt,25,25,12,20,20,3319,2.02041,,,,,
dataset_D2/tr_25_pr_25/m_12_n_20_seed_21.txt,25,25,12,20,21,3607,2.15732,,,,,
dataset_D2/tr_25_pr_25/m_12_n_20_seed_22.txt,25,25,12,20,22,3067,2.00259,,,,,
dataset_D2/tr_25_pr_25/m_12_n_20_seed_23.txt,25,25,12,20,23,3610,2.11902,,,,,
dataset_D2/tr_25_pr_25/m_12_n_20_seed_24.txt,25,25,12,20,24,3500,2.01865,,,,,
dataset_D2/tr_25_pr_25/m_12_n_20_seed_25.txt,25,25,12,20,25,3252,2.08335,,,,,
dataset_D2/tr_25_pr_25/m_12_n_20_seed_26.txt,25,25,12,20,26,3907,2.133,,,,,
dataset_D2/tr_25_pr_25/m_12_n_20_seed_27.txt,25,25,12,20,27,3400,2.1579,,,,,
dataset_D2/tr_25_pr_25/m_12_n_20_seed_28.txt,25,25,12,20,28,3618,2.07063,,,,,
dataset_D2/tr_25_pr_25/m_12_n_20_seed_29.txt,25,25,12,20,29,3541,2.03039,,,,,
dataset_D2/tr_25_pr_25/m_12_n_20_seed_30.txt,25,25,12,20,30,3567,2.10486,,,,,
dataset_D2/tr_25_pr_25/m_12_n_20_seed_31.txt,25,25,12,20,31,3683,2.17924,,,,,
dataset_D2/tr_25_pr_25/m_12_n_20_seed_32.txt,25,25,12,20,32,3695,2.0387,,,,,
dataset_D2/tr_25_pr_25/m_12_n_20_seed_33.txt,25,25,12,20,33,3585,2.07961,,,,,
dataset_D2/tr_25_pr_25/m_12_n_20_seed_34.txt,25,25,12,20,34,3456,2.02025,,,,,
dataset_D2/tr_25_pr_25/m_12_n_20_seed_35.txt,25,25,12,20,35,3409,2.15636,,,,,
dataset_D2/tr_25_pr_25/m_12_n_20_seed_36.txt,25,25,12,20,36,3675,2.11011,,,,,
dataset_D2/tr_25_pr_25/m_12_n_20_seed_37.txt,25,25,12,20,37,3527,2.12295,,,,,
dataset_D2/tr_25_pr_25/m_12_n_20_seed_38.txt,25,25,12,20,38,3388,2.0171,,,,,
dataset_D2/tr_25_pr_25/m_12_n_20_seed_39.txt,25,25,12,20,39,3195,1.99444,,,,,
dataset_D2/tr_25_pr_25/m_12_n_20_seed_40.txt,25,25,12,20,40,3606,2.19049,,,,,
dataset_D2/tr_25_pr_25/m_12_n_20_seed_41.txt,25,25,12,20,41,3577,1.97164,,,,,
dataset_D2/tr_25_pr_25/m_12_n_20_seed_42.txt,25,25,12,20,42,4031,2.08111,,,,,
dataset_D2/tr_25_pr_25/m_12_n_20_seed_43.txt,25,25,12,20,43,3472,2.03349,,,,,
dataset_D2/tr_25_pr_25/m_12_n_20_seed_44.txt,25,25,12,20,44,3670,2.0401,,,,,
dataset_D2/tr_25_pr_25/m_12_n_20_seed_45.txt,25,25,12,20,45,3485,2.26595,,,,,
dataset_D2/tr_25_pr_25/m_12_n_20_seed_46.txt,25,25,12,20,46,3720,2.02027,,,,,
dataset_D2/tr_25_pr_25/m_12_n_20_seed_47.txt,25,25,12,20,47,3387,2.23154,,,,,
dataset_D2/tr_25_pr_25/m_12_n_20_seed_48.txt,25,25,12,20,48,3292,2.19977,,,,,
dataset_D2/tr_25_pr_25/m_12_n_20_seed_49.txt,25,25,12,20,49,3648,2.0883,,,,,
dataset_D2/tr_25_pr_25/m_12_n_30_seed_00.txt,25,25,12,30,0,5377,3.85383,,,,,
dataset_D2/tr_25_pr_25/m_12_n_30_seed_01.txt,25,25,12,30,1,5684,3.5874,,,,,
dataset_D2/tr_25_pr_25/m_12_n_30_seed_02.txt,25,25,12,30,2,4927,3.54889,,,,,
dataset_D2/tr_25_pr_25/m_12_n_30_seed_03.txt,25,25,12,30,3,5135,3.4325,,,,,
dataset_D2/tr_25_pr_25/m_12_n_30_seed_04.txt,25,25,12,30,4,5519,3.51214,,,,,
dataset_D2/tr_25_pr_25/m_12_n_30_seed_05.txt,25,25,12,30,5,5304,3.65707,,,,,
dataset_D2/tr_25_pr_25/m_12_n_30_seed_06.txt,25,25,12,30,6,5917,3.52274,,,,,
dataset_D2/tr_25_pr_25/m_12_n_30_seed_07.txt,25,25,12,30,7,5363,3.50974,,,,,
dataset_D2/tr_25_pr_25/m_12_n_30_seed_08.txt,25,25,12,30,8,4822,3.50732,,,,,
dataset_D2/tr_25_pr_25/m_12_n_30_seed_09.txt,25,25,12,30,9,5600,3.54176,,,,,
dataset_D2/tr_25_pr_25/m_12_n_30_seed_10.txt,25,25,12,30,10,5265,3.43169,,,,,
dataset_D2/tr_25_pr_25/m_12_n_30_seed_11.txt,25,25,12,30,11,5147,3.2835,,,,,
dataset_D2/tr_25_pr_25/m_12_n_30_seed_12.txt,25,25,12,30,12,5194,3.28702,,,,,
dataset_D2/tr_25_pr_25/m_12_n_30_seed_13.txt,25,25,12,30,13,5112,3.45439,,,,,
dataset_D2/tr_25_pr_25/m_12_n_30_seed_14.txt,25,25,12,30,14,4962,3.75038,,,,,
dataset_D2/tr_25_pr_25/m_12_n_30_seed_15.txt,25,25,12,30,15,5671,3.39439,,,,,
dataset_D2/tr_25_pr_25/m_12_n_30_seed_16.txt,25,25,12,30,16,4965,3.47475,,,,,
dataset_D2/tr_25_pr_25/m_12_n_30_seed_17.txt,25,25,12,30,17,5498,3.52759,,,,,
dataset_D2/tr_25_pr_25/m_12_n_30_seed_18.txt,25,25,12,30,18,5359,3.66292,,,,,
dataset_D2/tr_25_pr_25/m_12_n_30_seed_19.txt,25,25,12,30,19,5153,3.44809,,,,,
dataset_D2/tr_25_pr_25/m_12_n_30_seed_20.txt,25,25,12,30,20,4935,3.92861,,,,,
dataset_D2/tr_25_pr_25/m_12_n_30_seed_21.txt,25,25,12,30,21,5610,3.71403,,,,,
dataset_D2/tr_25_pr_25/m_12_n_30_seed_22.txt,25,25,12,30,22,5421,3.5091,,,,,
dataset_D2/tr_25_pr_25/m_12_n_30_seed_23.txt,25,25,12,30,23,5103,3.94506,,,,,
dataset_D2/tr_25_pr_25/m_12_n_30_seed_24.txt,25,25,12,30,24,5617,3.91059,,,,,
dataset_D2/tr_25_pr_25/m_12_n_30_seed_25.txt,25,25,12,30,25,5167,3.46092,,,,,
dataset_D2/tr_25_pr_25/m_12_n_30_seed_26.txt,25,25,12,30,26,5591,3.59122,,,,,
dataset_D2/tr_25_pr_25/m_12_n_30_seed_27.txt,25,25,12,30,27,5007,4.0135,,,,,
dataset_D2/tr_25_pr_25/m_12_n_30_seed_28.txt,25,25,12,30,28,5109,3.73238,,,,,
dataset_D2/tr_25_pr_25/m_12_n_30_seed_29.txt,25,25,12,30,29,5158,3.55837,,,,,
dataset_D2/tr_25_pr_25/m_12_n_30_seed_30.txt,25,25,12,30,30,5014,3.31593,,,,,
dataset_D2/tr_25_pr_25/m_12_n_30_seed_31.txt,25,25,12,30,31,5487,3.61796,,,,,
dataset_D2/tr_25_pr_25/m_12_n_30_seed_32.txt,25,25,12,30,32,5560,3.6823,,,,,
dataset_D2/tr_25_pr_25/m_12_n_30_seed_33.txt,25,25,12,30,33,5352,3.4623,,,,,
dataset_D2/tr_25_pr_25/m_12_n_30_seed_34.txt,25,25,12,30,34,4993,3.33318,,,,,
dataset_D2/tr_25_pr_25/m_12_n_30_seed_35.txt,25,25,12,30,35,5140,3.49452,,,,,
dataset_D2/tr_25_pr_25/m_12_n_30_seed_36.txt,25,25,12,30,36,5259,3.64674,,,,,
dataset_D2/tr_25_pr_25/m_12_n_30_seed_37.txt,25,25,12,30,37,5488,3.42744,,,,,
dataset_D2/tr_25_pr_25/m_12_n_30_seed_38.txt,25,25,12,30,38,5165,3.45861,,,,,
dataset_D2/tr_25_pr_25/m_12_n_30_seed_39.txt,25,25,12,30,39,5386,3.4536,,,,,
dataset_D2/tr_25_pr_25/m_12_n_30_seed_40.txt,25,25,12,30,40,5509,3.43477,,,,,
dataset_D2/tr_25_pr_25/m_12_n_30_seed_41.txt,25,25,12,30,41,5444,3.57189,,,,,
dataset_D2/tr_25_pr_25/m_12_n_30_seed_42.txt,25,25,12,30,42,4893,3.80967,,,,,
dataset_D2/tr_25_pr_25/m_12_n_30_seed_43.txt,25,25,12,30,43,5357,3.51122,,,,,
dataset_D2/tr_25_pr_25/m_12_n_30_seed_44.txt,25,25,12,30,44,4797,3.43147,,,,,
dataset_D2/tr_25_pr_25/m_12_n_30_seed_45.txt,25,25,12,30,45,5246,3.55122,,,,,
dataset_D2/tr_25_pr_25/m_12_n_30_seed_46.txt,25,25,12,30,46,5010,3.80772,,,,,
dataset_D2/tr_25_pr_25/m_12_n_30_seed_47.txt,25,25,12,30,47,5732,3.66571,,,,,
dataset_D2/tr_25_pr_25/m_12_n_30_seed_48.txt,25,25,12,30,48,5514,3.43761,,,,,
dataset_D2/tr_25_pr_25/m_12_n_30_seed_49.txt,25,25,12,30,49,4830,3.59702,,,,,
dataset_D2/tr_25_pr_50/m_12_n_10_seed_00.txt,25,50,12,10,0,1994,1.01397,,,,,
dataset_D2/tr_25_pr_50/m_12_n_10_seed_01.txt,25,50,12,10,1,2037,0.814176,,,,,
dataset_D2/tr_25_pr_50/m_12_n_10_seed_02.txt,25,50,12,10,2,2071,0.91717,,,,,
dataset_D2/tr_25_pr_50/m_12_n_10_seed_03.txt,25,50,12,10,3,1818,0.893926,,,,,
dataset_D2/tr_25_pr_50/m_12_n_10_seed_04.txt,25,50,12,10,4,1929,0.701903,,,,,
dataset_D2/tr_25_pr_50/m_12_n_10_seed_05.txt,25,50,12,10,5,1938,0.770055,,,,,
dataset_D2/tr_25_pr_50/m_12_n_10_seed_06.txt,25,50,12,10,6,1986,1.04851,,,,,
dataset_D2/tr_25_pr_50/m_12_n_10_seed_07.txt,25,50,12,10,7,2170,0.88319,,,,,
dataset_D2/tr_25_pr_50/m_12_n_10_seed_08.txt,25,50,12,10,8,2099,0.703106,,,,,
dataset_D2/tr_25_pr_50/m_12_n_10_seed_09.txt,25,50,12,10,9,1929,0.896405,,,,,
dataset_D2/tr_25_pr_50/m_12_n_10_seed_10.txt,25,50,12,10,10,1827,0.829875,,,,,
dataset_D2/tr_25_pr_50/m_12_n_10_seed_11.txt,25,50,12,10,11,1919,0.829277,,,,,
dataset_D2/tr_25_pr_50/m_12_n_10_seed_12.txt,25,50,12,10,12,2033,0.854275,,,,,
dataset_D2/tr_25_pr_50/m_12_n_10_seed_13.txt,25,50,12,10,13,1979,0.87388,,,,,
dataset_D2/tr_25_pr_50/m_12_n_10_seed_14.txt,25,50,12,10,14,1957,0.774747,,,,,
dataset_D2/tr_25_pr_50/m_12_n_10_seed_15.txt,25,50,12,10,15,2129,0.766517,,,,,
dataset_D2/tr_25_pr_50/m_12_n_10_seed_16.txt,25,50,12,10,16,1859,0.781585,,,,,
dataset_D2/tr_25_pr_50/m_12_n_10_seed_17.txt,25,50,12,10,17,1867,0.816269,,,,,
dataset_D2/tr_25_pr_50/m_12_n_10_seed_18.txt,25,50,12,10,18,1862,1.04942,,,,,
dataset_D2/tr_25_pr_50/m_12_n_10_seed_19.txt,25,50,12,10,19,1888,0.905254,,,,,
dataset_D2/tr_25_pr_50/m_12_n_10_seed_20.txt,25,50,12,10,20,1894,0.836449,,,,,
dataset_D2/tr_25_pr_50/m_12_n_10_seed_21.txt,25,50,12,10,21,2048,0.839002,,,,,
dataset_D2/tr_25_pr_50/m_12_n_10_seed_22.txt,25,50,12,10,22,1932,0.716094,,,,,
dataset_D2/tr_25_pr_50/m_12_n_10_seed_23.txt,25,50,12,10,23,1768,1.19741,,,,,
dataset_D2/tr_25_pr_50/m_12_n_10_seed_24.txt,25,50,12,10,24,1947,0.892867,,,,,
dataset_D2/tr_25_pr_50/m_12_n_10_seed_25.txt,25,50,12,10,25,1933,0.778036,,,,,
dataset_D2/tr_25_pr_50/m_12_n_10_seed_26.txt,25,50,12,10,26,2021,0.806041,,,,,
dataset_D2/tr_25_pr_50/m_12_n_10_seed_27.txt,25,50,12,10,27,1834,0.902159,,,,,
dataset_D2/tr_25_pr_50/m_12_n_10_seed_28.txt,25,50,12,10,28,1925,1.12958,,,,,
dataset_D2/tr_25_pr_50/m_12_n_10_seed_29.txt,25,50,12,10,29,1828,1.27445,,,,,
dataset_D2/tr_25_pr_50/m_12_n_10_seed_30.txt,25,50,12,10,30,1642,1.03929,,,,,
dataset_D2/tr_25_pr_50/m_12_n_10_seed_31.txt,25,50,12,10,31,1999,0.88043,,,,,
dataset_D2/tr_25_pr_50/m_12_n_10_seed_32.txt,25,50,12,10,32,2111,0.80679,,,,,
dataset_D2/tr_25_pr_50/m_12_n_10_seed_33.txt,25,50,12,10,33,1986,0.935365,,,,,
dataset_D2/tr_25_pr_50/m_12_n_10_seed_34.txt,25,50,12,10,34,1837,0.796267,,,,,
dataset_D2/tr_25_pr_50/m_12_n_10_seed_35.txt,25,50,12,10,35,1862,0.967432,,,,,
dataset_D2/tr_25_pr_50/m_12_n_10_seed_36.txt,25,50,12,10,36,2063,0.791862,,,,,
dataset_D2/tr_25_pr_50/m_12_n_10_seed_37.txt,25,50,12,10,37,1993,0.890902,,,,,
dataset_D2/tr_25_pr_50/m_12_n_10_seed_38.txt,25,50,12,10,38,2001,0.739693,,,,,
dataset_D2/tr_25_pr_50/m_12_n_10_seed_39.txt,25,50,12,10,39,1876,0.897519,,,,,
dataset_D2/tr_25_pr_50/m_12_n_10_seed_40.txt,25,50,12,10,40,1956,0.81365,,,,,
dataset_D2/tr_25_pr_50/m_12_n_10_seed_41.txt,25,50,12,10,41,2082,0.71841,,,,,
dataset_D2/tr_25_pr_50/m_12_n_10_seed_42.txt,25,50,12,10,42,1909,0.768431,,,,,
dataset_D2/tr_25_pr_50/m_12_n_10_seed_43.txt,25,50,12,10,43,2035,0.713436,,,,,
dataset_D2/tr_25_pr_50/m_12_n_10_seed_44.txt,25,50,12,10,44,1955,0.78736,,,,,
dataset_D2/tr_25_pr_50/m_12_n_10_seed_45.txt,25,50,12,10,45,2060,0.789025,,,,,
dataset_D2/tr_25_pr_50/m_12_n_10_seed_46.txt,25,50,12,10,46,1895,0.936422,,,,,
dataset_D2/tr_25_pr_50/m_12_n_10_seed_47.txt,25,50,12,10,47,1885,1.02573,,,,,
dataset_D2/tr_25_pr_50/m_12_n_10_seed_48.txt,25,50,12,10,48,2027,0.782396,,,,,
dataset_D2/tr_25_pr_50/m_12_n_10_seed_49.txt,25,50,12,10,49,1970,0.812326,,,,,
dataset_D2/tr_25_pr_50/m_12_n_20_seed_00.txt,25,50,12,20,0,4162,2.18711,,,,,
dataset_D2/tr_25_pr_50/m_12_n_20_seed_01.txt,25,50,12,20,1,3798,2.18997,,,,,
dataset_D2/tr_25_pr_50/m_12_n_20_seed_02.txt,25,50,12,20,2,4096,2.09843,,,,,
dataset_D2/tr_25_pr_50/m_12_n_20_seed_03.txt,25,50,12,20,3,3636,2.33376,,,,,
dataset_D2/tr_25_pr_50/m_12_n_20_seed_04.txt,25,50,12,20,4,3994,2.29303,,,,,
dataset_D2/tr_25_pr_50/m_12_n_20_seed_05.txt,25,50,12,20,5,4050,2.31678,,,,,
dataset_D2/tr_25_pr_50/m_12_n_20_seed_06.txt,25,50,12,20,6,3860,2.24874,,,,,
dataset_D2/tr_25_pr_50/m_12_n_20_seed_07.txt,25,50,12,20,7,3881,2.56334,,,,,
dataset_D2/tr_25_pr_50/m_12_n_20_seed_08.txt,25,50,12,20,8,3708,2.72934,,,,,
dataset_D2/tr_25_pr_50/m_12_n_20_seed_09.txt,25,50,12,20,9,4183,2.35117,,,,,
dataset_D2/tr_25_pr_50/m_12_n_20_seed_10.txt,25,50,12,20,10,3824,2.46062,,,,,
dataset_D2/tr_25_pr_50/m_12_n_20_seed_11.txt,25,50,12,20,11,3472,2.05796,,,,,
dataset_D2/tr_25_pr_50/m_12_n_20_seed_12.txt,25,50,12,20,12,3932,2.0044,,,,,
dataset_D2/tr_25_pr_50/m_12_n_20_seed_13.txt,25,50,12,20,13,3640,2.50792,,,,,
dataset_D2/tr_25_pr_50/m_12_n_20_seed_14.txt,25,50,12,20,14,3879,2.13254,,,,,
dataset_D2/tr_25_pr_50/m_12_n_20_seed_15.txt,25,50,12,20,15,3624,2.7108,,,,,
dataset_D2/tr_25_pr_50/m_12_n_20_seed_16.txt,25,50,12,20,16,3666,2.51354,,,,,
dataset_D2/tr_25_pr_50/m_12_n_20_seed_17.txt,25,50,12,20,17,3755,2.49618,,,,,
dataset_D2/tr_25_pr_50/m_12_n_20_seed_18.txt,25,50,12,20,18,3613,2.59263,,,,,
dataset_D2/tr_25_pr_50/m_12_n_20_seed_19.txt,25,50,12,20,19,3525,3.02427,,,,,
dataset_D2/tr_25_pr_50/m_12_n_20_seed_20.txt,25,50,12,20,20,3372,3.13084,,,,,
dataset_D2/tr_25_pr_50/m_12_n_20_seed_21.txt,25,50,12,20,21,4065,2.22625,,,,,
dataset_D2/tr_25_pr_50/m_12_n_20_seed_22.txt,25,50,12,20,22,3593,2.57344,,,,,
dataset_D2/tr_25_pr_50/m_12_n_20_seed_23.txt,25,50,12,20,23,3920,2.34311,,,,,
dataset_D2/tr_25_pr_50/m_12_n_20_seed_24.txt,25,50,12,20,24,3186,3.34832,,,,,
dataset_D2/tr_25_pr_50/m_12_n_20_seed_25.txt,25,50,12,20,25,3839,2.289,,,,,
dataset_D2/tr_25_pr_50/m_12_n_20_seed_26.txt,25,50,12,20,26,3884,2.22832,,,,,
dataset_D2/tr_25_pr_50/m_12_n_20_seed_27.txt,25,50,12,20,27,3919,2.10346,,,,,
dataset_D2/tr_25_pr_50/m_12_n_20_seed_28.txt,25,50,12,20,28,3834,2.20653,,,,,
dataset_D2/tr_25_pr_50/m_12_n_20_seed_29.txt,25,50,12,20,29,3863,2.60291,,,,,
dataset_D2/tr_25_pr_50/m_12_n_20_seed_30.txt,25,50,12,20,30,4171,2.45769,,,,,
dataset_D2/tr_25_pr_50/m_12_n_20_seed_31.txt,25,50,12,20,31,3853,3.23621,,,,,
dataset_D2/tr_25_pr_50/m_12_n_20_seed_32.txt,25,50,12,20,32,3529,2.45978,,,,,
dataset_D2/tr_25_pr_50/m_12_n_20_seed_33.txt,25,50,12,20,33,3677,2.71202,,,,,
dataset_D2/tr_25_pr_50/m_12_n_20_seed_34.txt,25,50,12,20,34,3678,3.38046,,,,,
dataset_D2/tr_25_pr_50/m_12_n_20_seed_35.txt,25,50,12,20,35,3462,2.40471,,,,,
dataset_D2/tr_25_pr_50/m_12_n_20_seed_36.txt,25,50,12,20,36,3286,2.67732,,,,,
dataset_D2/tr_25_pr_50/m_12_n_20_seed_37.txt,25,50,12,20,37,3793,2.75019,,,,,
dataset_D2/tr_25_pr_50/m_12_n_20_seed_38.txt,25,50,12,20,38,3524,2.66282,,,,,
dataset_D2/tr_25_pr_50/m_12_n_20_seed_39.txt,25,50,12,20,39,3943,2.44838,,,,,
dataset_D2/tr_25_pr_50/m_12_n_20_seed_40.txt,25,50,12,20,40,3967,2.41984,,,,,
dataset_D2/tr_25_pr_50/m_12_n_20_seed_41.txt,25,50,12,20,41,4104,2.43886,,,,,
dataset_D2/tr_25_pr_50/m_12_n_20_seed_42.txt,25,50,12,20,42,3884,2.17314,,,,,
dataset_D2/tr_25_pr_50/m_12_n_20_seed_43.txt,25,50,12,20,43,3914,2.6204,,,,,
dataset_D2/tr_25_pr_50/m_12_n_20_seed_44.txt,25,50,12,20,44,3683,2.33526,,,,,
dataset_D2/tr_25_pr_50/m_12_n_20_seed_45.txt,25,50,12,20,45,3875,2.69995,,,,,
dataset_D2/tr_25_pr_50/m_12_n_20_seed_46.txt,25,50,12,20,46,3820,2.58909,,,,,
dataset_D2/tr_25_pr_50/m_12_n_20_seed_47.txt,25,50,12,20,47,3712,2.31511,,,,,
dataset_D2/tr_25_pr_50/m_12_n_20_seed_48.txt,25,50,12,20,48,3509,3.14648,,,,,
dataset_D2/tr_25_pr_50/m_12_n_20_seed_49.txt,25,50,12,20,49,3722,2.45015,,,,,
dataset_D2/tr_25_pr_50/m_12_n_30_seed_00.txt,25,50,12,30,0,5365,5.01667,,,,,
dataset_D2/tr_25_pr_50/m_12_n_30_seed_01.txt,25,50,12,30,1,5838,4.44494,,,,,
dataset_D2/tr_25_pr_50/m_12_n_30_seed_02.txt,25,50,12,30,2,5421,4.70726,,,,,
dataset_D2/tr_25_pr_50/m_12_n_30_seed_03.txt,25,50,12,30,3,5832,4.44752,,,,,
dataset_D2/tr_25_pr_50/m_12_n_30_seed_04.txt,25,50,12,30,4,5942,3.86086,,,,,
dataset_D2/tr_25_pr_50/m_12_n_30_seed_05.txt,25,50,12,30,5,5548,3.89422,,,,,
dataset_D2/tr_25_pr_50/m_12_n_30_seed_06.txt,25,50,12,30,6,5838,4.18107,,,,,
dataset_D2/tr_25_pr_50/m_12_n_30_seed_07.txt,25,50,12,30,7,5438,4.47607,,,,,
dataset_D2/tr_25_pr_50/m_12_n_30_seed_08.txt,25,50,12,30,8,6067,3.8183,,,,,
dataset_D2/tr_25_pr_50/m_12_n_30_seed_09.txt,25,50,12,30,9,5654,3.90033,,,,,
dataset_D2/tr_25_pr_50/m_12_n_30_seed_10.txt,25,50,12,30,10,5484,4.23914,,,,,
dataset_D2/tr_25_pr_50/m_12_n_30_seed_11.txt,25,50,12,30,11,5387,4.66577,,,,,
dataset_D2/tr_25_pr_50/m_12_n_30_seed_12.txt,25,50,12,30,12,5784,4.0006,,,,,
dataset_D2/tr_25_pr_50/m_12_n_30_seed_13.txt,25,50,12,30,13,5782,3.8309,,,,,
dataset_D2/tr_25_pr_50/m_12_n_30_seed_14.txt,25,50,12,30,14,5172,5.79701,,,,,
dataset_D2/tr_25_pr_50/m_12_n_30_seed_15.txt,25,50,12,30,15,5802,4.25756,,,,,
dataset_D2/tr_25_pr_50/m_12_n_30_seed_16.txt,25,50,12,30,16,5792,4.3816,,,,,
dataset_D2/tr_25_pr_50/m_12_n_30_seed_17.txt,25,50,12,30,17,5468,4.10394,,,,,
dataset_D2/tr_25_pr_50/m_12_n_30_seed_18.txt,25,50,12,30,18,5794,3.84267,,,,,
dataset_D2/tr_25_pr_50/m_12_n_30_seed_19.txt,25,50,12,30,19,5740,5.56532,,,,,
dataset_D2/tr_25_pr_50/m_12_n_30_seed_20.txt,25,50,12,30,20,5602,3.65768,,,,,
dataset_D2/tr_25_pr_50/m_12_n_30_seed_21.txt,25,50,12,30,21,5887,4.34536,,,,,
dataset_D2/tr_25_pr_50/m_12_n_30_seed_22.txt,25,50,12,30,22,5492,4.46579,,,,,
dataset_D2/tr_25_pr_50/m_12_n_30_seed_23.txt,25,50,12,30,23,5213,5.1086,,,,,
dataset_D2/tr_25_pr_50/m_12_n_30_seed_24.txt,25,50,12,30,24,6074,4.36859,,,,,
dataset_D2/tr_25_pr_50/m_12_n_30_seed_25.txt,25,50,12,30,25,5702,4.32736,,,,,
dataset_D2/tr_25_pr_50/m_12_n_30_seed_26.txt,25,50,12,30,26,5715,4.24978,,,,,
dataset_D2/tr_25_pr_50/m_12_n_30_seed_27.txt,25,50,12,30,27,6204,3.92233,,,,,
dataset_D2/tr_25_pr_50/m_12_n_30_seed_28.txt,25,50,12,30,28,5356,4.65077,,,,,
dataset_D2/tr_25_pr_50/m_12_n_30_seed_29.txt,25,50,12,30,29,4977,4.56831,,,,,
dataset_D2/tr_25_pr_50/m_12_n_30_seed_30.txt,25,50,12,30,30,4978,3.9554,,,,,
dataset_D2/tr_25_pr_50/m_12_n_30_seed_31.txt,25,50,12,30,31,6002,4.08106,,,,,
dataset_D2/tr_25_pr_50/m_12_n_30_seed_32.txt,25,50,12,30,32,5979,4.01493,,,,,
dataset_D2/tr_25_pr_50/m_12_n_30_seed_33.txt,25,50,12,30,33,5467,4.04181,,,,,
dataset_D2/tr_25_pr_50/m_12_n_30_seed_34.txt,25,50,12,30,34,5481,4.27824,,,,,
dataset_D2/tr_25_pr_50/m_12_n_30_seed_35.txt,25,50,12,30,35,5057,5.86211,,,,,
dataset_D2/tr_25_pr_50/m_12_n_30_seed_36.txt,25,50,12,30,36,5633,4.15655,,,,,
dataset_D2/tr_25_pr_50/m_12_n_30_seed_37.txt,25,50,12,30,37,5105,5.08824,,,,,
dataset_D2/tr_25_pr_50/m_12_n_30_seed_38.txt,25,50,12,30,38,5487,4.04702,,,,,
dataset_D2/tr_25_pr_50/m_12_n_30_seed_39.txt,25,50,12,30,39,6082,4.33648,,,,,
dataset_D2/tr_25_pr_50/m_12_n_30_seed_40.txt,25,50,12,30,40,5733,4.39051,,,,,
dataset_D2/tr_25_pr_50/m_12_n_30_seed_41.txt,25,50,12,30,41,5702,4.29256,,,,,
dataset_D2/tr_25_pr_50/m_12_n_30_seed_42.txt,25,50,12,30,42,5686,4.90035,,,,,
dataset_D2/tr_25_pr_50/m_12_n_30_seed_43.txt,25,50,12,30,43,4935,5.36872,,,,,
dataset_D2/tr_25_pr_50/m_12_n_30_seed_44.txt,25,50,12,30,44,5552,5.28926,,,,,
dataset_D2/tr_25_pr_50/m_12_n_30_seed_45.txt,25,50,12,30,45,5693,4.2462,,,,,
dataset_D2/tr_25_pr_50/m_12_n_30_seed_46.txt,25,50,12,30,46,5650,3.61309,,,,,
dataset_D2/tr_25_pr_50/m_12_n_30_seed_47.txt,25,50,12,30,47,5633,5.83266,,,,,
dataset_D2/tr_25_pr_50/m_12_n_30_seed_48.txt,25,50,12,30,48,5359,4.12652,,,,,
dataset_D2/tr_25_pr_50/m_12_n_30_seed_49.txt,25,50,12,30,49,5801,4.14341,,,,,
dataset_D2/tr_25_pr_75/m_12_n_10_seed_00.txt,25,75,12,10,0,2163,1.18639,,,,,
dataset_D2/tr_25_pr_75/m_12_n_10_seed_01.txt,25,75,12,10,1,2263,1.40427,,,,,
dataset_D2/tr_25_pr_75/m_12_n_10_seed_02.txt,25,75,12,10,2,2040,1.33093,,,,,
dataset_D2/tr_25_pr_75/m_12_n_10_seed_03.txt,25,75,12,10,3,2078,1.29348,,,,,
dataset_D2/tr_25_pr_75/m_12_n_10_seed_04.txt,25,75,12,10,4,2036,1.15691,,,,,
dataset_D2/tr_25_pr_75/m_12_n_10_seed_05.txt,25,75,12,10,5,2164,1.17009,,,,,
dataset_D2/tr_25_pr_75/m_12_n_10_seed_06.txt,25,75,12,10,6,1957,1.95839,,,,,
dataset_D2/tr_25_pr_75/m_12_n_10_seed_07.txt,25,75,12,10,7,1972,1.65131,,,,,
dataset_D2/tr_25_pr_75/m_12_n_10_seed_08.txt,25,75,12,10,8,2054,1.33193,,,,,
dataset_D2/tr_25_pr_75/m_12_n_10_seed_09.txt,25,75,12,10,9,2051,1.64975,,,,,
dataset_D2/tr_25_pr_75/m_12_n_10_seed_10.txt,25,75,12,10,10,2066,1.57601,,,,,
dataset_D2/tr_25_pr_75/m_12_n_10_seed_11.txt,25,75,12,10,11,2174,1.57788,,,,,
dataset_D2/tr_25_pr_75/m_12_n_10_seed_12.txt,25,75,12,10,12,2032,1.92704,,,,,
dataset_D2/tr_25_pr_75/m_12_n_10_seed_13.txt,25,75,12,10,13,1992,1.55192,,,,,
dataset_D2/tr_25_pr_75/m_12_n_10_seed_14.txt,25,75,12,10,14,1997,1.49532,,,,,
dataset_D2/tr_25_pr_75/m_12_n_10_seed_15.txt,25,75,12,10,15,2038,1.27358,,,,,
dataset_D2/tr_25_pr_75/m_12_n_10_seed_16.txt,25,75,12,10,16,2150,2.06026,,,,,
dataset_D2/tr_25_pr_75/m_12_n_10_seed_17.txt,25,75,12,10,17,2161,1.51413,,,,,
dataset_D2/tr_25_pr_75/m_12_n_10_seed_18.txt,25,75,12,10,18,2085,1.72682,,,,,
dataset_D2/tr_25_pr_75/m_12_n_10_seed_19.txt,25,75,12,10,19,2100,1.00075,,,,,
dataset_D2/tr_25_pr_75/m_12_n_10_seed_20.txt,25,75,12,10,20,2093,1.01078,,,,,
dataset_D2/tr_25_pr_75/m_12_n_10_seed_21.txt,25,75,12,10,21,2272,1.59134,,,,,
dataset_D2/tr_25_pr_75/m_12_n_10_seed_22.txt,25,75,12,10,22,2226,1.08494,,,,,
dataset_D2/tr_25_pr_75/m_12_n_10_seed_23.txt,25,75,12,10,23,2173,1.20315,,,,,
dataset_D2/tr_25_pr_75/m_12_n_10_seed_24.txt,25,75,12,10,24,2016,1.32414,,,,,
dataset_D2/tr_25_pr_75/m_12_n_10_seed_25.txt,25,75,12,10,25,2105,1.18448,,,,,
dataset_D2/tr_25_pr_75/m_12_n_10_seed_26.txt,25,75,12,10,26,2067,1.4732,,,,,
dataset_D2/tr_25_pr_75/m_12_n_10_seed_27.txt,25,75,12,10,27,2194,1.40454,,,,,
dataset_D2/tr_25_pr_75/m_12_n_10_seed_28.txt,25,75,12,10,28,1995,1.41757,,,,,
dataset_D2/tr_25_pr_75/m_12_n_10_seed_29.txt,25,75,12,10,29,2060,1.4813,,,,,
dataset_D2/tr_25_pr_75/m_12_n_10_seed_30.txt,25,75,12,10,30,2401,1.0879,,,,,
dataset_D2/tr_25_pr_75/m_12_n_10_seed_31.txt,25,75,12,10,31,2106,1.31896,,,,,
dataset_D2/tr_25_pr_75/m_12_n_10_seed_32.txt,25,75,12,10,32,2064,1.69514,,,,,
dataset_D2/tr_25_pr_75/m_12_n_10_seed_33.txt,25,75,12,10,33,2106,1.37329,,,,,
dataset_D2/tr_25_pr_75/m_12_n_10_seed_34.txt,25,75,12,10,34,2107,1.62209,,,,,
dataset_D2/tr_25_pr_75/m_12_n_10_seed_35.txt,25,75,12,10,35,2045,1.55529,,,,,
dataset_D2/tr_25_pr_75/m_12_n_10_seed_36.txt,25,75,12,10,36,2206,1.05355,,,,,
dataset_D2/tr_25_pr_75/m_12_n_10_seed_37.txt,25,75,12,10,37,1967,1.86882,,,,,
dataset_D2/tr_25_pr_75/m_12_n_10_seed_38.txt,25,75,12,10,38,2123,1.50245,,,,,
dataset_D2/tr_25_pr_75/m_12_n_10_seed_39.txt,25,75,12,10,39,2092,1.31046,,,,,
dataset_D2/tr_25_pr_75/m_12_n_10_seed_40.txt,25,75,12,10,40,2074,1.51405,,,,,
dataset_D2/tr_25_pr_75/m_12_n_10_seed_41.txt,25,75,12,10,41,2131,1.22094,,,,,
dataset_D2/tr_25_pr_75/m_12_n_10_seed_42.txt,25,75,12,10,42,2119,1.73595,,,,,
dataset_D2/tr_25_pr_75/m_12_n_10_seed_43.txt,25,75,12,10,43,2249,1.49956,,,,,
dataset_D2/tr_25_pr_75/m_12_n_10_seed_44.txt,25,75,12,10,44,1982,1.68203,,,,,
dataset_D2/tr_25_pr_75/m_12_n_10_seed_45.txt,25,75,12,10,45,1848,2.22305,,,,,
dataset_D2/tr_25_pr_75/m_12_n_10_seed_46.txt,25,75,12,10,46,2122,1.45175,,,,,
dataset_D2/tr_25_pr_75/m_12_n_10_seed_47.txt,25,75,12,10,47,2135,1.49519,,,,,
dataset_D2/tr_25_pr_75/m_12_n_10_seed_48.txt,25,75,12,10,48,2252,1.14646,,,,,
dataset_D2/tr_25_pr_75/m_12_n_10_seed_49.txt,25,75,12,10,49,2235,1.0718,,,,,
dataset_D2/tr_25_pr_75/m_12_n_20_seed_00.txt,25,75,12,20,0,3721,4.085,,,,,
dataset_D2/tr_25_pr_75/m_12_n_20_seed_01.txt,25,75,12,20,1,3931,4.34812,,,,,
dataset_D2/tr_25_pr_75/m_12_n_20_seed_02.txt,25,75,12,20,2,3800,3.41913,,,,,
dataset_D2/tr_25_pr_75/m_12_n_20_seed_03.txt,25,75,12,20,3,4092,4.41068,,,,,
dataset_D2/tr_25_pr_75/m_12_n_20_seed_04.txt,25,75,12,20,4,4394,3.03761,,,,,
dataset_D2/tr_25_pr_75/m_12_n_20_seed_05.txt,25,75,12,20,5,4001,4.21326,,,,,
dataset_D2/tr_25_pr_75/m_12_n_20_seed_06.txt,25,75,12,20,6,4267,3.7281,,,,,
dataset_D2/tr_25_pr_75/m_12_n_20_seed_07.txt,25,75,12,20,7,3792,4.83247,,,,,
dataset_D2/tr_25_pr_75/m_12_n_20_seed_08.txt,25,75,12,20,8,3870,3.72495,,,,,
dataset_D2/tr_25_pr_75/m_12_n_20_seed_09.txt,25,75,12,20,9,4066,3.98346,,,,,
dataset_D2/tr_25_pr_75/m_12_n_20_seed_10.txt,25,75,12,20,10,4051,4.27014,,,,,
dataset_D2/tr_25_pr_75/m_12_n_20_seed_11.txt,25,75,12,20,11,3737,6.41132,,,,,
dataset_D2/tr_25_pr_75/m_12_n_20_seed_12.txt,25,75,12,20,12,4172,3.41196,,,,,
dataset_D2/tr_25_pr_75/m_12_n_20_seed_13.txt,25,75,12,20,13,4163,4.16875,,,,,
dataset_D2/tr_25_pr_75/m_12_n_20_seed_14.txt,25,75,12,20,14,3806,4.87437,,,,,
dataset_D2/tr_25_pr_75/m_12_n_20_seed_15.txt,25,75,12,20,15,4038,3.90945,,,,,
dataset_D2/tr_25_pr_75/m_12_n_20_seed_16.txt,25,75,12,20,16,3961,3.14179,,,,,
dataset_D2/tr_25_pr_75/m_12_n_20_seed_17.txt,25,75,12,20,17,3848,5.20213,,,,,
dataset_D2/tr_25_pr_75/m_12_n_20_seed_18.txt,25,75,12,20,18,3781,4.98197,,,,,
dataset_D2/tr_25_pr_75/m_12_n_20_seed_19.txt,25,75,12,20,19,3778,5.03096,,,,,
dataset_D2/tr_25_pr_75/m_12_n_20_seed_20.txt,25,75,12,20,20,4295,3.29685,,,,,
dataset_D2/tr_25_pr_75/m_12_n_20_seed_21.txt,25,75,12,20,21,3777,4.40071,,,,,
dataset_D2/tr_25_pr_75/m_12_n_20_seed_22.txt,25,75,12,20,22,3886,3.75617,,,,,
dataset_D2/tr_25_pr_75/m_12_n_20_seed_23.txt,25,75,12,20,23,3877,4.41722,,,,,
dataset_D2/tr_25_pr_75/m_12_n_20_seed_24.txt,25,75,12,20,24,3548,4.56159,,,,,
dataset_D2/tr_25_pr_75/m_12_n_20_seed_25.txt,25,75,12,20,25,3713,5.85105,,,,,
dataset_D2/tr_25_pr_75/m_12_n_20_seed_26.txt,25,75,12,20,26,3693,5.2905,,,,,
dataset_D2/tr_25_pr_75/m_12_n_20_seed_27.txt,25,75,12,20,27,4087,5.23503,,,,,
dataset_D2/tr_25_pr_75/m_12_n_20_seed_28.txt,25,75,12,20,28,3378,6.75216,,,,,
dataset_D2/tr_25_pr_75/m_12_n_20_seed_29.txt,25,75,12,20,29,3824,4.93514,,,,,
dataset_D2/tr_25_pr_75/m_12_n_20_seed_30.txt,25,75,12,20,30,3439,7.55673,,,,,
dataset_D2/tr_25_pr_75/m_12_n_20_seed_31.txt,25,75,12,20,31,3900,4.45085,,,,,
dataset_D2/tr_25_pr_75/m_12_n_20_seed_32.txt,25,75,12,20,32,4211,4.4546,,,,,
dataset_D2/tr_25_pr_75/m_12_n_20_seed_33.txt,25,75,12,20,33,4174,3.33986,,,,,
dataset_D2/tr_25_pr_75/m_12_n_20_seed_34.txt,25,75,12,20,34,3830,5.02484,,,,,
dataset_D2/tr_25_pr_75/m_12_n_20_seed_35.txt,25,75,12,20,35,4150,3.70351,,,,,
dataset_D2/tr_25_pr_75/m_12_n_20_seed_36.txt,25,75,12,20,36,4088,3.19404,,,,,
dataset_D2/tr_25_pr_75/m_12_n_20_seed_37.txt,25,75,12,20,37,3647,5.10327,,,,,
dataset_D2/tr_25_pr_75/m_12_n_20_seed_38.txt,25,75,12,20,38,3903,3.2106,,,,,
dataset_D2/tr_25_pr_75/m_12_n_20_seed_39.txt,25,75,12,20,39,3978,5.18063,,,,,
dataset_D2/tr_25_pr_75/m_12_n_20_seed_40.txt,25,75,12,20,40,4000,4.07785,,,,,
dataset_D2/tr_25_pr_75/m_12_n_20_seed_41.txt,25,75,12,20,41,3661,7.37718,,,,,
dataset_D2/tr_25_pr_75/m_12_n_20_seed_42.txt,25,75,12,20,42,3577,6.08293,,,,,
dataset_D2/tr_25_pr_75/m_12_n_20_seed_43.txt,25,75,12,20,43,4088,3.90067,,,,,
dataset_D2/tr_25_pr_75/m_12_n_20_seed_44.txt,25,75,12,20,44,3532,4.18239,,,,,
dataset_D2/tr_25_pr_75/m_12_n_20_seed_45.txt,25,75,12,20,45,3922,5.98998,,,,,
dataset_D2/tr_25_pr_75/m_12_n_20_seed_46.txt,25,75,12,20,46,4227,5.02635,,,,,
dataset_D2/tr_25_pr_75/m_12_n_20_seed_47.txt,25,75,12,20,47,3929,4.96656,,,,,
dataset_D2/tr_25_pr_75/m_12_n_20_seed_48.txt,25,75,12,20,48,3515,5.26393,,,,,
dataset_D2/tr_25_pr_75/m_12_n_20_seed_49.txt,25,75,12,20,49,3920,3.98441,,,,,
dataset_D2/tr_25_pr_75/m_12_n_30_seed_00.txt,25,75,12,30,0,5994,5.67601,,,,,
dataset_D2/tr_25_pr_75/m_12_n_30_seed_01.txt,25,75,12,30,1,5571,7.63631,,,,,
dataset_D2/tr_25_pr_75/m_12_n_30_seed_02.txt,25,75,12,30,2,5951,7.16445,,,,,
dataset_D2/tr_25_pr_75/m_12_n_30_seed_03.txt,25,75,12,30,3,5534,10.4338,,,,,
dataset_D2/tr_25_pr_75/m_12_n_30_seed_04.txt,25,75,12,30,4,5557,7.29059,,,,,
dataset_D2/tr_25_pr_75/m_12_n_30_seed_05.txt,25,75,12,30,5,5743,7.11424,,,,,
dataset_D2/tr_25_pr_75/m_12_n_30_seed_06.txt,25,75,12,30,6,5713,9.47106,,,,,
dataset_D2/tr_25_pr_75/m_12_n_30_seed_07.txt,25,75,12,30,7,5747,6.93328,,,,,
dataset_D2/tr_25_pr_75/m_12_n_30_seed_08.txt,25,75,12,30,8,6269,6.06625,,,,,
dataset_D2/tr_25_pr_75/m_12_n_30_seed_09.txt,25,75,12,30,9,5494,9.28114,,,,,
dataset_D2/tr_25_pr_75/m_12_n_30_seed_10.txt,25,75,12,30,10,6091,7.24381,,,,,
dataset_D2/tr_25_pr_75/m_12_n_30_seed_11.txt,25,75,12,30,11,5178,7.35603,,,,,
dataset_D2/tr_25_pr_75/m_12_n_30_seed_12.txt,25,75,12,30,12,5416,9.4731,,,,,
dataset_D2/tr_25_pr_75/m_12_n_30_seed_13.txt,25,75,12,30,13,5980,6.92419,,,,,
dataset_D2/tr_25_pr_75/m_12_n_30_seed_14.txt,25,75,12,30,14,6346,6.07263,,,,,
dataset_D2/tr_25_pr_75/m_12_n_30_seed_15.txt,25,75,12,30,15,5761,8.74924,,,,,
dataset_D2/tr_25_pr_75/m_12_n_30_seed_16.txt,25,75,12,30,16,5302,9.64226,,,,,
dataset_D2/tr_25_pr_75/m_12_n_30_seed_17.txt,25,75,12,30,17,4760,22.1312,,,,,
dataset_D2/tr_25_pr_75/m_12_n_30_seed_18.txt,25,75,12,30,18,5951,9.00185,,,,,
dataset_D2/tr_25_pr_75/m_12_n_30_seed_19.txt,25,75,12,30,19,5163,8.483,,,,,
dataset_D2/tr_25_pr_75/m_12_n_30_seed_20.txt,25,75,12,30,20,5857,5.3021,,,,,
dataset_D2/tr_25_pr_75/m_12_n_30_seed_21.txt,25,75,12,30,21,5201,10.6602,,,,,
dataset_D2/tr_25_pr_75/m_12_n_30_seed_22.txt,25,75,12,30,22,5448,9.59795,,,,,
dataset_D2/tr_25_pr_75/m_12_n_30_seed_23.txt,25,75,12,30,23,6215,5.78254,,,,,
dataset_D2/tr_25_pr_75/m_12_n_30_seed_24.txt,25,75,12,30,24,6082,6.76213,,,,,
dataset_D2/tr_25_pr_75/m_12_n_30_seed_25.txt,25,75,12,30,25,5896,6.40251,,,,,
dataset_D2/tr_25_pr_75/m_12_n_30_seed_26.txt,25,75,12,30,26,5558,7.9343,,,,,
dataset_D2/tr_25_pr_75/m_12_n_30_seed_27.txt,25,75,12,30,27,5900,6.43708,,,,,
dataset_D2/tr_25_pr_75/m_12_n_30_seed_28.txt,25,75,12,30,28,5784,7.51094,,,,,
dataset_D2/tr_25_pr_75/m_12_n_30_seed_29.txt,25,75,12,30,29,5241,7.09183,,,,,
dataset_D2/tr_25_pr_75/m_12_n_30_seed_30.txt,25,75,12,30,30,6442,6.01055,,,,,
dataset_D2/tr_25_pr_75/m_12_n_30_seed_31.txt,25,75,12,30,31,5405,8.8087,,,,,
dataset_D2/tr_25_pr_75/m_12_n_30_seed_32.txt,25,75,12,30,32,5879,7.79857,,,,,
dataset_D2/tr_25_pr_75/m_12_n_30_seed_33.txt,25,75,12,30,33,5641,7.81702,,,,,
dataset_D2/tr_25_pr_75/m_12_n_30_seed_34.txt,25,75,12,30,34,5589,6.68797,,,,,
dataset_D2/tr_25_pr_75/m_12_n_30_seed_35.txt,25,75,12,30,35,5293,8.07976,,,,,
dataset_D2/tr_25_pr_75/m_12_n_30_seed_36.txt,25,75,12,30,36,5331,8.55544,,,,,
dataset_D2/tr_25_pr_75/m_12_n_30_seed_37.txt,25,75,12,30,37,5810,6.57598,,,,,
dataset_D2/tr_25_pr_75/m_12_n_30_seed_38.txt,25,75,12,30,38,6210,7.92461,,,,,
dataset_D2/tr_25_pr_75/m_12_n_30_seed_39.txt,25,75,12,30,39,5810,7.12633,,,,,
dataset_D2/tr_25_pr_75/m_12_n_30_seed_40.txt,25,75,12,30,40,5853,7.21448,,,,,
dataset_D2/tr_25_pr_75/m_12_n_30_seed_41.txt,25,75,12,30,41,5971,4.98838,,,,,
dataset_D2/tr_25_pr_75/m_12_n_30_seed_42.txt,25,75,12,30,42,5529,5.83715,,,,,
dataset_D2/tr_25_pr_75/m_12_n_30_seed_43.txt,25,75,12,30,43,5763,7.47774,,,,,
dataset_D2/tr_25_pr_75/m_12_n_30_seed_44.txt,25,75,12,30,44,6042,8.22539,,,,,
dataset_D2/tr_25_pr_75/m_12_n_30_seed_45.txt,25,75,12,30,45,5835,7.40802,,,,,
dataset_D2/tr_25_pr_75/m_12_n_30_seed_46.txt,25,75,12,30,46,5996,6.08765,,,,,
dataset_D2/tr_25_pr_75/m_12_n_30_seed_47.txt,25,75,12,30,47,6259,5.60091,,,,,
dataset_D2/tr_25_pr_75/m_12_n_30_seed_48.txt,25,75,12,30,48,5745,5.18896,,,,,
dataset_D2/tr_25_pr_75/m_12_n_30_seed_49.txt,25,75,12,30,49,5559,8.99067,,,,,
dataset_D2/tr_50_pr_10/m_12_n_10_seed_00.txt,50,10,12,10,0,2453,0.796072,2453,4577,2457,2453,0.420295
dataset_D2/tr_50_pr_10/m_12_n_10_seed_01.txt,50,10,12,10,1,2531,0.728689,2531,4745,2531,2531,0.358104
dataset_D2/tr_50_pr_10/m_12_n_10_seed_02.txt,50,10,12,10,2,2267,0.810628,2341,3893,2315,2267,0.336368
dataset_D2/tr_50_pr_10/m_12_n_10_seed_03.txt,50,10,12,10,3,2226,0.761338,2227,3713,2328,2226,0.391099
dataset_D2/tr_50_pr_10/m_12_n_10_seed_04.txt,50,10,12,10,4,2334,0.886071,2343,3768,2343,2334,0.210683
dataset_D2/tr_50_pr_10/m_12_n_10_seed_05.txt,50,10,12,10,5,2295,0.736674,2295,3860,2295,2295,0.312647
dataset_D2/tr_50_pr_10/m_12_n_10_seed_06.txt,50,10,12,10,6,2366,0.657606,2400,4451,2387,2366,0.217839
dataset_D2/tr_50_pr_10/m_12_n_10_seed_07.txt,50,10,12,10,7,2569,0.694986,2569,4707,2569,2569,0.371417
dataset_D2/tr_50_pr_10/m_12_n_10_seed_08.txt,50,10,12,10,8,2347,0.728988,2382,4419,2473,2347,0.320254
dataset_D2/tr_50_pr_10/m_12_n_10_seed_09.txt,50,10,12,10,9,2520,0.746012,2529,4530,2529,2520,0.221194
dataset_D2/tr_50_pr_10/m_12_n_10_seed_10.txt,50,10,12,10,10,2473,0.731006,2473,4230,2473,2473,0.260728
dataset_D2/tr_50_pr_10/m_12_n_10_seed_11.txt,50,10,12,10,11,2403,0.781874,2403,4410,2403,2403,0.258363
dataset_D2/tr_50_pr_10/m_12_n_10_seed_12.txt,50,10,12,10,12,2459,0.761741,2462,4362,2514,2459,0.272352
dataset_D2/tr_50_pr_10/m_12_n_10_seed_13.txt,50,10,12,10,13,2334,0.689967,2334,4199,2334,2334,0.168253
dataset_D2/tr_50_pr_10/m_12_n_10_seed_14.txt,50,10,12,10,14,2446,0.757971,2446,4222,2446,2446,0.354088
dataset_D2/tr_50_pr_10/m_12_n_10_seed_15.txt,50,10,12,10,15,2325,0.787266,2325,3868,2325,2325,0.375927
dataset_D2/tr_50_pr_10/m_12_n_10_seed_16.txt,50,10,12,10,16,2471,0.737816,2471,4373,2471,2471,0.32649
dataset_D2/tr_50_pr_10/m_12_n_10_seed_17.txt,50,10,12,10,17,2560,0.698637,2560,4608,2560,2560,0.400132
dataset_D2/tr_50_pr_10/m_12_n_10_seed_18.txt,50,10,12,10,18,2412,0.713019,2412,4431,2412,2412,0.314555
dataset_D2/tr_50_pr_10/m_12_n_10_seed_19.txt,50,10,12,10,19,2326,0.878863,2342,3942,2342,2326,0.341049
dataset_D2/tr_50_pr_10/m_12_n_10_seed_20.txt,50,10,12,10,20,2380,0.666661,2380,4775,2380,2380,0.267126
dataset_D2/tr_50_pr_10/m_12_n_10_seed_21.txt,50,10,12,10,21,2402,0.745433,2402,4211,2402,2402,0.367151
dataset_D2/tr_50_pr_10/m_12_n_10_seed_22.txt,50,10,12,10,22,2424,0.749593,2424,4320,2424,2424,0.395972
dataset_D2/tr_50_pr_10/m_12_n_10_seed_23.txt,50,10,12,10,23,2427,0.887721,2427,4007,2427,2427,0.33691
dataset_D2/tr_50_pr_10/m_12_n_10_seed_24.txt,50,10,12,10,24,2604,0.855846,2604,4265,2604,2604,0.212191
dataset_D2/tr_50_pr_10/m_12_n_10_seed_25.txt,50,10,12,10,25,2355,0.71814,2355,4271,2355,2355,0.291778
dataset_D2/tr_50_pr_10/m_12_n_10_seed_26.txt,50,10,12,10,26,2495,0.961787,2495,4078,2495,2495,0.266672
dataset_D2/tr_50_pr_10/m_12_n_10_seed_27.txt,50,10,12,10,27,2588,0.931625,2588,4572,2588,2588,0.186182
dataset_D2/tr_50_pr_10/m_12_n_10_seed_28.txt,50,10,12,10,28,2526,0.680192,2526,4877,2526,2526,0.3374
dataset_D2/tr_50_pr_10/m_12_n_10_seed_29.txt,50,10,12,10,29,2605,0.790727,2605,4771,2605,2605,0.316977
dataset_D2/tr_50_pr_10/m_12_n_10_seed_30.txt,50,10,12,10,30,2348,0.804147,2363,4139,2363,2348,0.295966
dataset_D2/tr_50_pr_10/m_12_n_10_seed_31.txt,50,10,12,10,31,2424,0.711233,2424,4312,2424,2424,0.138735
dataset_D2/tr_50_pr_10/m_12_n_10_seed_32.txt,50,10,12,10,32,2371,0.703503,2371,4256,2493,2371,0.152833
dataset_D2/tr_50_pr_10/m_12_n_10_seed_33.txt,50,10,12,10,33,2355,0.657161,2355,4462,2828,2355,0.200162
dataset_D2/tr_50_pr_10/m_12_n_10_seed_34.txt,50,10,12,10,34,2195,0.919699,2195,3424,2195,2195,0.292156
dataset_D2/tr_50_pr_10/m_12_n_10_seed_35.txt,50,10,12,10,35,2433,0.686318,2433,4513,2433,2433,0.163172
dataset_D2/tr_50_pr_10/m_12_n_10_seed_36.txt,50,10,12,10,36,2423,0.72139,2423,4350,2423,2423,0.229087
dataset_D2/tr_50_pr_10/m_12_n_10_seed_37.txt,50,10,12,10,37,2339,0.815597,2339,4370,2339,2339,0.353182
dataset_D2/tr_50_pr_10/m_12_n_10_seed_38.txt,50,10,12,10,38,2235,0.775069,2238,3668,2342,2235,0.324664
dataset_D2/tr_50_pr_10/m_12_n_10_seed_39.txt,50,10,12,10,39,2240,0.713389,2302,4217,2278,2240,0.304137
dataset_D2/tr_50_pr_10/m_12_n_10_seed_40.txt,50,10,12,10,40,2277,0.668771,2277,3853,2277,2277,0.19994
dataset_D2/tr_50_pr_10/m_12_n_10_seed_41.txt,50,10,12,10,41,2502,0.838738,2502,4466,2502,2502,0.410286
dataset_D2/tr_50_pr_10/m_12_n_10_seed_42.txt,50,10,12,10,42,2211,0.779036,2211,3734,2211,2211,0.336455
dataset_D2/tr_50_pr_10/m_12_n_10_seed_43.txt,50,10,12,10,43,2229,0.763011,2252,3898,2252,2229,0.267036
dataset_D2/tr_50_pr_10/m_12_n_10_seed_44.txt,50,10,12,10,44,2177,0.789956,2177,3795,2177,2177,0.383843
dataset_D2/tr_50_pr_10/m_12_n_10_seed_45.txt,50,10,12,10,45,2375,0.71158,2375,4288,2375,2375,0.40003
dataset_D2/tr_50_pr_10/m_12_n_10_seed_46.txt,50,10,12,10,46,2192,0.735749,2192,3909,2192,2192,0.260598
dataset_D2/tr_50_pr_10/m_12_n_10_seed_47.txt,50,10,12,10,47,2273,0.756987,2273,3821,2273,2273,0.193744
dataset_D2/tr_50_pr_10/m_12_n_10_seed_48.txt,50,10,12,10,48,2217,0.721097,2240,4339,2222,2217,0.355906
dataset_D2/tr_50_pr_10/m_12_n_10_seed_49.txt,50,10,12,10,49,2686,0.733992,2686,4789,2770,2686,0.271487
dataset_D2/tr_50_pr_10/m_12_n_20_seed_00.txt,50,10,12,20,0,4608,2.69874,4608,7545,4851,4608,0.806826
dataset_D2/tr_50_pr_10/m_12_n_20_seed_01.txt,50,10,12,20,1,4727,2.35189,4727,8164,4727,4727,0.720321
dataset_D2/tr_50_pr_10/m_12_n_20_seed_02.txt,50,10,12,20,2,4836,3.005,4836,8458,4836,4836,1.00073
dataset_D2/tr_50_pr_10/m_12_n_20_seed_03.txt,50,10,12,20,3,4422,2.486,4422,7505,4422,4422,0.802481
dataset_D2/tr_50_pr_10/m_12_n_20_seed_04.txt,50,10,12,20,4,4920,2.54511,4922,8882,5087,4921,1.21827
dataset_D2/tr_50_pr_10/m_12_n_20_seed_05.txt,50,10,12,20,5,4783,2.25855,4783,8394,4783,4783,0.716044
dataset_D2/tr_50_pr_10/m_12_n_20_seed_06.txt,50,10,12,20,6,4535,2.32255,4555,7670,4555,4535,1.04802
dataset_D2/tr_50_pr_10/m_12_n_20_seed_07.txt,50,10,12,20,7,4710,2.30953,4720,7954,5108,4712,1.19089
dataset_D2/tr_50_pr_10/m_12_n_20_seed_08.txt,50,10,12,20,8,4672,2.76328,4674,7008,4674,4672,0.607259
dataset_D2/tr_50_pr_10/m_12_n_20_seed_09.txt,50,10,12,20,9,5163,2.18753,5163,9306,5163,5163,0.779064
dataset_D2/tr_50_pr_10/m_12_n_20_seed_10.txt,50,10,12,20,10,5081,2.50595,5081,9297,5081,5081,1.0351
dataset_D2/tr_50_pr_10/m_12_n_20_seed_11.txt,50,10,12,20,11,4258,2.59468,4258,6992,4283,4258,1.36097
dataset_D2/tr_50_pr_10/m_12_n_20_seed_12.txt,50,10,12,20,12,4720,2.48059,4720,8488,4720,4720,0.947839
dataset_D2/tr_50_pr_10/m_12_n_20_seed_13.txt,50,10,12,20,13,4473,2.51955,4592,7825,4592,4473,0.784131
dataset_D2/tr_50_pr_10/m_12_n_20_seed_14.txt,50,10,12,20,14,4861,2.60797,4861,8837,4861,4861,0.747083
dataset_D2/tr_50_pr_10/m_12_n_20_seed_15.txt,50,10,12,20,15,4601,2.22117,4601,8112,4601,4601,1.19997
dataset_D2/tr_50_pr_10/m_12_n_20_seed_16.txt,50,10,12,20,16,4752,1.85927,4752,9455,4752,4752,1.06526
dataset_D2/tr_50_pr_10/m_12_n_20_seed_17.txt,50,10,12,20,17,5013,2.60483,5015,8599,5015,5013,0.90922
dataset_D2/tr_50_pr_10/m_12_n_20_seed_18.txt,50,10,12,20,18,4773,2.41974,4889,8497,4890,4781,0.849272
dataset_D2/tr_50_pr_10/m_12_n_20_seed_19.txt,50,10,12,20,19,4993,2.19774,4993,9409,5752,4993,0.586629
dataset_D2/tr_50_pr_10/m_12_n_20_seed_20.txt,50,10,12,20,20,4636,1.98577,4643,8296,4643,4636,0.712874
dataset_D2/tr_50_pr_10/m_12_n_20_seed_21.txt,50,10,12,20,21,4701,2.31604,4706,8454,4706,4701,0.911039
dataset_D2/tr_50_pr_10/m_12_n_20_seed_22.txt,50,10,12,20,22,5011,2.40498,5011,8715,5011,5011,0.785423
dataset_D2/tr_50_pr_10/m_12_n_20_seed_23.txt,50,10,12,20,23,4882,2.21081,4882,8458,4882,4882,0.811083
dataset_D2/tr_50_pr_10/m_12_n_20_seed_24.txt,50,10,12,20,24,4479,2.57806,4479,7839,4479,4479,1.28215
dataset_D2/tr_50_pr_10/m_12_n_20_seed_25.txt,50,10,12,20,25,4141,2.22126,4141,7464,4409,4141,1.17728
dataset_D2/tr_50_pr_10/m_12_n_20_seed_26.txt,50,10,12,20,26,4908,2.12952,4908,8939,4908,4908,0.561829
dataset_D2/tr_50_pr_10/m_12_n_20_seed_27.txt,50,10,12,20,27,4520,2.20839,4520,7757,4559,4520,0.568262
dataset_D2/tr_50_pr_10/m_12_n_20_seed_28.txt,50,10,12,20,28,4701,2.21913,4702,8596,4702,4701,1.15054
dataset_D2/tr_50_pr_10/m_12_n_20_seed_29.txt,50,10,12,20,29,4638,2.24506,4638,7724,4638,4638,1.09727
dataset_D2/tr_50_pr_10/m_12_n_20_seed_30.txt,50,10,12,20,30,4476,2.28832,4476,7999,4476,4476,0.819063
dataset_D2/tr_50_pr_10/m_12_n_20_seed_31.txt,50,10,12,20,31,4591,2.04166,4604,9195,4602,4591,0.709107
dataset_D2/tr_50_pr_10/m_12_n_20_seed_32.txt,50,10,12,20,32,4770,2.06971,4771,8727,5107,4770,0.753013
dataset_D2/tr_50_pr_10/m_12_n_20_seed_33.txt,50,10,12,20,33,4564,2.21812,4607,8273,4607,4564,0.593136
dataset_D2/tr_50_pr_10/m_12_n_20_seed_34.txt,50,10,12,20,34,4770,2.53113,4770,7912,4770,4770,0.693193
dataset_D2/tr_50_pr_10/m_12_n_20_seed_35.txt,50,10,12,20,35,4818,2.61763,4818,7676,4818,4818,0.983077
dataset_D2/tr_50_pr_10/m_12_n_20_seed_36.txt,50,10,12,20,36,4860,2.16663,4863,8423,4863,4860,0.537414
dataset_D2/tr_50_pr_10/m_12_n_20_seed_37.txt,50,10,12,20,37,4508,2.21479,4508,7839,4775,4508,0.777355
dataset_D2/tr_50_pr_10/m_12_n_20_seed_38.txt,50,10,12,20,38,4336,2.46762,4376,7251,4342,4336,0.837602
dataset_D2/tr_50_pr_10/m_12_n_20_seed_39.txt,50,10,12,20,39,5008,2.33038,5008,8372,5008,5008,1.0513
dataset_D2/tr_50_pr_10/m_12_n_20_seed_40.txt,50,10,12,20,40,4399,2.61765,4430,7074,4430,4399,0.460075
dataset_D2/tr_50_pr_10/m_12_n_20_seed_41.txt,50,10,12,20,41,4870,2.58062,4940,8518,4940,4870,0.701488
dataset_D2/tr_50_pr_10/m_12_n_20_seed_42.txt,50,10,12,20,42,4588,1.99845,4588,8601,5308,4588,1.00278
dataset_D2/tr_50_pr_10/m_12_n_20_seed_43.txt,50,10,12,20,43,4712,2.26779,4712,8715,4712,4712,0.687487
dataset_D2/tr_50_pr_10/m_12_n_20_seed_44.txt,50,10,12,20,44,4866,2.36836,4866,8527,4866,4866,1.21581
dataset_D2/tr_50_pr_10/m_12_n_20_seed_45.txt,50,10,12,20,45,4665,2.33276,4665,8648,4665,4665,1.18138
dataset_D2/tr_50_pr_10/m_12_n_20_seed_46.txt,50,10,12,20,46,4624,2.04823,4624,8018,5275,4624,0.822186
dataset_D2/tr_50_pr_10/m_12_n_20_seed_47.txt,50,10,12,20,47,4660,2.98224,4660,8421,4660,4660,0.911449
dataset_D2/tr_50_pr_10/m_12_n_20_seed_48.txt,50,10,12,20,48,4631,3.06523,4631,8049,4631,4631,0.844636
dataset_D2/tr_50_pr_10/m_12_n_20_seed_49.txt,50,10,12,20,49,4748,3.6905,4748,8794,4748,4748,0.693891
dataset_D2/tr_50_pr_10/m_12_n_30_seed_00.txt,50,10,12,30,0,7314,4.79342,7314,11887,7314,7314,1.90523
dataset_D2/tr_50_pr_10/m_12_n_30_seed_01.txt,50,10,12,30,1,7244,4.20275,7354,13287,7764,7244,1.93055
dataset_D2/tr_50_pr_10/m_12_n_30_seed_02.txt,50,10,12,30,2,7188,3.82606,7370,13200,7543,7188,1.76269
dataset_D2/tr_50_pr_10/m_12_n_30_seed_03.txt,50,10,12,30,3,6864,4.55977,6871,12071,6867,6864,1.54236
dataset_D2/tr_50_pr_10/m_12_n_30_seed_04.txt,50,10,12,30,4,7905,4.60667,7905,13852,7905,7905,0.879164
dataset_D2/tr_50_pr_10/m_12_n_30_seed_05.txt,50,10,12,30,5,6637,3.93885,6643,12144,6729,6637,0.744137
dataset_D2/tr_50_pr_10/m_12_n_30_seed_06.txt,50,10,12,30,6,7480,3.93541,7480,13063,8087,7480,1.3978
dataset_D2/tr_50_pr_10/m_12_n_30_seed_07.txt,50,10,12,30,7,7051,4.2703,7139,12485,7139,7051,1.66534
dataset_D2/tr_50_pr_10/m_12_n_30_seed_08.txt,50,10,12,30,8,6902,3.81552,6902,12441,6902,6902,1.41073
dataset_D2/tr_50_pr_10/m_12_n_30_seed_09.txt,50,10,12,30,9,7491,3.8234,7520,12620,8024,7491,1.36628
dataset_D2/tr_50_pr_10/m_12_n_30_seed_10.txt,50,10,12,30,10,6440,4.30288,6440,11024,6440,6440,1.19051
dataset_D2/tr_50_pr_10/m_12_n_30_seed_11.txt,50,10,12,30,11,7316,4.16425,7334,12622,7334,7316,0.552627
dataset_D2/tr_50_pr_10/m_12_n_30_seed_12.txt,50,10,12,30,12,6498,4.40547,6507,10767,6507,6498,1.30236
dataset_D2/tr_50_pr_10/m_12_n_30_seed_13.txt,50,10,12,30,13,6947,3.5593,6954,12288,7181,6947,1.55157
dataset_D2/tr_50_pr_10/m_12_n_30_seed_14.txt,50,10,12,30,14,6424,4.85022,6604,9840,6956,6424,2.16362
dataset_D2/tr_50_pr_10/m_12_n_30_seed_15.txt,50,10,12,30,15,7599,4.97358,7599,12721,7599,7599,1.99824
dataset_D2/tr_50_pr_10/m_12_n_30_seed_16.txt,50,10,12,30,16,7394,4.03023,7394,12951,7394,7394,1.65489
dataset_D2/tr_50_pr_10/m_12_n_30_seed_17.txt,50,10,12,30,17,6979,5.11456,6979,11767,6979,6979,1.99786
dataset_D2/tr_50_pr_10/m_12_n_30_seed_18.txt,50,10,12,30,18,6766,3.73432,6897,12522,8170,6766,1.44055
dataset_D2/tr_50_pr_10/m_12_n_30_seed_19.txt,50,10,12,30,19,7301,4.43128,7355,13323,7355,7301,1.85184
dataset_D2/tr_50_pr_10/m_12_n_30_seed_20.txt,50,10,12,30,20,6859,3.97468,6859,12281,6859,6859,1.43713
dataset_D2/tr_50_pr_10/m_12_n_30_seed_21.txt,50,10,12,30,21,7123,3.93567,7136,12718,7136,7123,1.33899
dataset_D2/tr_50_pr_10/m_12_n_30_seed_22.txt,50,10,12,30,22,7038,4.32868,7038,12644,7038,7038,1.00232
dataset_D2/tr_50_pr_10/m_12_n_30_seed_23.txt,50,10,12,30,23,7210,3.62552,7278,12981,7278,7210,1.48878
dataset_D2/tr_50_pr_10/m_12_n_30_seed_24.txt,50,10,12,30,24,7293,3.9151,7293,13037,7293,7293,1.50581
dataset_D2/tr_50_pr_10/m_12_n_30_seed_25.txt,50,10,12,30,25,7388,5.31688,7390,11519,7390,7388,1.40427
dataset_D2/tr_50_pr_10/m_12_n_30_seed_26.txt,50,10,12,30,26,7439,5.16191,7439,13236,7439,7439,1.40249
dataset_D2/tr_50_pr_10/m_12_n_30_seed_27.txt,50,10,12,30,27,7012,3.81407,7016,13030,7650,7012,1.14882
dataset_D2/tr_50_pr_10/m_12_n_30_seed_28.txt,50,10,12,30,28,6947,4.49598,6947,12884,6947,6947,1.09637
dataset_D2/tr_50_pr_10/m_12_n_30_seed_29.txt,50,10,12,30,29,7457,4.26206,7457,13019,7854,7457,2.28015
dataset_D2/tr_50_pr_10/m_12_n_30_seed_30.txt,50,10,12,30,30,7616,4.67148,7616,12655,7616,7616,2.3049
dataset_D2/tr_50_pr_10/m_12_n_30_seed_31.txt,50,10,12,30,31,7668,3.76831,7668,12509,7668,7668,2.02129
dataset_D2/tr_50_pr_10/m_12_n_30_seed_32.txt,50,10,12,30,32,7391,4.38714,7391,12460,7391,7391,0.882559
dataset_D2/tr_50_pr_10/m_12_n_30_seed_33.txt,50,10,12,30,33,6516,5.20471,6696,11133,6696,6516,1.73882
dataset_D2/tr_50_pr_10/m_12_n_30_seed_34.txt,50,10,12,30,34,7063,4.37141,7063,12754,7063,7063,1.11227
dataset_D2/tr_50_pr_10/m_12_n_30_seed_35.txt,50,10,12,30,35,7378,3.36122,7384,12801,7384,7378,1.69109
dataset_D2/tr_50_pr_10/m_12_n_30_seed_36.txt,50,10,12,30,36,7105,3.93373,7112,12413,7113,7105,0.858696
dataset_D2/tr_50_pr_10/m_12_n_30_seed_37.txt,50,10,12,30,37,7500,4.48593,7580,12190,7580,7500,1.91
dataset_D2/tr_50_pr_10/m_12_n_30_seed_38.txt,50,10,12,30,38,7492,3.77638,7492,14078,7492,7492,1.57906
dataset_D2/tr_50_pr_10/m_12_n_30_seed_39.txt,50,10,12,30,39,7400,4.66562,7404,11699,7404,7400,1.43774
dataset_D2/tr_50_pr_10/m_12_n_30_seed_40.txt,50,10,12,30,40,6364,4.64941,6404,10406,6409,6364,1.99191
dataset_D2/tr_50_pr_10/m_12_n_30_seed_41.txt,50,10,12,30,41,7204,4.07181,7204,13444,7204,7204,1.78101
dataset_D2/tr_50_pr_10/m_12_n_30_seed_42.txt,50,10,12,30,42,7458,4.46679,7458,13619,7474,7458,1.03071
dataset_D2/tr_50_pr_10/m_12_n_30_seed_43.txt,50,10,12,30,43,6764,4.21344,6764,12586,7228,6764,1.74371
dataset_D2/tr_50_pr_10/m_12_n_30_seed_44.txt,50,10,12,30,44,7297,4.83998,7297,12037,7297,7297,0.914667
dataset_D2/tr_50_pr_10/m_12_n_30_seed_45.txt,50,10,12,30,45,7104,4.0586,7109,11418,7433,7104,1.53262
dataset_D2/tr_50_pr_10/m_12_n_30_seed_46.txt,50,10,12,30,46,6964,4.52869,6964,12806,6964,6964,1.9155
dataset_D2/tr_50_pr_10/m_12_n_30_seed_47.txt,50,10,12,30,47,7256,4.67615,7256,13576,7256,7256,0.971391
dataset_D2/tr_50_pr_10/m_12_n_30_seed_48.txt,50,10,12,30,48,7309,3.73539,7360,12842,7672,7314,0.895122
dataset_D2/tr_50_pr_10/m_12_n_30_seed_49.txt,50,10,12,30,49,7289,3.78653,7309,13167,8285,7289,1.22826
dataset_D2/tr_50_pr_100/m_12_n_10_seed_00.txt,50,100,12,10,0,3763,0.806124,7799,4521,4124,3778,0.322506
dataset_D2/tr_50_pr_100/m_12_n_10_seed_01.txt,50,100,12,10,1,3711,0.87062,7320,4612,4413,3738,0.389239
dataset_D2/tr_50_pr_100/m_12_n_10_seed_02.txt,50,100,12,10,2,3367,1.08557,7772,4021,3983,3397,0.363786
dataset_D2/tr_50_pr_100/m_12_n_10_seed_03.txt,50,100,12,10,3,3723,0.95841,7648,4566,4238,3767,0.318956
dataset_D2/tr_50_pr_100/m_12_n_10_seed_04.txt,50,100,12,10,4,3452,1.28504,7551,4005,3835,3529,0.490306
dataset_D2/tr_50_pr_100/m_12_n_10_seed_05.txt,50,100,12,10,5,3548,0.954491,7724,4280,4145,3580,0.348753
dataset_D2/tr_50_pr_100/m_12_n_10_seed_06.txt,50,100,12,10,6,3786,0.935427,8076,4804,4449,3819,0.253459
dataset_D2/tr_50_pr_100/m_12_n_10_seed_07.txt,50,100,12,10,7,4014,0.90417,7888,4873,4658,4072,0.324954
dataset_D2/tr_50_pr_100/m_12_n_10_seed_08.txt,50,100,12,10,8,3845,0.890568,8264,4614,4489,3875,0.289163
dataset_D2/tr_50_pr_100/m_12_n_10_seed_09.txt,50,100,12,10,9,4134,0.758109,7758,4934,4903,4140,0.263562
dataset_D2/tr_50_pr_100/m_12_n_10_seed_10.txt,50,100,12,10,10,3682,0.854493,7636,4438,4349,3714,0.292432
dataset_D2/tr_50_pr_100/m_12_n_10_seed_11.txt,50,100,12,10,11,3546,0.849623,7848,4133,4190,3562,0.26915
dataset_D2/tr_50_pr_100/m_12_n_10_seed_12.txt,50,100,12,10,12,3717,0.85018,7673,4632,4494,3781,0.306445
dataset_D2/tr_50_pr_100/m_12_n_10_seed_13.txt,50,100,12,10,13,3739,0.897048,7464,4370,4166,3748,0.288977
dataset_D2/tr_50_pr_100/m_12_n_10_seed_14.txt,50,100,12,10,14,3606,0.864062,7779,4314,4139,3620,0.265304
dataset_D2/tr_50_pr_100/m_12_n_10_seed_15.txt,50,100,12,10,15,3550,0.753657,7551,4402,4419,3617,0.187105
dataset_D2/tr_50_pr_100/m_12_n_10_seed_16.txt,50,100,12,10,16,3538,0.965632,7273,4248,4165,3579,0.330258
dataset_D2/tr_50_pr_100/m_12_n_10_seed_17.txt,50,100,12,10,17,3805,0.903063,8139,4757,4442,3854,0.33249
dataset_D2/tr_50_pr_100/m_12_n_10_seed_18.txt,50,100,12,10,18,3700,0.910759,7995,4516,4195,3728,0.270859
dataset_D2/tr_50_pr_100/m_12_n_10_seed_19.txt,50,100,12,10,19,3712,1.03847,8293,4501,4327,3771,0.323546
dataset_D2/tr_50_pr_100/m_12_n_10_seed_20.txt,50,100,12,10,20,3738,0.934951,7709,4521,4215,3799,0.327803
dataset_D2/tr_50_pr_100/m_12_n_10_seed_21.txt,50,100,12,10,21,3894,0.864917,7821,4646,4457,3938,0.293968
dataset_D2/tr_50_pr_100/m_12_n_10_seed_22.txt,50,100,12,10,22,3588,0.808351,7880,4283,4055,3672,0.296865
dataset_D2/tr_50_pr_100/m_12_n_10_seed_23.txt,50,100,12,10,23,3413,0.840993,7394,4157,4251,3547,0.32578
dataset_D2/tr_50_pr_100/m_12_n_10_seed_24.txt,50,100,12,10,24,3552,1.03797,7759,4232,4428,3629,0.316676
dataset_D2/tr_50_pr_100/m_12_n_10_seed_25.txt,50,100,12,10,25,3781,0.750891,7508,4675,4610,3913,0.221122
dataset_D2/tr_50_pr_100/m_12_n_10_seed_26.txt,50,100,12,10,26,3696,0.762767,7775,4495,4474,3809,0.223694
dataset_D2/tr_50_pr_100/m_12_n_10_seed_27.txt,50,100,12,10,27,3490,0.819377,7613,4216,3972,3519,0.179674
dataset_D2/tr_50_pr_100/m_12_n_10_seed_28.txt,50,100,12,10,28,3585,0.903662,7705,4356,4145,3627,0.355849
dataset_D2/tr_50_pr_100/m_12_n_10_seed_29.txt,50,100,12,10,29,3547,0.891315,8068,4180,4341,3560,0.259962
dataset_D2/tr_50_pr_100/m_12_n_10_seed_30.txt,50,100,12,10,30,3765,0.868659,7501,4546,4299,3823,0.255101
dataset_D2/tr_50_pr_100/m_12_n_10_seed_31.txt,50,100,12,10,31,3606,0.899631,7845,4506,4607,3709,0.271634
dataset_D2/tr_50_pr_100/m_12_n_10_seed_32.txt,50,100,12,10,32,3944,0.757224,8312,4673,4655,3946,0.284979
dataset_D2/tr_50_pr_100/m_12_n_10_seed_33.txt,50,100,12,10,33,3665,0.951975,8054,4496,4187,3704,0.319668
dataset_D2/tr_50_pr_100/m_12_n_10_seed_34.txt,50,100,12,10,34,3292,1.19708,7639,3906,3732,3328,0.4133
dataset_D2/tr_50_pr_100/m_12_n_10_seed_35.txt,50,100,12,10,35,3738,0.864617,7748,4648,4419,3862,0.243097
dataset_D2/tr_50_pr_100/m_12_n_10_seed_36.txt,50,100,12,10,36,3419,0.77715,6979,4187,4163,3481,0.25653
dataset_D2/tr_50_pr_100/m_12_n_10_seed_37.txt,50,100,12,10,37,3296,0.947497,7791,3815,3758,3331,0.252705
dataset_D2/tr_50_pr_100/m_12_n_10_seed_38.txt,50,100,12,10,38,3942,0.784132,7992,4669,4740,3966,0.342722
dataset_D2/tr_50_pr_100/m_12_n_10_seed_39.txt,50,100,12,10,39,3715,0.974024,7430,4347,4199,3781,0.258772
dataset_D2/tr_50_pr_100/m_12_n_10_seed_40.txt,50,100,12,10,40,3379,1.01533,8098,4012,4081,3402,0.363778
dataset_D2/tr_50_pr_100/m_12_n_10_seed_41.txt,50,100,12,10,41,3748,1.106,7947,4426,4332,3804,0.454511
dataset_D2/tr_50_pr_100/m_12_n_10_seed_42.txt,50,100,12,10,42,3113,1.29668,7300,3409,4179,3222,0.446309
dataset_D2/tr_50_pr_100/m_12_n_10_seed_43.txt,50,100,12,10,43,3452,0.921919,7936,4216,4588,3621,0.282383
dataset_D2/tr_50_pr_100/m_12_n_10_seed_44.txt,50,100,12,10,44,3795,0.859754,7708,4553,4154,3809,0.345493
dataset_D2/tr_50_pr_100/m_12_n_10_seed_45.txt,50,100,12,10,45,3549,0.927251,7729,4317,4470,3643,0.297087
dataset_D2/tr_50_pr_100/m_12_n_10_seed_46.txt,50,100,12,10,46,4076,0.792326,7795,4858,4762,4106,0.208993
dataset_D2/tr_50_pr_100/m_12_n_10_seed_47.txt,50,100,12,10,47,3846,1.02522,7697,4688,4412,3897,0.363649
dataset_D2/tr_50_pr_100/m_12_n_10_seed_48.txt,50,100,12,10,48,3625,0.945392,7684,4202,4721,3711,0.327595
dataset_D2/tr_50_pr_100/m_12_n_10_seed_49.txt,50,100,12,10,49,3784,1.027,7894,4511,4530,3857,0.373726
dataset_D2/tr_50_pr_100/m_12_n_20_seed_00.txt,50,100,12,20,0,6371,3.35645,15833,7620,7417,6585,1.04307
dataset_D2/tr_50_pr_100/m_12_n_20_seed_01.txt,50,100,12,20,1,6937,2.83578,15723,8000,8457,7020,1.15487
dataset_D2/tr_50_pr_100/m_12_n_20_seed_02.txt,50,100,12,20,2,7252,2.20713,15617,9189,9167,7389,0.586002
dataset_D2/tr_50_pr_100/m_12_n_20_seed_03.txt,50,100,12,20,3,6976,2.77077,15742,8586,8106,7039,0.838801
dataset_D2/tr_50_pr_100/m_12_n_20_seed_04.txt,50,100,12,20,4,6915,2.70085,15659,8325,8047,7007,0.907169
dataset_D2/tr_50_pr_100/m_12_n_20_seed_05.txt,50,100,12,20,5,7083,2.4309,15687,8661,8498,7206,0.810898
dataset_D2/tr_50_pr_100/m_12_n_20_seed_06.txt,50,100,12,20,6,7046,2.99176,16096,8083,8282,7089,0.87926
dataset_D2/tr_50_pr_100/m_12_n_20_seed_07.txt,50,100,12,20,7,7260,2.38334,15825,9160,8747,7394,0.616316
dataset_D2/tr_50_pr_100/m_12_n_20_seed_08.txt,50,100,12,20,8,6994,2.37201,15289,9151,8348,7124,0.660378
dataset_D2/tr_50_pr_100/m_12_n_20_seed_09.txt,50,100,12,20,9,7214,2.68728,16496,8479,8869,7470,0.930666
dataset_D2/tr_50_pr_100/m_12_n_20_seed_10.txt,50,100,12,20,10,6288,3.20464,15745,7657,7516,6520,0.95185
dataset_D2/tr_50_pr_100/m_12_n_20_seed_11.txt,50,100,12,20,11,7527,2.39032,16193,9136,9318,7575,0.601425
dataset_D2/tr_50_pr_100/m_12_n_20_seed_12.txt,50,100,12,20,12,7288,2.81396,16024,8809,8761,7483,1.04565
dataset_D2/tr_50_pr_100/m_12_n_20_seed_13.txt,50,100,12,20,13,6801,3.05141,15273,8329,8109,7000,0.951257
dataset_D2/tr_50_pr_100/m_12_n_20_seed_14.txt,50,100,12,20,14,7084,2.57683,15219,8723,8888,7117,0.765817
dataset_D2/tr_50_pr_100/m_12_n_20_seed_15.txt,50,100,12,20,15,7575,2.56597,15790,9274,9278,7748,0.666063
dataset_D2/tr_50_pr_100/m_12_n_20_seed_16.txt,50,100,12,20,16,6712,3.2758,15457,8428,8346,6977,1.09121
dataset_D2/tr_50_pr_100/m_12_n_20_seed_17.txt,50,100,12,20,17,7018,3.00719,16433,8525,8269,7108,1.01839
dataset_D2/tr_50_pr_100/m_12_n_20_seed_18.txt,50,100,12,20,18,7185,2.6206,16168,8820,8331,7223,0.861099
dataset_D2/tr_50_pr_100/m_12_n_20_seed_19.txt,50,100,12,20,19,7291,2.59651,15450,8810,8834,7424,0.957655
dataset_D2/tr_50_pr_100/m_12_n_20_seed_20.txt,50,100,12,20,20,7213,2.70893,15311,9193,8999,7403,0.736226
dataset_D2/tr_50_pr_100/m_12_n_20_seed_21.txt,50,100,12,20,21,6493,2.7385,15341,7931,8054,6556,0.726139
dataset_D2/tr_50_pr_100/m_12_n_20_seed_22.txt,50,100,12,20,22,7383,2.37811,15744,9178,8667,7523,0.737827
dataset_D2/tr_50_pr_100/m_12_n_20_seed_23.txt,50,100,12,20,23,7606,2.39778,15218,9493,8873,7779,0.796217
dataset_D2/tr_50_pr_100/m_12_n_20_seed_24.txt,50,100,12,20,24,6125,3.19195,15456,7735,7702,6201,0.953287
dataset_D2/tr_50_pr_100/m_12_n_20_seed_25.txt,50,100,12,20,25,6531,3.59077,15587,7362,7471,6603,1.50985
dataset_D2/tr_50_pr_100/m_12_n_20_seed_26.txt,50,100,12,20,26,6258,3.66418,14983,7958,7781,6582,0.856952
dataset_D2/tr_50_pr_100/m_12_n_20_seed_27.txt,50,100,12,20,27,6951,2.62092,16249,8467,8587,7054,0.83099
dataset_D2/tr_50_pr_100/m_12_n_20_seed_28.txt,50,100,12,20,28,6580,3.10929,15280,8002,7873,6757,0.902763
dataset_D2/tr_50_pr_100/m_12_n_20_seed_29.txt,50,100,12,20,29,6908,2.96739,15966,8203,7892,7009,1.11685
dataset_D2/tr_50_pr_100/m_12_n_20_seed_30.txt,50,100,12,20,30,6638,2.92531,15413,8068,7765,6763,1.01326
dataset_D2/tr_50_pr_100/m_12_n_20_seed_31.txt,50,100,12,20,31,7164,2.2541,15331,9050,9061,7223,0.636948
dataset_D2/tr_50_pr_100/m_12_n_20_seed_32.txt,50,100,12,20,32,7082,3.46679,15179,8290,8219,7289,1.17135
dataset_D2/tr_50_pr_100/m_12_n_20_seed_33.txt,50,100,12,20,33,6933,3.00045,15527,8555,8444,6999,1.01068
dataset_D2/tr_50_pr_100/m_12_n_20_seed_34.txt,50,100,12,20,34,6576,2.79314,15566,7833,7724,6685,0.833881
dataset_D2/tr_50_pr_100/m_12_n_20_seed_35.txt,50,100,12,20,35,7392,2.78637,15386,8921,8679,7501,1.05659
dataset_D2/tr_50_pr_100/m_12_n_20_seed_36.txt,50,100,12,20,36,7171,2.18999,15163,9205,9088,7454,0.737444
dataset_D2/tr_50_pr_100/m_12_n_20_seed_37.txt,50,100,12,20,37,7080,2.18644,16151,8977,8946,7201,0.538056
dataset_D2/tr_50_pr_100/m_12_n_20_seed_38.txt,50,100,12,20,38,6567,2.45146,14890,8156,8415,6646,0.594018
dataset_D2/tr_50_pr_100/m_12_n_20_seed_39.txt,50,100,12,20,39,7109,2.77559,15652,8577,8453,7295,0.806586
dataset_D2/tr_50_pr_100/m_12_n_20_seed_40.txt,50,100,12,20,40,7608,2.51067,15855,9670,9086,7653,0.938223
dataset_D2/tr_50_pr_100/m_12_n_20_seed_41.txt,50,100,12,20,41,6585,2.32718,15124,8202,8223,6618,0.752741
dataset_D2/tr_50_pr_100/m_12_n_20_seed_42.txt,50,100,12,20,42,6076,2.77868,15422,7477,7491,6100,0.705127
dataset_D2/tr_50_pr_100/m_12_n_20_seed_43.txt,50,100,12,20,43,6642,3.38237,15511,8179,8099,6712,0.992223
dataset_D2/tr_50_pr_100/m_12_n_20_seed_44.txt,50,100,12,20,44,7793,2.34204,16194,9443,9580,7814,0.747907
dataset_D2/tr_50_pr_100/m_12_n_20_seed_45.txt,50,100,12,20,45,7024,2.84691,15685,8553,8436,7210,0.923799
dataset_D2/tr_50_pr_100/m_12_n_20_seed_46.txt,50,100,12,20,46,6384,3.0939,14641,7866,8065,6573,1.05193
dataset_D2/tr_50_pr_100/m_12_n_20_seed_47.txt,50,100,12,20,47,7392,2.19931,15442,9033,8566,7518,0.945761
dataset_D2/tr_50_pr_100/m_12_n_20_seed_48.txt,50,100,12,20,48,7231,2.50034,15362,9090,9678,7419,0.618572
dataset_D2/tr_50_pr_100/m_12_n_20_seed_49.txt,50,100,12,20,49,7453,2.63174,15991,8647,8470,7582,0.98003
dataset_D2/tr_50_pr_100/m_12_n_30_seed_00.txt,50,100,12,30,0,9825,4.61697,22722,12216,12112,9909,1.25726
dataset_D2/tr_50_pr_100/m_12_n_30_seed_01.txt,50,100,12,30,1,10448,5.23054,23640,12032,12251,10699,2.14551
dataset_D2/tr_50_pr_100/m_12_n_30_seed_02.txt,50,100,12,30,2,10854,4.90156,24351,13527,13380,11166,1.36516
dataset_D2/tr_50_pr_100/m_12_n_30_seed_03.txt,50,100,12,30,3,10009,4.2289,23239,12375,12467,10063,1.15464
dataset_D2/tr_50_pr_100/m_12_n_30_seed_04.txt,50,100,12,30,4,8830,6.21373,22740,10753,11615,9264,1.64245
dataset_D2/tr_50_pr_100/m_12_n_30_seed_05.txt,50,100,12,30,5,10271,4.79612,23783,12297,11840,10352,1.87018
dataset_D2/tr_50_pr_100/m_12_n_30_seed_06.txt,50,100,12,30,6,10846,4.28539,23705,13370,12880,11065,1.37278
dataset_D2/tr_50_pr_100/m_12_n_30_seed_07.txt,50,100,12,30,7,9816,5.48513,22522,11762,11833,9999,2.16362
dataset_D2/tr_50_pr_100/m_12_n_30_seed_08.txt,50,100,12,30,8,9237,5.00498,23235,10607,11200,9583,1.71578
dataset_D2/tr_50_pr_100/m_12_n_30_seed_09.txt,50,100,12,30,9,10135,4.23041,23372,12487,11729,10252,1.40089
dataset_D2/tr_50_pr_100/m_12_n_30_seed_10.txt,50,100,12,30,10,10918,4.74391,24095,13367,12649,11008,1.43878
dataset_D2/tr_50_pr_100/m_12_n_30_seed_11.txt,50,100,12,30,11,10246,4.07347,22181,12886,12358,10452,1.18107
dataset_D2/tr_50_pr_100/m_12_n_30_seed_12.txt,50,100,12,30,12,9931,4.53244,22652,12608,12171,10220,1.41222
dataset_D2/tr_50_pr_100/m_12_n_30_seed_13.txt,50,100,12,30,13,9619,4.98276,23541,11875,11335,9639,1.38412
dataset_D2/tr_50_pr_100/m_12_n_30_seed_14.txt,50,100,12,30,14,9993,5.19746,24076,12524,11800,10144,1.2928
dataset_D2/tr_50_pr_100/m_12_n_30_seed_15.txt,50,100,12,30,15,10003,3.99815,23216,12994,12238,10267,1.13181
dataset_D2/tr_50_pr_100/m_12_n_30_seed_16.txt,50,100,12,30,16,9470,4.9476,23390,12051,11391,9603,1.47147
dataset_D2/tr_50_pr_100/m_12_n_30_seed_17.txt,50,100,12,30,17,9427,5.59979,22748,12359,12102,9819,1.51814
dataset_D2/tr_50_pr_100/m_12_n_30_seed_18.txt,50,100,12,30,18,10109,4.82936,22763,12568,11542,10262,1.79868
dataset_D2/tr_50_pr_100/m_12_n_30_seed_19.txt,50,100,12,30,19,10178,4.60055,23708,12693,12370,10430,1.6685
dataset_D2/tr_50_pr_100/m_12_n_30_seed_20.txt,50,100,12,30,20,10969,4.79105,23100,13811,13354,11165,1.54744
dataset_D2/tr_50_pr_100/m_12_n_30_seed_21.txt,50,100,12,30,21,9984,4.82449,23100,12227,12518,10032,1.19344
dataset_D2/tr_50_pr_100/m_12_n_30_seed_22.txt,50,100,12,30,22,10709,4.48282,24077,13673,13207,10969,1.69907
dataset_D2/tr_50_pr_100/m_12_n_30_seed_23.txt,50,100,12,30,23,9102,5.33164,23031,11134,10450,9368,1.51545
dataset_D2/tr_50_pr_100/m_12_n_30_seed_24.txt,50,100,12,30,24,10158,4.85477,22961,12206,11729,10199,1.55276
dataset_D2/tr_50_pr_100/m_12_n_30_seed_25.txt,50,100,12,30,25,9707,5.80027,23909,11175,11410,9852,2.13032
dataset_D2/tr_50_pr_100/m_12_n_30_seed_26.txt,50,100,12,30,26,10797,4.78844,23081,13022,12754,10930,1.72446
dataset_D2/tr_50_pr_100/m_12_n_30_seed_27.txt,50,100,12,30,27,10538,4.30364,23807,12942,12945,10951,1.39585
dataset_D2/tr_50_pr_100/m_12_n_30_seed_28.txt,50,100,12,30,28,9495,5.19918,24522,11597,11259,9705,1.63892
dataset_D2/tr_50_pr_100/m_12_n_30_seed_29.txt,50,100,12,30,29,10270,4.86158,23813,12468,13738,10842,1.58115
dataset_D2/tr_50_pr_100/m_12_n_30_seed_30.txt,50,100,12,30,30,10933,4.75824,24178,12892,13491,11017,1.52914
dataset_D2/tr_50_pr_100/m_12_n_30_seed_31.txt,50,100,12,30,31,9892,5.34868,23350,12346,12098,10483,1.72418
dataset_D2/tr_50_pr_100/m_12_n_30_seed_32.txt,50,100,12,30,32,10095,3.88144,23298,12904,12250,10205,1.05572
dataset_D2/tr_50_pr_100/m_12_n_30_seed_33.txt,50,100,12,30,33,9544,4.9257,22971,11881,11407,9629,1.48718
dataset_D2/tr_50_pr_100/m_12_n_30_seed_34.txt,50,100,12,30,34,10830,4.17301,23250,13514,12488,10891,1.17153
dataset_D2/tr_50_pr_100/m_12_n_30_seed_35.txt,50,100,12,30,35,9504,5.20473,23299,12418,11577,10066,1.50015
dataset_D2/tr_50_pr_100/m_12_n_30_seed_36.txt,50,100,12,30,36,9412,4.35541,22304,12083,12035,9755,1.09228
dataset_D2/tr_50_pr_100/m_12_n_30_seed_37.txt,50,100,12,30,37,9203,4.4385,21691,11634,11561,9320,1.28294
dataset_D2/tr_50_pr_100/m_12_n_30_seed_38.txt,50,100,12,30,38,10398,4.36394,23471,12756,12781,10505,1.36415
dataset_D2/tr_50_pr_100/m_12_n_30_seed_39.txt,50,100,12,30,39,9876,4.56671,23410,12180,11690,9975,1.41149
dataset_D2/tr_50_pr_100/m_12_n_30_seed_40.txt,50,100,12,30,40,10811,4.35164,21657,13236,13115,10901,1.31293
dataset_D2/tr_50_pr_100/m_12_n_30_seed_41.txt,50,100,12,30,41,11232,4.39352,23954,13958,13677,11394,1.61123
dataset_D2/tr_50_pr_100/m_12_n_30_seed_42.txt,50,100,12,30,42,11682,4.95427,23948,14307,13630,11823,1.76697
dataset_D2/tr_50_pr_100/m_12_n_30_seed_43.txt,50,100,12,30,43,11349,4.30399,24289,13240,14003,11374,1.39275
dataset_D2/tr_50_pr_100/m_12_n_30_seed_44.txt,50,100,12,30,44,10214,4.79035,23784,12621,12288,10268,1.39977
dataset_D2/tr_50_pr_100/m_12_n_30_seed_45.txt,50,100,12,30,45,10441,4.16714,22749,13272,12729,10480,0.94269
dataset_D2/tr_50_pr_100/m_12_n_30_seed_46.txt,50,100,12,30,46,10580,4.90332,23549,13201,13839,10824,1.5023
dataset_D2/tr_50_pr_100/m_12_n_30_seed_47.txt,50,100,12,30,47,10026,4.66711,23695,11790,11613,10081,1.33607
dataset_D2/tr_50_pr_100/m_12_n_30_seed_48.txt,50,100,12,30,48,10781,5.87544,23544,13876,13505,11008,1.23065
dataset_D2/tr_50_pr_100/m_12_n_30_seed_49.txt,50,100,12,30,49,10423,4.21705,24116,12808,13022,10749,1.04747
dataset_D2/tr_50_pr_150/m_12_n_10_seed_00.txt,50,150,12,10,0,3999,1.6444,10653,4912,4836,4083,0.462172
dataset_D2/tr_50_pr_150/m_12_n_10_seed_01.txt,50,150,12,10,1,3697,1.50302,10020,4298,4509,3782,0.348699
dataset_D2/tr_50_pr_150/m_12_n_10_seed_02.txt,50,150,12,10,2,3649,2.90577,11121,4047,4042,3686,0.744456
dataset_D2/tr_50_pr_150/m_12_n_10_seed_03.txt,50,150,12,10,3,4103,1.5107,11275,4768,4856,4132,0.548392
dataset_D2/tr_50_pr_150/m_12_n_10_seed_04.txt,50,150,12,10,4,4190,1.33726,10228,5069,4715,4218,0.40194
dataset_D2/tr_50_pr_150/m_12_n_10_seed_05.txt,50,150,12,10,5,3556,2.44915,10479,4128,4135,3575,0.496815
dataset_D2/tr_50_pr_150/m_12_n_10_seed_06.txt,50,150,12,10,6,3746,2.03748,10857,4395,4307,3755,0.558407
dataset_D2/tr_50_pr_150/m_12_n_10_seed_07.txt,50,150,12,10,7,3589,2.99504,10941,4085,4245,3620,0.798025
dataset_D2/tr_50_pr_150/m_12_n_10_seed_08.txt,50,150,12,10,8,4003,1.60463,11685,4738,4540,4112,0.447243
dataset_D2/tr_50_pr_150/m_12_n_10_seed_09.txt,50,150,12,10,9,4129,1.70452,10823,4838,4758,4151,0.390871
dataset_D2/tr_50_pr_150/m_12_n_10_seed_10.txt,50,150,12,10,10,4017,1.59335,11152,4829,4752,4045,0.474955
dataset_D2/tr_50_pr_150/m_12_n_10_seed_11.txt,50,150,12,10,11,4226,1.19485,10706,5261,5077,4305,0.290968
dataset_D2/tr_50_pr_150/m_12_n_10_seed_12.txt,50,150,12,10,12,3779,2.02264,11040,4222,4385,3821,0.570779
dataset_D2/tr_50_pr_150/m_12_n_10_seed_13.txt,50,150,12,10,13,4091,1.27962,11141,4736,4904,4133,0.439006
dataset_D2/tr_50_pr_150/m_12_n_10_seed_14.txt,50,150,12,10,14,3958,2.23286,11310,4665,4462,4002,0.747725
dataset_D2/tr_50_pr_150/m_12_n_10_seed_15.txt,50,150,12,10,15,3671,1.73692,10092,4241,4508,3692,0.521899
dataset_D2/tr_50_pr_150/m_12_n_10_seed_16.txt,50,150,12,10,16,3880,1.81149,10957,4610,4566,3933,0.445262
dataset_D2/tr_50_pr_150/m_12_n_10_seed_17.txt,50,150,12,10,17,3620,3.14655,10615,3979,4872,3771,1.02061
dataset_D2/tr_50_pr_150/m_12_n_10_seed_18.txt,50,150,12,10,18,3902,2.75874,10396,4466,4460,3951,1.06112
dataset_D2/tr_50_pr_150/m_12_n_10_seed_19.txt,50,150,12,10,19,3659,2.27256,10777,4240,4358,3717,0.625397
dataset_D2/tr_50_pr_150/m_12_n_10_seed_20.txt,50,150,12,10,20,4088,1.0702,10046,4913,4870,4123,0.280163
dataset_D2/tr_50_pr_150/m_12_n_10_seed_21.txt,50,150,12,10,21,4147,1.35501,10953,4597,4639,4173,0.321344
dataset_D2/tr_50_pr_150/m_12_n_10_seed_22.txt,50,150,12,10,22,3684,2.08412,11093,4256,4463,3829,0.491342
dataset_D2/tr_50_pr_150/m_12_n_10_seed_23.txt,50,150,12,10,23,3585,1.90624,9612,4091,4277,3622,0.596836
dataset_D2/tr_50_pr_150/m_12_n_10_seed_24.txt,50,150,12,10,24,4051,2.19326,11143,4597,5131,4189,0.6442
dataset_D2/tr_50_pr_150/m_12_n_10_seed_25.txt,50,150,12,10,25,4081,1.59122,10799,4711,5014,4119,0.426606
dataset_D2/tr_50_pr_150/m_12_n_10_seed_26.txt,50,150,12,10,26,3739,1.9137,10375,4005,3969,3798,0.702032
dataset_D2/tr_50_pr_150/m_12_n_10_seed_27.txt,50,150,12,10,27,4001,1.54407,11199,4702,4699,4106,0.422878
dataset_D2/tr_50_pr_150/m_12_n_10_seed_28.txt,50,150,12,10,28,4096,1.89364,12002,4671,4867,4185,0.677182
dataset_D2/tr_50_pr_150/m_12_n_10_seed_29.txt,50,150,12,10,29,3875,1.69978,11224,4565,4344,3922,0.565294
dataset_D2/tr_50_pr_150/m_12_n_10_seed_30.txt,50,150,12,10,30,3756,2.26725,11451,4390,4630,3861,0.477295
dataset_D2/tr_50_pr_150/m_12_n_10_seed_31.txt,50,150,12,10,31,4014,1.69659,11918,4496,4868,4048,0.496352
dataset_D2/tr_50_pr_150/m_12_n_10_seed_32.txt,50,150,12,10,32,4064,1.8059,10954,4617,4651,4178,0.451674
dataset_D2/tr_50_pr_150/m_12_n_10_seed_33.txt,50,150,12,10,33,3591,1.43633,9844,4390,4641,3598,0.314617
dataset_D2/tr_50_pr_150/m_12_n_10_seed_34.txt,50,150,12,10,34,3719,1.8947,10259,4330,4235,3791,0.514842
dataset_D2/tr_50_pr_150/m_12_n_10_seed_35.txt,50,150,12,10,35,4023,1.33419,9881,4760,4699,4043,0.519496
dataset_D2/tr_50_pr_150/m_12_n_10_seed_36.txt,50,150,12,10,36,3835,1.71372,11010,4233,4761,3939,0.590957
dataset_D2/tr_50_pr_150/m_12_n_10_seed_37.txt,50,150,12,10,37,4181,1.66403,11006,4943,4861,4234,0.410413
dataset_D2/tr_50_pr_150/m_12_n_10_seed_38.txt,50,150,12,10,38,3864,1.87398,9976,4425,4502,3903,0.493136
dataset_D2/tr_50_pr_150/m_12_n_10_seed_39.txt,50,150,12,10,39,3930,2.67667,11132,4420,4542,3993,0.72753
dataset_D2/tr_50_pr_150/m_12_n_10_seed_40.txt,50,150,12,10,40,3850,1.3633,9484,4646,4591,3886,0.446523
dataset_D2/tr_50_pr_150/m_12_n_10_seed_41.txt,50,150,12,10,41,4208,1.67,11036,4949,5273,4371,0.466678
dataset_D2/tr_50_pr_150/m_12_n_10_seed_42.txt,50,150,12,10,42,4239,1.34339,9813,4987,4756,4280,0.417055
dataset_D2/tr_50_pr_150/m_12_n_10_seed_43.txt,50,150,12,10,43,4175,1.61832,11165,4759,4706,4264,0.441446
dataset_D2/tr_50_pr_150/m_12_n_10_seed_44.txt,50,150,12,10,44,3924,1.99459,10408,4723,4853,3999,0.603068
dataset_D2/tr_50_pr_150/m_12_n_10_seed_45.txt,50,150,12,10,45,4077,1.68042,10817,4736,4690,4171,0.490186
dataset_D2/tr_50_pr_150/m_12_n_10_seed_46.txt,50,150,12,10,46,3849,2.63596,11059,4312,4362,3926,0.487667
dataset_D2/tr_50_pr_150/m_12_n_10_seed_47.txt,50,150,12,10,47,3787,2.76965,11400,4673,4739,3799,0.428052
dataset_D2/tr_50_pr_150/m_12_n_10_seed_48.txt,50,150,12,10,48,3739,1.26524,9775,4565,4528,3789,0.353344
dataset_D2/tr_50_pr_150/m_12_n_10_seed_49.txt,50,150,12,10,49,3584,2.18274,10643,4172,4220,3608,0.562913
dataset_D2/tr_50_pr_150/m_12_n_20_seed_00.txt,50,150,12,20,0,7461,4.70865,22148,8812,8781,7543,1.35593
dataset_D2/tr_50_pr_150/m_12_n_20_seed_01.txt,50,150,12,20,1,7109,4.99695,21904,8655,8647,7249,1.21914
dataset_D2/tr_50_pr_150/m_12_n_20_seed_02.txt,50,150,12,20,2,7198,3.99053,20383,8961,8960,7420,0.760156
dataset_D2/tr_50_pr_150/m_12_n_20_seed_03.txt,50,150,12,20,3,7461,4.50099,21615,8893,9267,7522,1.06335
dataset_D2/tr_50_pr_150/m_12_n_20_seed_04.txt,50,150,12,20,4,7249,5.56905,21561,8736,8644,7313,1.06116
dataset_D2/tr_50_pr_150/m_12_n_20_seed_05.txt,50,150,12,20,5,6788,3.96685,19178,8384,8250,6814,0.957149
dataset_D2/tr_50_pr_150/m_12_n_20_seed_06.txt,50,150,12,20,6,7356,5.23527,22440,8761,8649,7388,1.28118
dataset_D2/tr_50_pr_150/m_12_n_20_seed_07.txt,50,150,12,20,7,7959,4.06112,22344,9255,9726,8066,1.19983
dataset_D2/tr_50_pr_150/m_12_n_20_seed_08.txt,50,150,12,20,8,7123,5.17659,21929,8673,8308,7153,1.40825
dataset_D2/tr_50_pr_150/m_12_n_20_seed_09.txt,50,150,12,20,9,6759,8.46188,21269,7695,7852,6826,2.13008
dataset_D2/tr_50_pr_150/m_12_n_20_seed_10.txt,50,150,12,20,10,7502,3.65567,22009,9434,9000,7509,0.898081
dataset_D2/tr_50_pr_150/m_12_n_20_seed_11.txt,50,150,12,20,11,7528,3.77347,21407,9329,9221,7666,0.975977
dataset_D2/tr_50_pr_150/m_12_n_20_seed_12.txt,50,150,12,20,12,6425,6.91273,21783,7583,8086,6514,1.54478
dataset_D2/tr_50_pr_150/m_12_n_20_seed_13.txt,50,150,12,20,13,6465,7.03143,21490,7877,7913,6615,1.71054
dataset_D2/tr_50_pr_150/m_12_n_20_seed_14.txt,50,150,12,20,14,6998,6.50729,21513,8464,8409,7242,1.1732
dataset_D2/tr_50_pr_150/m_12_n_20_seed_15.txt,50,150,12,20,15,7461,7.10847,22330,8983,8960,7497,1.40446
dataset_D2/tr_50_pr_150/m_12_n_20_seed_16.txt,50,150,12,20,16,7606,3.99449,22438,9264,9470,7629,0.89295
dataset_D2/tr_50_pr_150/m_12_n_20_seed_17.txt,50,150,12,20,17,7143,6.91489,22253,8072,7961,7309,1.90774
dataset_D2/tr_50_pr_150/m_12_n_20_seed_18.txt,50,150,12,20,18,7061,5.69666,21229,8219,8208,7175,1.33983
dataset_D2/tr_50_pr_150/m_12_n_20_seed_19.txt,50,150,12,20,19,7159,5.25914,20768,8609,8559,7361,1.20439
dataset_D2/tr_50_pr_150/m_12_n_20_seed_20.txt,50,150,12,20,20,7546,5.22931,22275,9601,9365,7780,0.980118
dataset_D2/tr_50_pr_150/m_12_n_20_seed_21.txt,50,150,12,20,21,7290,5.91364,22330,8045,8487,7472,2.24699
dataset_D2/tr_50_pr_150/m_12_n_20_seed_22.txt,50,150,12,20,22,7190,6.27416,21032,8742,8618,7344,1.61764
dataset_D2/tr_50_pr_150/m_12_n_20_seed_23.txt,50,150,12,20,23,7376,5.10073,21592,8611,8658,7459,1.68751
dataset_D2/tr_50_pr_150/m_12_n_20_seed_24.txt,50,150,12,20,24,7729,4.22358,22507,9049,9397,7747,1.28534
dataset_D2/tr_50_pr_150/m_12_n_20_seed_25.txt,50,150,12,20,25,7291,4.32647,21149,9171,9113,7313,1.19025
dataset_D2/tr_50_pr_150/m_12_n_20_seed_26.txt,50,150,12,20,26,7288,4.41742,21497,8766,8703,7315,1.45057
dataset_D2/tr_50_pr_150/m_12_n_20_seed_27.txt,50,150,12,20,27,7442,4.31073,22573,9074,9100,7550,1.3431
dataset_D2/tr_50_pr_150/m_12_n_20_seed_28.txt,50,150,12,20,28,7576,4.66094,22467,8963,9125,7685,1.06833
dataset_D2/tr_50_pr_150/m_12_n_20_seed_29.txt,50,150,12,20,29,7575,5.42923,21466,8991,9068,7688,1.3023
dataset_D2/tr_50_pr_150/m_12_n_20_seed_30.txt,50,150,12,20,30,6814,7.87814,22425,7977,8202,6860,1.72233
dataset_D2/tr_50_pr_150/m_12_n_20_seed_31.txt,50,150,12,20,31,6740,4.48209,20236,8489,8392,7027,1.16082
dataset_D2/tr_50_pr_150/m_12_n_20_seed_32.txt,50,150,12,20,32,6402,7.06045,20447,7840,8084,6576,1.74697
dataset_D2/tr_50_pr_150/m_12_n_20_seed_33.txt,50,150,12,20,33,8148,4.24789,21325,9470,9444,8168,1.25175
dataset_D2/tr_50_pr_150/m_12_n_20_seed_34.txt,50,150,12,20,34,7503,5.25843,21809,8616,9083,7643,1.76653
dataset_D2/tr_50_pr_150/m_12_n_20_seed_35.txt,50,150,12,20,35,7138,3.67987,20242,8577,8476,7203,0.982027
dataset_D2/tr_50_pr_150/m_12_n_20_seed_36.txt,50,150,12,20,36,7276,5.97818,21514,8940,9102,7452,1.18681
dataset_D2/tr_50_pr_150/m_12_n_20_seed_37.txt,50,150,12,20,37,6295,9.13291,22053,7722,7501,6413,2.47423
dataset_D2/tr_50_pr_150/m_12_n_20_seed_38.txt,50,150,12,20,38,7640,4.09379,21436,9248,9763,7717,1.26673
dataset_D2/tr_50_pr_150/m_12_n_20_seed_39.txt,50,150,12,20,39,7084,5.27072,20377,8497,8581,7198,1.1501
dataset_D2/tr_50_pr_150/m_12_n_20_seed_40.txt,50,150,12,20,40,7630,4.87084,22376,8734,9047,7647,1.40139
dataset_D2/tr_50_pr_150/m_12_n_20_seed_41.txt,50,150,12,20,41,7607,5.08596,21987,8957,8807,7669,1.10523
dataset_D2/tr_50_pr_150/m_12_n_20_seed_42.txt,50,150,12,20,42,6948,5.02536,21723,8618,9138,7000,1.18969
dataset_D2/tr_50_pr_150/m_12_n_20_seed_43.txt,50,150,12,20,43,7574,4.98734,21599,9391,9844,7668,1.08091
dataset_D2/tr_50_pr_150/m_12_n_20_seed_44.txt,50,150,12,20,44,8102,3.85517,21478,10211,9526,8222,1.14895
dataset_D2/tr_50_pr_150/m_12_n_20_seed_45.txt,50,150,12,20,45,6496,5.62176,20878,8007,7067,6502,1.19031
dataset_D2/tr_50_pr_150/m_12_n_20_seed_46.txt,50,150,12,20,46,7343,8.03062,21314,8780,8485,7398,1.8851
dataset_D2/tr_50_pr_150/m_12_n_20_seed_47.txt,50,150,12,20,47,7447,4.57404,21291,8995,9118,7641,1.04978
dataset_D2/tr_50_pr_150/m_12_n_20_seed_48.txt,50,150,12,20,48,6633,4.93266,20035,8214,8570,6875,1.05829
dataset_D2/tr_50_pr_150/m_12_n_20_seed_49.txt,50,150,12,20,49,7806,5.39191,22746,9061,9027,7941,1.94309
dataset_D2/tr_50_pr_150/m_12_n_30_seed_00.txt,50,150,12,30,0,11382,7.18479,31430,14322,14311,11670,1.45241
dataset_D2/tr_50_pr_150/m_12_n_30_seed_01.txt,50,150,12,30,1,10306,18.0415,33594,11854,12246,10385,4.11449
dataset_D2/tr_50_pr_150/m_12_n_30_seed_02.txt,50,150,12,30,2,9779,9.69831,32856,12091,12368,9883,2.42421
dataset_D2/tr_50_pr_150/m_12_n_30_seed_03.txt,50,150,12,30,3,11148,6.62237,31875,13399,13627,11184,1.8744
dataset_D2/tr_50_pr_150/m_12_n_30_seed_04.txt,50,150,12,30,4,10575,9.25342,32402,12649,12968,10869,2.59845
dataset_D2/tr_50_pr_150/m_12_n_30_seed_05.txt,50,150,12,30,5,10450,9.25116,33813,12609,12721,10513,2.5492
dataset_D2/tr_50_pr_150/m_12_n_30_seed_06.txt,50,150,12,30,6,11570,9.95147,32033,13822,13875,11907,2.16088
dataset_D2/tr_50_pr_150/m_12_n_30_seed_07.txt,50,150,12,30,7,10777,9.16793,32183,13116,12738,10997,2.68791
dataset_D2/tr_50_pr_150/m_12_n_30_seed_08.txt,50,150,12,30,8,10284,8.92632,32608,11867,12276,10432,2.32208
dataset_D2/tr_50_pr_150/m_12_n_30_seed_09.txt,50,150,12,30,9,11147,8.96809,32870,13664,13282,11296,2.51887
dataset_D2/tr_50_pr_150/m_12_n_30_seed_10.txt,50,150,12,30,10,10488,8.07808,32230,13107,13044,10846,1.64363
dataset_D2/tr_50_pr_150/m_12_n_30_seed_11.txt,50,150,12,30,11,9136,13.8697,31297,11068,11121,9289,3.15195
dataset_D2/tr_50_pr_150/m_12_n_30_seed_12.txt,50,150,12,30,12,10473,10.656,33956,12391,12459,10572,2.6255
dataset_D2/tr_50_pr_150/m_12_n_30_seed_13.txt,50,150,12,30,13,9544,8.70609,30898,11770,11192,9755,2.30578
dataset_D2/tr_50_pr_150/m_12_n_30_seed_14.txt,50,150,12,30,14,9896,7.5555,31963,12725,12389,9935,1.61726
dataset_D2/tr_50_pr_150/m_12_n_30_seed_15.txt,50,150,12,30,15,12098,5.77572,32824,15237,15075,12188,1.79317
dataset_D2/tr_50_pr_150/m_12_n_30_seed_16.txt,50,150,12,30,16,11412,6.13176,32392,14232,14581,11553,1.36985
dataset_D2/tr_50_pr_150/m_12_n_30_seed_17.txt,50,150,12,30,17,9509,14.6126,31485,11536,12218,10175,2.29521
dataset_D2/tr_50_pr_150/m_12_n_30_seed_18.txt,50,150,12,30,18,9911,10.7045,33813,12283,12780,10021,2.24345
dataset_D2/tr_50_pr_150/m_12_n_30_seed_19.txt,50,150,12,30,19,10846,6.38686,32006,13465,13654,11012,1.55081
dataset_D2/tr_50_pr_150/m_12_n_30_seed_20.txt,50,150,12,30,20,9603,14.3516,33021,11594,11512,9709,3.35083
dataset_D2/tr_50_pr_150/m_12_n_30_seed_21.txt,50,150,12,30,21,9666,8.27057,31229,12186,11993,9747,1.91149
dataset_D2/tr_50_pr_150/m_12_n_30_seed_22.txt,50,150,12,30,22,11008,9.34119,33239,12999,12917,11048,2.79157
dataset_D2/tr_50_pr_150/m_12_n_30_seed_23.txt,50,150,12,30,23,10486,12.6918,33144,12708,12650,10689,3.4087
dataset_D2/tr_50_pr_150/m_12_n_30_seed_24.txt,50,150,12,30,24,10966,9.62069,31741,12738,13059,11284,1.96478
dataset_D2/tr_50_pr_150/m_12_n_30_seed_25.txt,50,150,12,30,25,11007,7.93514,33644,13379,13215,11255,2.16958
dataset_D2/tr_50_pr_150/m_12_n_30_seed_26.txt,50,150,12,30,26,10909,6.46829,32627,13190,13047,11136,2.01851
dataset_D2/tr_50_pr_150/m_12_n_30_seed_27.txt,50,150,12,30,27,11314,7.83011,33161,13913,13288,11352,2.42119
dataset_D2/tr_50_pr_150/m_12_n_30_seed_28.txt,50,150,12,30,28,9814,8.02822,30917,12002,11679,9902,2.42307
dataset_D2/tr_50_pr_150/m_12_n_30_seed_29.txt,50,150,12,30,29,10165,11.3629,32023,11807,11663,10383,3.46856
dataset_D2/tr_50_pr_150/m_12_n_30_seed_30.txt,50,150,12,30,30,10568,11.2731,32701,11807,11694,10752,4.31014
dataset_D2/tr_50_pr_150/m_12_n_30_seed_31.txt,50,150,12,30,31,10543,7.25577,32487,13359,12970,10827,1.50689
dataset_D2/tr_50_pr_150/m_12_n_30_seed_32.txt,50,150,12,30,32,10715,10.0806,33727,13211,13381,10762,2.05756
dataset_D2/tr_50_pr_150/m_12_n_30_seed_33.txt,50,150,12,30,33,10717,8.95899,32347,13311,13618,10800,2.44921
dataset_D2/tr_50_pr_150/m_12_n_30_seed_34.txt,50,150,12,30,34,10227,11.302,31810,12513,12598,10449,1.86831
dataset_D2/tr_50_pr_150/m_12_n_30_seed_35.txt,50,150,12,30,35,9744,14.4871,31840,11710,11504,9830,2.56724
dataset_D2/tr_50_pr_150/m_12_n_30_seed_36.txt,50,150,12,30,36,9701,12.4807,33233,11993,11603,9842,3.79815
dataset_D2/tr_50_pr_150/m_12_n_30_seed_37.txt,50,150,12,30,37,11244,7.06432,32744,13705,13882,11625,1.91532
dataset_D2/tr_50_pr_150/m_12_n_30_seed_38.txt,50,150,12,30,38,11705,7.70011,32866,13477,14283,11846,1.97576
dataset_D2/tr_50_pr_150/m_12_n_30_seed_39.txt,50,150,12,30,39,10328,7.69517,31441,12896,12694,10421,1.91061
dataset_D2/tr_50_pr_150/m_12_n_30_seed_40.txt,50,150,12,30,40,11136,7.25662,31798,13812,13524,11334,1.84882
dataset_D2/tr_50_pr_150/m_12_n_30_seed_41.txt,50,150,12,30,41,10961,6.82314,31860,13672,13771,11139,1.47351
dataset_D2/tr_50_pr_150/m_12_n_30_seed_42.txt,50,150,12,30,42,11074,9.21748,32204,13353,13900,11553,1.9735
dataset_D2/tr_50_pr_150/m_12_n_30_seed_43.txt,50,150,12,30,43,9395,11.3992,31654,10822,11028,9565,3.17612
dataset_D2/tr_50_pr_150/m_12_n_30_seed_44.txt,50,150,12,30,44,10808,6.97716,31236,12988,13393,10900,1.58201
dataset_D2/tr_50_pr_150/m_12_n_30_seed_45.txt,50,150,12,30,45,11367,6.84326,33082,14018,13405,11418,1.55733
dataset_D2/tr_50_pr_150/m_12_n_30_seed_46.txt,50,150,12,30,46,8967,29.0177,32431,10615,11071,9082,7.27348
dataset_D2/tr_50_pr_150/m_12_n_30_seed_47.txt,50,150,12,30,47,10361,9.86962,32245,12348,12753,10412,2.55099
dataset_D2/tr_50_pr_150/m_12_n_30_seed_48.txt,50,150,12,30,48,10679,8.55095,31954,13918,12695,10816,2.39915
dataset_D2/tr_50_pr_150/m_12_n_30_seed_49.txt,50,150,12,30,49,10222,7.55999,33006,12807,13244,10284,1.44302
dataset_D2/tr_50_pr_200/m_12_n_10_seed_00.txt,50,200,12,10,0,4550,4.35341,14116,4936,5451,4571,1.00733
dataset_D2/tr_50_pr_200/m_12_n_10_seed_01.txt,50,200,12,10,1,4033,7.13976,14203,4374,4298,4038,1.75897
dataset_D2/tr_50_pr_200/m_12_n_10_seed_02.txt,50,200,12,10,2,4240,4.7894,13152,4784,4690,4250,1.01683
dataset_D2/tr_50_pr_200/m_12_n_10_seed_03.txt,50,200,12,10,3,4257,2.94354,13530,4795,4811,4336,0.676931
dataset_D2/tr_50_pr_200/m_12_n_10_seed_04.txt,50,200,12,10,4,4235,4.52242,13521,4722,4662,4246,1.11873
dataset_D2/tr_50_pr_200/m_12_n_10_seed_05.txt,50,200,12,10,5,4380,2.50577,12923,5144,4767,4390,0.568332
dataset_D2/tr_50_pr_200/m_12_n_10_seed_06.txt,50,200,12,10,6,4633,2.97467,14407,5165,5049,4657,0.712948
dataset_D2/tr_50_pr_200/m_12_n_10_seed_07.txt,50,200,12,10,7,4619,3.2648,14477,5218,5334,4651,0.884331
dataset_D2/tr_50_pr_200/m_12_n_10_seed_08.txt,50,200,12,10,8,4087,16.4436,14005,4541,4613,4126,1.63215
dataset_D2/tr_50_pr_200/m_12_n_10_seed_09.txt,50,200,12,10,9,4534,4.67205,14459,5003,5339,4568,0.969099
dataset_D2/tr_50_pr_200/m_12_n_10_seed_10.txt,50,200,12,10,10,4250,3.04698,13391,4718,4795,4281,0.66091
dataset_D2/tr_50_pr_200/m_12_n_10_seed_11.txt,50,200,12,10,11,4241,11.5417,14127,4808,4829,4292,2.18645
dataset_D2/tr_50_pr_200/m_12_n_10_seed_12.txt,50,200,12,10,12,4492,3.12357,14510,5156,5172,4507,0.740769
dataset_D2/tr_50_pr_200/m_12_n_10_seed_13.txt,50,200,12,10,13,4374,4.64048,13425,5021,5030,4389,0.837638
dataset_D2/tr_50_pr_200/m_12_n_10_seed_14.txt,50,200,12,10,14,4508,2.67319,13607,5460,5370,4508,0.622807
dataset_D2/tr_50_pr_200/m_12_n_10_seed_15.txt,50,200,12,10,15,3959,5.11065,12747,4497,4522,3983,1.05436
dataset_D2/tr_50_pr_200/m_12_n_10_seed_16.txt,50,200,12,10,16,4585,3.96994,14648,5185,5515,4592,0.701821
dataset_D2/tr_50_pr_200/m_12_n_10_seed_17.txt,50,200,12,10,17,4425,5.21139,13663,4767,4862,4461,1.25297
dataset_D2/tr_50_pr_200/m_12_n_10_seed_18.txt,50,200,12,10,18,4329,10.0621,13597,4739,4834,4357,0.646028
dataset_D2/tr_50_pr_200/m_12_n_10_seed_19.txt,50,200,12,10,19,4609,2.63661,13319,5620,5608,4690,0.638344
dataset_D2/tr_50_pr_200/m_12_n_10_seed_20.txt,50,200,12,10,20,4379,4.40152,12979,4892,4946,4424,0.56505
dataset_D2/tr_50_pr_200/m_12_n_10_seed_21.txt,50,200,12,10,21,4042,5.20165,13767,4366,4539,4050,1.22344
dataset_D2/tr_50_pr_200/m_12_n_10_seed_22.txt,50,200,12,10,22,4288,4.03978,14493,4723,4865,4305,0.851503
dataset_D2/tr_50_pr_200/m_12_n_10_seed_23.txt,50,200,12,10,23,4531,2.65148,14430,4996,5289,4575,0.566988
dataset_D2/tr_50_pr_200/m_12_n_10_seed_24.txt,50,200,12,10,24,4040,25.8412,14608,4361,4556,4059,5.41633
dataset_D2/tr_50_pr_200/m_12_n_10_seed_25.txt,50,200,12,10,25,4124,5.99523,13754,4714,4812,4151,0.796666
dataset_D2/tr_50_pr_200/m_12_n_10_seed_26.txt,50,200,12,10,26,4014,5.88329,13436,4460,4933,4065,1.57647
dataset_D2/tr_50_pr_200/m_12_n_10_seed_27.txt,50,200,12,10,27,4354,6.23546,14643,4711,4863,4379,1.48866
dataset_D2/tr_50_pr_200/m_12_n_10_seed_28.txt,50,200,12,10,28,4272,5.96444,13795,4580,4887,4331,1.09522
dataset_D2/tr_50_pr_200/m_12_n_10_seed_29.txt,50,200,12,10,29,4569,3.25203,14331,5106,5093,4607,0.904787
dataset_D2/tr_50_pr_200/m_12_n_10_seed_30.txt,50,200,12,10,30,4000,5.48109,13313,4419,4478,4032,0.921121
dataset_D2/tr_50_pr_200/m_12_n_10_seed_31.txt,50,200,12,10,31,4152,4.36226,13565,4542,4621,4177,0.520324
dataset_D2/tr_50_pr_200/m_12_n_10_seed_32.txt,50,200,12,10,32,4240,6.30617,14368,4654,4787,4270,1.72092
dataset_D2/tr_50_pr_200/m_12_n_10_seed_33.txt,50,200,12,10,33,4245,4.11386,13752,4713,5089,4269,0.764659
dataset_D2/tr_50_pr_200/m_12_n_10_seed_34.txt,50,200,12,10,34,4464,8.79033,14556,4886,4927,4487,1.48165
dataset_D2/tr_50_pr_200/m_12_n_10_seed_35.txt,50,200,12,10,35,4338,7.3779,14368,4686,4905,4347,1.80737
dataset_D2/tr_50_pr_200/m_12_n_10_seed_36.txt,50,200,12,10,36,4386,9.27961,14659,4915,4986,4394,1.79029
dataset_D2/tr_50_pr_200/m_12_n_10_seed_37.txt,50,200,12,10,37,4617,3.0104,12974,5418,5330,4620,0.408436
dataset_D2/tr_50_pr_200/m_12_n_10_seed_38.txt,50,200,12,10,38,4061,4.19757,13287,4329,4490,4099,0.869251
dataset_D2/tr_50_pr_200/m_12_n_10_seed_39.txt,50,200,12,10,39,4417,9.18233,14450,4951,4787,4473,1.66453
dataset_D2/tr_50_pr_200/m_12_n_10_seed_40.txt,50,200,12,10,40,4385,3.9024,14286,4933,5076,4398,0.712406
dataset_D2/tr_50_pr_200/m_12_n_10_seed_41.txt,50,200,12,10,41,4196,4.19429,14117,4563,4786,4232,0.973968
dataset_D2/tr_50_pr_200/m_12_n_10_seed_42.txt,50,200,12,10,42,4248,2.6162,13279,4515,4609,4278,0.840987
dataset_D2/tr_50_pr_200/m_12_n_10_seed_43.txt,50,200,12,10,43,4508,5.15449,14351,5128,5082,4549,1.06087
dataset_D2/tr_50_pr_200/m_12_n_10_seed_44.txt,50,200,12,10,44,4430,4.97848,14463,5114,4977,4437,1.27876
dataset_D2/tr_50_pr_200/m_12_n_10_seed_45.txt,50,200,12,10,45,4617,4.95148,14590,5052,5207,4638,0.751548
dataset_D2/tr_50_pr_200/m_12_n_10_seed_46.txt,50,200,12,10,46,4411,2.78848,13530,5064,5167,4423,0.564813
dataset_D2/tr_50_pr_200/m_12_n_10_seed_47.txt,50,200,12,10,47,4285,5.39095,13529,4966,4925,4307,1.16611
dataset_D2/tr_50_pr_200/m_12_n_10_seed_48.txt,50,200,12,10,48,4167,4.03145,13629,4704,4682,4185,0.863629
dataset_D2/tr_50_pr_200/m_12_n_10_seed_49.txt,50,200,12,10,49,4103,12.7407,13971,4565,4730,4172,1.04759
dataset_D2/tr_50_pr_200/m_12_n_20_seed_00.txt,50,200,12,20,0,7269,23.2145,27083,8188,8578,7336,4.40124
dataset_D2/tr_50_pr_200/m_12_n_20_seed_01.txt,50,200,12,20,1,7962,13.2215,27721,9258,9096,8047,3.42396
dataset_D2/tr_50_pr_200/m_12_n_20_seed_02.txt,50,200,12,20,2,7993,24.1172,29796,8823,9072,8033,2.20792
dataset_D2/tr_50_pr_200/m_12_n_20_seed_03.txt,50,200,12,20,3,7947,20.0921,28929,8761,9135,8036,3.25648
dataset_D2/tr_50_pr_200/m_12_n_20_seed_04.txt,50,200,12,20,4,7766,17.6251,28999,8804,9193,7779,3.91978
dataset_D2/tr_50_pr_200/m_12_n_20_seed_05.txt,50,200,12,20,5,7744,19.3603,28158,8983,8700,7805,4.88825
dataset_D2/tr_50_pr_200/m_12_n_20_seed_06.txt,50,200,12,20,6,7814,16.5207,28535,8951,8973,7839,3.16022
dataset_D2/tr_50_pr_200/m_12_n_20_seed_07.txt,50,200,12,20,7,7886,13.689,27296,9441,9419,7936,1.93492
dataset_D2/tr_50_pr_200/m_12_n_20_seed_08.txt,50,200,12,20,8,7938,17.0785,27522,9293,9229,7988,2.71766
dataset_D2/tr_50_pr_200/m_12_n_20_seed_09.txt,50,200,12,20,9,7726,16.3112,27946,9111,9412,7762,2.91479
dataset_D2/tr_50_pr_200/m_12_n_20_seed_10.txt,50,200,12,20,10,7367,26.9174,28259,8493,8301,7443,3.51049
dataset_D2/tr_50_pr_200/m_12_n_20_seed_11.txt,50,200,12,20,11,8369,10.4207,27933,9659,10008,8505,1.3198
dataset_D2/tr_50_pr_200/m_12_n_20_seed_12.txt,50,200,12,20,12,7593,13.9529,27718,8802,8902,7657,2.29264
dataset_D2/tr_50_pr_200/m_12_n_20_seed_13.txt,50,200,12,20,13,7643,12.6523,24830,8700,8897,7708,2.54511
dataset_D2/tr_50_pr_200/m_12_n_20_seed_14.txt,50,200,12,20,14,7299,44.2867,28317,8256,8438,7415,7.51853
dataset_D2/tr_50_pr_200/m_12_n_20_seed_15.txt,50,200,12,20,15,7834,9.2021,27463,9287,9462,7950,2.32842
dataset_D2/tr_50_pr_200/m_12_n_20_seed_16.txt,50,200,12,20,16,7797,11.8594,26178,8823,9256,7929,2.1067
dataset_D2/tr_50_pr_200/m_12_n_20_seed_17.txt,50,200,12,20,17,7613,18.9928,26356,8637,8928,7782,2.98225
dataset_D2/tr_50_pr_200/m_12_n_20_seed_18.txt,50,200,12,20,18,7595,18.1602,28801,8750,8855,7642,3.13139
dataset_D2/tr_50_pr_200/m_12_n_20_seed_19.txt,50,200,12,20,19,8002,13.7019,27878,8943,9017,8151,3.01781
dataset_D2/tr_50_pr_200/m_12_n_20_seed_20.txt,50,200,12,20,20,8019,7.97547,26328,9805,9911,8103,1.63852
dataset_D2/tr_50_pr_200/m_12_n_20_seed_21.txt,50,200,12,20,21,7200,18.782,28064,8334,8190,7226,3.04911
dataset_D2/tr_50_pr_200/m_12_n_20_seed_22.txt,50,200,12,20,22,8278,15.3108,27583,9780,9976,8421,1.89592
dataset_D2/tr_50_pr_200/m_12_n_20_seed_23.txt,50,200,12,20,23,8087,12.1238,28769,9099,9078,8136,2.7783
dataset_D2/tr_50_pr_200/m_12_n_20_seed_24.txt,50,200,12,20,24,6689,45.9875,26912,7684,8110,6731,5.15844
dataset_D2/tr_50_pr_200/m_12_n_20_seed_25.txt,50,200,12,20,25,8078,22.7293,27855,8764,9826,8215,3.61142
dataset_D2/tr_50_pr_200/m_12_n_20_seed_26.txt,50,200,12,20,26,7722,16.4514,26726,9314,9445,7881,2.02644
dataset_D2/tr_50_pr_200/m_12_n_20_seed_27.txt,50,200,12,20,27,7697,12.8026,27367,8904,8938,7714,2.38581
dataset_D2/tr_50_pr_200/m_12_n_20_seed_28.txt,50,200,12,20,28,7587,18.3646,27794,8733,8761,7620,2.58853
dataset_D2/tr_50_pr_200/m_12_n_20_seed_29.txt,50,200,12,20,29,8368,14.4417,29161,9758,9902,8456,2.17533
dataset_D2/tr_50_pr_200/m_12_n_20_seed_30.txt,50,200,12,20,30,7376,19.3141,26963,8668,8604,7449,2.91926
dataset_D2/tr_50_pr_200/m_12_n_20_seed_31.txt,50,200,12,20,31,7932,7.52149,26683,9775,9580,7968,1.33129
dataset_D2/tr_50_pr_200/m_12_n_20_seed_32.txt,50,200,12,20,32,7921,12.9895,27736,9385,9173,7975,2.03925
dataset_D2/tr_50_pr_200/m_12_n_20_seed_33.txt,50,200,12,20,33,7550,28.2822,27325,8566,8567,7669,4.09624
dataset_D2/tr_50_pr_200/m_12_n_20_seed_34.txt,50,200,12,20,34,8095,10.0797,27334,9400,9707,8210,2.34374
dataset_D2/tr_50_pr_200/m_12_n_20_seed_35.txt,50,200,12,20,35,6333,110.838,24519,6985,7649,6366,8.22218
dataset_D2/tr_50_pr_200/m_12_n_20_seed_36.txt,50,200,12,20,36,8204,10.5496,28674,9520,9323,8303,2.54833
dataset_D2/tr_50_pr_200/m_12_n_20_seed_37.txt,50,200,12,20,37,7742,12.1799,26976,9121,9253,7798,1.48144
dataset_D2/tr_50_pr_200/m_12_n_20_seed_38.txt,50,200,12,20,38,7874,20.403,28812,8833,9147,7957,3.93323
dataset_D2/tr_50_pr_200/m_12_n_20_seed_39.txt,50,200,12,20,39,8315,9.53827,27847,10057,10012,8328,1.33215
dataset_D2/tr_50_pr_200/m_12_n_20_seed_40.txt,50,200,12,20,40,7864,15.8609,27637,9080,8950,7925,3.60651
dataset_D2/tr_50_pr_200/m_12_n_20_seed_41.txt,50,200,12,20,41,8213,12.4053,27591,9276,9610,8238,2.3331
dataset_D2/tr_50_pr_200/m_12_n_20_seed_42.txt,50,200,12,20,42,7714,12.2826,27083,8656,8606,7841,2.44568
dataset_D2/tr_50_pr_200/m_12_n_20_seed_43.txt,50,200,12,20,43,7737,14.7102,27545,9266,9128,7792,2.44019
dataset_D2/tr_50_pr_200/m_12_n_20_seed_44.txt,50,200,12,20,44,7872,14.389,28207,9136,9169,7892,2.34131
dataset_D2/tr_50_pr_200/m_12_n_20_seed_45.txt,50,200,12,20,45,7964,15.6104,27129,9032,9084,8032,1.79221
dataset_D2/tr_50_pr_200/m_12_n_20_seed_46.txt,50,200,12,20,46,6999,28.5067,26988,7640,8658,7092,5.14039
dataset_D2/tr_50_pr_200/m_12_n_20_seed_47.txt,50,200,12,20,47,8114,9.06703,26189,9575,9903,8125,2.7457
dataset_D2/tr_50_pr_200/m_12_n_20_seed_48.txt,50,200,12,20,48,7488,10.7935,26465,8888,8875,7635,1.94527
dataset_D2/tr_50_pr_200/m_12_n_20_seed_49.txt,50,200,12,20,49,7526,39.7196,28624,8177,8310,7627,4.2203
dataset_D2/tr_50_pr_200/m_12_n_30_seed_00.txt,50,200,12,30,0,10861,39.445,40232,12375,12749,11003,7.91644
dataset_D2/tr_50_pr_200/m_12_n_30_seed_01.txt,50,200,12,30,1,10395,62.044,42896,11389,11463,10464,11.3805
dataset_D2/tr_50_pr_200/m_12_n_30_seed_02.txt,50,200,12,30,2,11568,28.8724,41739,13110,13500,11594,4.74829
dataset_D2/tr_50_pr_200/m_12_n_30_seed_03.txt,50,200,12,30,3,11409,22.1178,41515,13510,13407,11599,2.82562
dataset_D2/tr_50_pr_200/m_12_n_30_seed_04.txt,50,200,12,30,4,11110,27.663,40547,12910,13478,11344,4.27804
dataset_D2/tr_50_pr_200/m_12_n_30_seed_05.txt,50,200,12,30,5,12032,20.1397,43268,14046,14064,12139,3.68504
dataset_D2/tr_50_pr_200/m_12_n_30_seed_06.txt,50,200,12,30,6,11128,20.2807,39592,12499,12995,11182,3.37748
dataset_D2/tr_50_pr_200/m_12_n_30_seed_07.txt,50,200,12,30,7,11605,21.9931,41827,13337,13606,11714,4.90588
dataset_D2/tr_50_pr_200/m_12_n_30_seed_08.txt,50,200,12,30,8,10633,31.792,40979,12307,12395,10772,4.79609
dataset_D2/tr_50_pr_200/m_12_n_30_seed_09.txt,50,200,12,30,9,11144,35.0571,42281,12887,12806,11200,5.53064
dataset_D2/tr_50_pr_200/m_12_n_30_seed_10.txt,50,200,12,30,10,11733,18.2017,42359,13745,13585,11849,4.60423
dataset_D2/tr_50_pr_200/m_12_n_30_seed_11.txt,50,200,12,30,11,11954,19.312,42895,14163,14274,11987,3.89978
dataset_D2/tr_50_pr_200/m_12_n_30_seed_12.txt,50,200,12,30,12,11598,21.9226,41197,13693,13662,11790,4.63074
dataset_D2/tr_50_pr_200/m_12_n_30_seed_13.txt,50,200,12,30,13,12003,19.4403,42247,14220,14722,12107,2.89844
dataset_D2/tr_50_pr_200/m_12_n_30_seed_14.txt,50,200,12,30,14,11078,44.3828,44124,12698,12830,11169,6.33171
dataset_D2/tr_50_pr_200/m_12_n_30_seed_15.txt,50,200,12,30,15,10827,35.9018,41059,11907,12171,10991,5.08327
dataset_D2/tr_50_pr_200/m_12_n_30_seed_16.txt,50,200,12,30,16,10782,34.4209,41873,11985,12533,10849,7.14979
dataset_D2/tr_50_pr_200/m_12_n_30_seed_17.txt,50,200,12,30,17,11405,28.8149,41608,13667,13337,11600,7.13031
dataset_D2/tr_50_pr_200/m_12_n_30_seed_18.txt,50,200,12,30,18,10617,36.9995,39821,12204,12841,10722,6.55973
dataset_D2/tr_50_pr_200/m_12_n_30_seed_19.txt,50,200,12,30,19,10687,30.0134,40417,12137,12105,10761,7.03788
dataset_D2/tr_50_pr_200/m_12_n_30_seed_20.txt,50,200,12,30,20,11796,20.7939,43086,13859,14138,11829,3.89001
dataset_D2/tr_50_pr_200/m_12_n_30_seed_21.txt,50,200,12,30,21,11728,18.1757,40572,14756,14610,12025,4.46803
dataset_D2/tr_50_pr_200/m_12_n_30_seed_22.txt,50,200,12,30,22,10391,40.8486,40630,11599,12323,10496,8.79696
dataset_D2/tr_50_pr_200/m_12_n_30_seed_23.txt,50,200,12,30,23,11875,14.531,42897,13905,14732,12052,2.98165
dataset_D2/tr_50_pr_200/m_12_n_30_seed_24.txt,50,200,12,30,24,11365,22.9898,43923,13232,13199,11435,3.25283
dataset_D2/tr_50_pr_200/m_12_n_30_seed_25.txt,50,200,12,30,25,11759,33.0623,42828,13868,14460,11879,5.36743
dataset_D2/tr_50_pr_200/m_12_n_30_seed_26.txt,50,200,12,30,26,10752,29.1698,41684,12784,13005,10836,3.70114
dataset_D2/tr_50_pr_200/m_12_n_30_seed_27.txt,50,200,12,30,27,11217,35.5586,43076,13223,13403,11265,6.94993
dataset_D2/tr_50_pr_200/m_12_n_30_seed_28.txt,50,200,12,30,28,11627,15.2875,40347,13698,14488,11674,2.68824
dataset_D2/tr_50_pr_200/m_12_n_30_seed_29.txt,50,200,12,30,29,10541,41.7867,42767,11994,12080,10624,7.03084
dataset_D2/tr_50_pr_200/m_12_n_30_seed_30.txt,50,200,12,30,30,11393,19.8644,41737,12727,13652,11502,4.75794
dataset_D2/tr_50_pr_200/m_12_n_30_seed_31.txt,50,200,12,30,31,11916,19.2381,41040,14319,14756,11931,3.47844
dataset_D2/tr_50_pr_200/m_12_n_30_seed_32.txt,50,200,12,30,32,10563,33.5425,39410,12696,12908,10662,3.39487
dataset_D2/tr_50_pr_200/m_12_n_30_seed_33.txt,50,200,12,30,33,11303,15.4547,39253,13535,14009,11403,2.50979
dataset_D2/tr_50_pr_200/m_12_n_30_seed_34.txt,50,200,12,30,34,10408,25.0426,39005,12509,12810,10604,3.23712
dataset_D2/tr_50_pr_200/m_12_n_30_seed_35.txt,50,200,12,30,35,10554,41.9321,41359,12234,12583,10719,6.27996
dataset_D2/tr_50_pr_200/m_12_n_30_seed_36.txt,50,200,12,30,36,11477,16.7971,42129,14169,14029,11507,2.81577
dataset_D2/tr_50_pr_200/m_12_n_30_seed_37.txt,50,200,12,30,37,11437,26.285,42717,13211,13516,11545,5.28608
dataset_D2/tr_50_pr_200/m_12_n_30_seed_38.txt,50,200,12,30,38,11408,20.0087,41179,13190,13220,11522,4.60532
dataset_D2/tr_50_pr_200/m_12_n_30_seed_39.txt,50,200,12,30,39,11637,19.7135,42331,13835,13698,11873,2.90664
dataset_D2/tr_50_pr_200/m_12_n_30_seed_40.txt,50,200,12,30,40,11380,24.9761,41750,13334,14061,11523,5.67031
dataset_D2/tr_50_pr_200/m_12_n_30_seed_41.txt,50,200,12,30,41,12421,15.3787,43651,14474,14457,12618,4.24542
dataset_D2/tr_50_pr_200/m_12_n_30_seed_42.txt,50,200,12,30,42,11818,21.2458,42684,14229,14526,11983,2.28404
dataset_D2/tr_50_pr_200/m_12_n_30_seed_43.txt,50,200,12,30,43,10901,31.0672,41064,12347,12779,10927,4.9204
dataset_D2/tr_50_pr_200/m_12_n_30_seed_44.txt,50,200,12,30,44,12129,19.1466,41212,14406,14390,12503,2.70665
dataset_D2/tr_50_pr_200/m_12_n_30_seed_45.txt,50,200,12,30,45,11359,32.1578,40175,13563,13333,11513,4.80889
dataset_D2/tr_50_pr_200/m_12_n_30_seed_46.txt,50,200,12,30,46,12157,17.6821,41868,14181,14140,12352,2.53709
dataset_D2/tr_50_pr_200/m_12_n_30_seed_47.txt,50,200,12,30,47,11410,15.0243,42360,13696,13612,11517,2.85613
dataset_D2/tr_50_pr_200/m_12_n_30_seed_48.txt,50,200,12,30,48,11910,16.6531,41554,14120,14780,12018,2.65811
dataset_D2/tr_50_pr_200/m_12_n_30_seed_49.txt,50,200,12,30,49,11817,26.0121,41444,13523,13420,11984,5.06249
dataset_D2/tr_50_pr_25/m_12_n_10_seed_00.txt,50,25,12,10,0,3163,0.911958,3393,4205,3494,3173,0.342415
dataset_D2/tr_50_pr_25/m_12_n_10_seed_01.txt,50,25,12,10,1,2956,0.878139,3267,3938,3186,2959,0.273459
dataset_D2/tr_50_pr_25/m_12_n_10_seed_02.txt,50,25,12,10,2,2837,0.958948,3104,4009,3028,2841,0.328577
dataset_D2/tr_50_pr_25/m_12_n_10_seed_03.txt,50,25,12,10,3,2940,0.862976,3311,4130,3182,2949,0.345308
dataset_D2/tr_50_pr_25/m_12_n_10_seed_04.txt,50,25,12,10,4,2872,0.85324,3204,4408,3057,2878,0.388504
dataset_D2/tr_50_pr_25/m_12_n_10_seed_05.txt,50,25,12,10,5,2746,0.894227,3107,3970,3142,2761,0.365003
dataset_D2/tr_50_pr_25/m_12_n_10_seed_06.txt,50,25,12,10,6,3019,0.937591,3314,4278,3391,3022,0.290393
dataset_D2/tr_50_pr_25/m_12_n_10_seed_07.txt,50,25,12,10,7,3036,0.809336,3294,4303,3359,3050,0.29454
dataset_D2/tr_50_pr_25/m_12_n_10_seed_08.txt,50,25,12,10,8,3094,0.953496,3166,4287,3214,3094,0.423148
dataset_D2/tr_50_pr_25/m_12_n_10_seed_09.txt,50,25,12,10,9,2890,0.906781,3261,4019,3129,2910,0.312288
dataset_D2/tr_50_pr_25/m_12_n_10_seed_10.txt,50,25,12,10,10,3080,0.876146,3510,4267,3398,3085,0.310753
dataset_D2/tr_50_pr_25/m_12_n_10_seed_11.txt,50,25,12,10,11,2897,0.913128,3282,3941,3129,2897,0.30229
dataset_D2/tr_50_pr_25/m_12_n_10_seed_12.txt,50,25,12,10,12,2897,0.910509,3250,4135,3234,2910,0.255589
dataset_D2/tr_50_pr_25/m_12_n_10_seed_13.txt,50,25,12,10,13,3180,0.839009,3416,4522,3515,3192,0.369465
dataset_D2/tr_50_pr_25/m_12_n_10_seed_14.txt,50,25,12,10,14,2974,0.856364,3175,4282,3197,2986,0.322098
dataset_D2/tr_50_pr_25/m_12_n_10_seed_15.txt,50,25,12,10,15,2693,0.894059,3105,3599,3105,2736,0.275044
dataset_D2/tr_50_pr_25/m_12_n_10_seed_16.txt,50,25,12,10,16,2993,0.946704,3289,4123,3250,2994,0.330991
dataset_D2/tr_50_pr_25/m_12_n_10_seed_17.txt,50,25,12,10,17,3069,0.903953,3443,4469,3261,3073,0.367113
dataset_D2/tr_50_pr_25/m_12_n_10_seed_18.txt,50,25,12,10,18,3362,0.919751,3656,4900,3742,3379,0.380068
dataset_D2/tr_50_pr_25/m_12_n_10_seed_19.txt,50,25,12,10,19,2736,0.876264,3180,3798,3075,2775,0.407231
dataset_D2/tr_50_pr_25/m_12_n_10_seed_20.txt,50,25,12,10,20,2963,0.940127,3213,4254,3099,2964,0.305542
dataset_D2/tr_50_pr_25/m_12_n_10_seed_21.txt,50,25,12,10,21,3273,0.904801,3480,4725,3497,3279,0.319208
dataset_D2/tr_50_pr_25/m_12_n_10_seed_22.txt,50,25,12,10,22,3115,0.876864,3421,4440,3370,3124,0.231916
dataset_D2/tr_50_pr_25/m_12_n_10_seed_23.txt,50,25,12,10,23,3128,0.879392,3336,4220,3322,3136,0.315307
dataset_D2/tr_50_pr_25/m_12_n_10_seed_24.txt,50,25,12,10,24,2983,0.89457,3250,4329,3170,2992,0.295922
dataset_D2/tr_50_pr_25/m_12_n_10_seed_25.txt,50,25,12,10,25,2999,0.729876,3314,4255,3380,3029,0.195995
dataset_D2/tr_50_pr_25/m_12_n_10_seed_26.txt,50,25,12,10,26,3008,0.910644,3343,4249,3228,3024,0.381143
dataset_D2/tr_50_pr_25/m_12_n_10_seed_27.txt,50,25,12,10,27,2828,0.85119,3037,4137,3146,2834,0.354229
dataset_D2/tr_50_pr_25/m_12_n_10_seed_28.txt,50,25,12,10,28,3050,0.917369,3320,4034,3227,3050,0.304476
dataset_D2/tr_50_pr_25/m_12_n_10_seed_29.txt,50,25,12,10,29,2945,0.867308,3137,4447,3124,2945,0.250893
dataset_D2/tr_50_pr_25/m_12_n_10_seed_30.txt,50,25,12,10,30,3059,0.871434,3373,4409,3324,3076,0.180254
dataset_D2/tr_50_pr_25/m_12_n_10_seed_31.txt,50,25,12,10,31,3009,1.01184,3166,4268,3166,3021,0.233228
dataset_D2/tr_50_pr_25/m_12_n_10_seed_32.txt,50,25,12,10,32,3103,0.98338,3285,4511,3276,3112,0.297713
dataset_D2/tr_50_pr_25/m_12_n_10_seed_33.txt,50,25,12,10,33,3186,0.996861,3382,4557,3454,3192,0.390412
dataset_D2/tr_50_pr_25/m_12_n_10_seed_34.txt,50,25,12,10,34,3120,0.91104,3466,4099,3504,3134,0.381086
dataset_D2/tr_50_pr_25/m_12_n_10_seed_35.txt,50,25,12,10,35,3069,1.18739,3331,4307,3258,3080,0.285856
dataset_D2/tr_50_pr_25/m_12_n_10_seed_36.txt,50,25,12,10,36,3023,0.834568,3339,4282,3244,3031,0.277901
dataset_D2/tr_50_pr_25/m_12_n_10_seed_37.txt,50,25,12,10,37,3246,0.812668,3513,4328,3482,3246,0.372017
dataset_D2/tr_50_pr_25/m_12_n_10_seed_38.txt,50,25,12,10,38,3017,0.822596,3358,4488,3269,3017,0.1949
dataset_D2/tr_50_pr_25/m_12_n_10_seed_39.txt,50,25,12,10,39,2677,0.836507,3016,3937,3085,2696,0.294557
dataset_D2/tr_50_pr_25/m_12_n_10_seed_40.txt,50,25,12,10,40,2905,0.891892,3053,4533,3104,2905,0.40366
dataset_D2/tr_50_pr_25/m_12_n_10_seed_41.txt,50,25,12,10,41,2931,0.810282,3256,4190,3208,2937,0.348274
dataset_D2/tr_50_pr_25/m_12_n_10_seed_42.txt,50,25,12,10,42,2945,0.802067,3238,4269,3169,2968,0.41085
dataset_D2/tr_50_pr_25/m_12_n_10_seed_43.txt,50,25,12,10,43,3226,0.966609,3417,4460,3463,3230,0.348485
dataset_D2/tr_50_pr_25/m_12_n_10_seed_44.txt,50,25,12,10,44,2932,1.14534,3237,4207,3308,2949,0.357672
dataset_D2/tr_50_pr_25/m_12_n_10_seed_45.txt,50,25,12,10,45,2929,1.1977,3380,4070,3163,2947,0.342402
dataset_D2/tr_50_pr_25/m_12_n_10_seed_46.txt,50,25,12,10,46,3044,0.884339,3217,4285,3279,3044,0.284127
dataset_D2/tr_50_pr_25/m_12_n_10_seed_47.txt,50,25,12,10,47,3155,1.2397,3465,4687,3534,3171,0.389002
dataset_D2/tr_50_pr_25/m_12_n_10_seed_48.txt,50,25,12,10,48,2952,0.923317,3196,4018,3059,2956,0.413312
dataset_D2/tr_50_pr_25/m_12_n_10_seed_49.txt,50,25,12,10,49,3214,1.06595,3378,4362,3384,3223,0.350179
dataset_D2/tr_50_pr_25/m_12_n_20_seed_00.txt,50,25,12,20,0,6193,2.92256,6798,8263,6633,6231,1.13738
dataset_D2/tr_50_pr_25/m_12_n_20_seed_01.txt,50,25,12,20,1,6318,2.82139,6870,9034,7175,6384,1.04605
dataset_D2/tr_50_pr_25/m_12_n_20_seed_02.txt,50,25,12,20,2,6073,2.51967,6510,8767,6922,6119,1.12186
dataset_D2/tr_50_pr_25/m_12_n_20_seed_03.txt,50,25,12,20,3,5270,2.60946,6095,7667,6436,5299,1.05974
dataset_D2/tr_50_pr_25/m_12_n_20_seed_04.txt,50,25,12,20,4,5588,2.59972,6171,7829,6221,5604,1.11734
dataset_D2/tr_50_pr_25/m_12_n_20_seed_05.txt,50,25,12,20,5,5811,2.47114,6537,8280,6659,5823,0.832678
dataset_D2/tr_50_pr_25/m_12_n_20_seed_06.txt,50,25,12,20,6,5539,2.42154,6305,7942,6142,5544,0.630896
dataset_D2/tr_50_pr_25/m_12_n_20_seed_07.txt,50,25,12,20,7,6372,2.69224,6732,9060,7258,6402,0.938704
dataset_D2/tr_50_pr_25/m_12_n_20_seed_08.txt,50,25,12,20,8,6114,2.67658,6884,8160,7175,6132,0.919493
dataset_D2/tr_50_pr_25/m_12_n_20_seed_09.txt,50,25,12,20,9,6119,2.53773,6498,8430,6270,6119,0.929652
dataset_D2/tr_50_pr_25/m_12_n_20_seed_10.txt,50,25,12,20,10,5527,2.24059,6390,8026,6365,5542,0.764888
dataset_D2/tr_50_pr_25/m_12_n_20_seed_11.txt,50,25,12,20,11,5622,2.76425,6181,8061,6136,5629,0.789371
dataset_D2/tr_50_pr_25/m_12_n_20_seed_12.txt,50,25,12,20,12,6179,2.38782,6917,8267,6824,6216,0.783378
dataset_D2/tr_50_pr_25/m_12_n_20_seed_13.txt,50,25,12,20,13,5780,2.42901,6350,8614,6562,5816,1.3062
dataset_D2/tr_50_pr_25/m_12_n_20_seed_14.txt,50,25,12,20,14,6083,2.31199,6574,8629,6513,6084,0.909999
dataset_D2/tr_50_pr_25/m_12_n_20_seed_15.txt,50,25,12,20,15,6538,2.546,6884,9179,7301,6588,1.11639
dataset_D2/tr_50_pr_25/m_12_n_20_seed_16.txt,50,25,12,20,16,5940,2.03577,6528,8699,6419,5948,0.605413
dataset_D2/tr_50_pr_25/m_12_n_20_seed_17.txt,50,25,12,20,17,5742,2.40057,6517,8193,6353,5762,0.764805
dataset_D2/tr_50_pr_25/m_12_n_20_seed_18.txt,50,25,12,20,18,5920,2.28297,6528,8531,6850,5999,1.02784
dataset_D2/tr_50_pr_25/m_12_n_20_seed_19.txt,50,25,12,20,19,6228,2.39262,6896,8915,6761,6263,1.1442
dataset_D2/tr_50_pr_25/m_12_n_20_seed_20.txt,50,25,12,20,20,5795,2.44265,6496,8200,6847,5815,0.977249
dataset_D2/tr_50_pr_25/m_12_n_20_seed_21.txt,50,25,12,20,21,5611,2.02553,6423,8005,6165,5626,0.982488
dataset_D2/tr_50_pr_25/m_12_n_20_seed_22.txt,50,25,12,20,22,5647,2.59687,6367,7341,6308,5717,0.589819
dataset_D2/tr_50_pr_25/m_12_n_20_seed_23.txt,50,25,12,20,23,5764,2.16161,6590,8929,6664,5790,0.913398
dataset_D2/tr_50_pr_25/m_12_n_20_seed_24.txt,50,25,12,20,24,6598,2.1039,6914,9298,7360,6621,1.12057
dataset_D2/tr_50_pr_25/m_12_n_20_seed_25.txt,50,25,12,20,25,6069,2.31018,6647,8649,6488,6078,1.087
dataset_D2/tr_50_pr_25/m_12_n_20_seed_26.txt,50,25,12,20,26,6354,2.44196,6827,8627,6825,6375,0.997796
dataset_D2/tr_50_pr_25/m_12_n_20_seed_27.txt,50,25,12,20,27,5242,2.21948,6307,7374,5849,5261,0.76233
dataset_D2/tr_50_pr_25/m_12_n_20_seed_28.txt,50,25,12,20,28,5908,2.08124,6733,8800,6599,5915,0.807276
dataset_D2/tr_50_pr_25/m_12_n_20_seed_29.txt,50,25,12,20,29,5552,2.32781,6080,7726,6019,5597,0.750914
dataset_D2/tr_50_pr_25/m_12_n_20_seed_30.txt,50,25,12,20,30,6223,2.40386,6954,8857,6821,6244,0.656028
dataset_D2/tr_50_pr_25/m_12_n_20_seed_31.txt,50,25,12,20,31,5975,2.2458,6590,8950,7060,5992,1.06035
dataset_D2/tr_50_pr_25/m_12_n_20_seed_32.txt,50,25,12,20,32,6293,2.33694,6561,8698,6636,6302,1.27041
dataset_D2/tr_50_pr_25/m_12_n_20_seed_33.txt,50,25,12,20,33,5688,2.29171,6291,8117,6351,5733,1.17164
dataset_D2/tr_50_pr_25/m_12_n_20_seed_34.txt,50,25,12,20,34,5931,2.18894,6562,8320,6745,5937,1.14827
dataset_D2/tr_50_pr_25/m_12_n_20_seed_35.txt,50,25,12,20,35,5766,2.10339,6381,8677,6285,5771,1.0271
dataset_D2/tr_50_pr_25/m_12_n_20_seed_36.txt,50,25,12,20,36,5715,2.31096,6363,8252,6336,5727,0.757597
dataset_D2/tr_50_pr_25/m_12_n_20_seed_37.txt,50,25,12,20,37,6192,2.28937,6635,8379,6701,6212,1.05347
dataset_D2/tr_50_pr_25/m_12_n_20_seed_38.txt,50,25,12,20,38,5984,2.34859,6553,8423,6417,6006,0.99959
dataset_D2/tr_50_pr_25/m_12_n_20_seed_39.txt,50,25,12,20,39,6031,2.26393,6640,9239,7353,6042,0.850487
dataset_D2/tr_50_pr_25/m_12_n_20_seed_40.txt,50,25,12,20,40,5734,2.39471,6490,7797,6521,5788,0.816408
dataset_D2/tr_50_pr_25/m_12_n_20_seed_41.txt,50,25,12,20,41,5904,2.23602,6785,8864,6738,5910,1.05466
dataset_D2/tr_50_pr_25/m_12_n_20_seed_42.txt,50,25,12,20,42,5935,2.37526,6613,7904,6631,5978,0.851415
dataset_D2/tr_50_pr_25/m_12_n_20_seed_43.txt,50,25,12,20,43,5922,2.23772,6460,8350,6454,5925,1.16276
dataset_D2/tr_50_pr_25/m_12_n_20_seed_44.txt,50,25,12,20,44,5223,2.13246,6132,7488,6012,5249,0.713039
dataset_D2/tr_50_pr_25/m_12_n_20_seed_45.txt,50,25,12,20,45,6289,2.30175,6664,8783,6638,6306,1.19036
dataset_D2/tr_50_pr_25/m_12_n_20_seed_46.txt,50,25,12,20,46,5804,2.41085,6604,8117,6322,5825,0.494294
dataset_D2/tr_50_pr_25/m_12_n_20_seed_47.txt,50,25,12,20,47,5385,2.26664,6078,8112,5676,5408,0.711482
dataset_D2/tr_50_pr_25/m_12_n_20_seed_48.txt,50,25,12,20,48,5679,2.3453,6293,7653,6186,5680,0.976154
dataset_D2/tr_50_pr_25/m_12_n_20_seed_49.txt,50,25,12,20,49,5765,2.22601,6587,8065,6523,5823,0.993369
dataset_D2/tr_50_pr_25/m_12_n_30_seed_00.txt,50,25,12,30,0,9119,4.1211,9857,13305,9950,9147,1.01652
dataset_D2/tr_50_pr_25/m_12_n_30_seed_01.txt,50,25,12,30,1,7689,4.03208,9051,11049,8456,7757,1.75822
dataset_D2/tr_50_pr_25/m_12_n_30_seed_02.txt,50,25,12,30,2,8630,3.5071,10140,13873,9972,8635,1.25079
dataset_D2/tr_50_pr_25/m_12_n_30_seed_03.txt,50,25,12,30,3,9351,3.8104,10050,13740,10167,9390,1.76273
dataset_D2/tr_50_pr_25/m_12_n_30_seed_04.txt,50,25,12,30,4,9165,3.70841,10149,13266,10166,9166,1.547
dataset_D2/tr_50_pr_25/m_12_n_30_seed_05.txt,50,25,12,30,5,9789,3.74429,10339,14113,10935,9799,1.78492
dataset_D2/tr_50_pr_25/m_12_n_30_seed_06.txt,50,25,12,30,6,8264,3.70779,9695,11939,9867,8278,1.73902
dataset_D2/tr_50_pr_25/m_12_n_30_seed_07.txt,50,25,12,30,7,8572,4.77178,9628,11615,9530,8614,1.63438
dataset_D2/tr_50_pr_25/m_12_n_30_seed_08.txt,50,25,12,30,8,8988,3.95539,9856,12119,9893,9018,1.83833
dataset_D2/tr_50_pr_25/m_12_n_30_seed_09.txt,50,25,12,30,9,8939,3.54678,10141,12319,10072,8939,1.38831
dataset_D2/tr_50_pr_25/m_12_n_30_seed_10.txt,50,25,12,30,10,9241,3.75888,9920,12828,9917,9264,1.87214
dataset_D2/tr_50_pr_25/m_12_n_30_seed_11.txt,50,25,12,30,11,9340,4.06724,10357,12692,9953,9365,2.03196
dataset_D2/tr_50_pr_25/m_12_n_30_seed_12.txt,50,25,12,30,12,8419,3.7398,10025,12601,9849,8480,1.67785
dataset_D2/tr_50_pr_25/m_12_n_30_seed_13.txt,50,25,12,30,13,7724,3.76652,9051,10997,8970,7727,2.12556
dataset_D2/tr_50_pr_25/m_12_n_30_seed_14.txt,50,25,12,30,14,8445,3.7065,9772,12074,9349,8575,1.36279
dataset_D2/tr_50_pr_25/m_12_n_30_seed_15.txt,50,25,12,30,15,9923,4.26201,10494,15195,11900,9955,1.8586
dataset_D2/tr_50_pr_25/m_12_n_30_seed_16.txt,50,25,12,30,16,8132,3.81932,9369,12088,9327,8134,1.77094
dataset_D2/tr_50_pr_25/m_12_n_30_seed_17.txt,50,25,12,30,17,8226,3.34503,9387,11794,10042,8249,1.62525
dataset_D2/tr_50_pr_25/m_12_n_30_seed_18.txt,50,25,12,30,18,8984,4.22687,10013,13168,9782,8992,1.727
dataset_D2/tr_50_pr_25/m_12_n_30_seed_19.txt,50,25,12,30,19,9576,4.60172,10254,13228,10254,9626,0.970672
dataset_D2/tr_50_pr_25/m_12_n_30_seed_20.txt,50,25,12,30,20,8579,3.95249,9600,12181,9525,8606,1.3437
dataset_D2/tr_50_pr_25/m_12_n_30_seed_21.txt,50,25,12,30,21,8358,3.8986,9604,12150,9895,8375,1.16783
dataset_D2/tr_50_pr_25/m_12_n_30_seed_22.txt,50,25,12,30,22,8940,4.2032,10015,12877,10015,8954,1.82709
dataset_D2/tr_50_pr_25/m_12_n_30_seed_23.txt,50,25,12,30,23,8054,3.95239,9289,11908,9748,8073,1.52525
dataset_D2/tr_50_pr_25/m_12_n_30_seed_24.txt,50,25,12,30,24,8301,4.20716,9734,11904,9407,8343,1.50799
dataset_D2/tr_50_pr_25/m_12_n_30_seed_25.txt,50,25,12,30,25,8414,3.8723,9537,12420,9670,8462,1.49451
dataset_D2/tr_50_pr_25/m_12_n_30_seed_26.txt,50,25,12,30,26,8390,3.75954,9875,12374,9584,8441,1.4352
dataset_D2/tr_50_pr_25/m_12_n_30_seed_27.txt,50,25,12,30,27,9082,3.95883,10258,13438,10181,9216,1.61307
dataset_D2/tr_50_pr_25/m_12_n_30_seed_28.txt,50,25,12,30,28,8693,4.05222,9285,11893,9653,8706,1.82713
dataset_D2/tr_50_pr_25/m_12_n_30_seed_29.txt,50,25,12,30,29,9092,4.03847,9792,12982,9969,9099,1.7406
dataset_D2/tr_50_pr_25/m_12_n_30_seed_30.txt,50,25,12,30,30,8493,4.09557,9801,12798,9921,8528,1.78505
dataset_D2/tr_50_pr_25/m_12_n_30_seed_31.txt,50,25,12,30,31,9187,3.58775,10236,12630,10349,9282,1.56435
dataset_D2/tr_50_pr_25/m_12_n_30_seed_32.txt,50,25,12,30,32,8786,4.295,9982,12643,9982,8839,1.96638
dataset_D2/tr_50_pr_25/m_12_n_30_seed_33.txt,50,25,12,30,33,8374,3.81624,9472,11524,9155,8429,2.02723
dataset_D2/tr_50_pr_25/m_12_n_30_seed_34.txt,50,25,12,30,34,9187,4.15899,9949,13886,10510,9264,1.38845
dataset_D2/tr_50_pr_25/m_12_n_30_seed_35.txt,50,25,12,30,35,7976,3.81628,9511,11049,8845,8005,1.47575
dataset_D2/tr_50_pr_25/m_12_n_30_seed_36.txt,50,25,12,30,36,9069,3.65105,9929,12976,9887,9089,1.94578
dataset_D2/tr_50_pr_25/m_12_n_30_seed_37.txt,50,25,12,30,37,8286,2.91578,9709,12064,9171,8320,1.01979
dataset_D2/tr_50_pr_25/m_12_n_30_seed_38.txt,50,25,12,30,38,7988,3.7736,9150,10896,8658,8028,1.21039
dataset_D2/tr_50_pr_25/m_12_n_30_seed_39.txt,50,25,12,30,39,7969,3.62619,9154,11060,9109,8005,1.30612
dataset_D2/tr_50_pr_25/m_12_n_30_seed_40.txt,50,25,12,30,40,8173,3.36134,9465,11970,9057,8218,1.44072
dataset_D2/tr_50_pr_25/m_12_n_30_seed_41.txt,50,25,12,30,41,9065,4.11642,10276,12594,10276,9115,1.07643
dataset_D2/tr_50_pr_25/m_12_n_30_seed_42.txt,50,25,12,30,42,9047,4.01038,9956,12711,9937,9072,2.07036
dataset_D2/tr_50_pr_25/m_12_n_30_seed_43.txt,50,25,12,30,43,7219,4.51591,9061,9555,7924,7294,2.00659
dataset_D2/tr_50_pr_25/m_12_n_30_seed_44.txt,50,25,12,30,44,9065,4.35528,9797,12171,9790,9101,2.1284
dataset_D2/tr_50_pr_25/m_12_n_30_seed_45.txt,50,25,12,30,45,8636,3.66305,9821,12030,9630,8671,1.68324
dataset_D2/tr_50_pr_25/m_12_n_30_seed_46.txt,50,25,12,30,46,8141,3.89791,9349,11160,9274,8184,1.9311
dataset_D2/tr_50_pr_25/m_12_n_30_seed_47.txt,50,25,12,30,47,8221,3.81977,9583,11504,9337,8262,1.3716
dataset_D2/tr_50_pr_25/m_12_n_30_seed_48.txt,50,25,12,30,48,7636,3.72741,9177,10531,8643,7639,1.31434
dataset_D2/tr_50_pr_25/m_12_n_30_seed_49.txt,50,25,12,30,49,9474,3.69997,10113,13744,10417,9528,1.78666
dataset_D2/tr_50_pr_250/m_12_n_10_seed_00.txt,50,250,12,10,0,4598,3.79549,15999,5071,4986,4608,1.11033
dataset_D2/tr_50_pr_250/m_12_n_10_seed_01.txt,50,250,12,10,1,4749,18.868,16304,5431,5396,4798,1.71665
dataset_D2/tr_50_pr_250/m_12_n_10_seed_02.txt,50,250,12,10,2,4851,13.5065,16303,5480,5174,4865,1.84539
dataset_D2/tr_50_pr_250/m_12_n_10_seed_03.txt,50,250,12,10,3,4739,19.173,18405,5088,5243,4767,2.56368
dataset_D2/tr_50_pr_250/m_12_n_10_seed_04.txt,50,250,12,10,4,4687,11.7784,15789,5093,5361,4732,2.47058
dataset_D2/tr_50_pr_250/m_12_n_10_seed_05.txt,50,250,12,10,5,4807,11.538,17501,5154,5244,4829,1.99782
dataset_D2/tr_50_pr_250/m_12_n_10_seed_06.txt,50,250,12,10,6,4954,18.0768,16672,5369,5547,4995,1.01606
dataset_D2/tr_50_pr_250/m_12_n_10_seed_07.txt,50,250,12,10,7,4914,15.6377,18950,5208,5408,4931,3.0309
dataset_D2/tr_50_pr_250/m_12_n_10_seed_08.txt,50,250,12,10,8,5000,11.0767,17246,5353,5535,5003,1.84186
dataset_D2/tr_50_pr_250/m_12_n_10_seed_09.txt,50,250,12,10,9,5204,13.1906,18243,5664,5980,5233,2.80296
dataset_D2/tr_50_pr_250/m_12_n_10_seed_10.txt,50,250,12,10,10,4999,10.9685,15817,5526,5610,5039,1.89542
dataset_D2/tr_50_pr_250/m_12_n_10_seed_11.txt,50,250,12,10,11,4712,19.8759,16803,5282,5185,4738,1.96626
dataset_D2/tr_50_pr_250/m_12_n_10_seed_12.txt,50,250,12,10,12,4893,9.21457,17526,5032,5480,4932,1.17741
dataset_D2/tr_50_pr_250/m_12_n_10_seed_13.txt,50,250,12,10,13,4774,18.9264,17068,5211,5448,4811,2.68018
dataset_D2/tr_50_pr_250/m_12_n_10_seed_14.txt,50,250,12,10,14,4676,33.1405,16727,5030,4909,4684,2.83986
dataset_D2/tr_50_pr_250/m_12_n_10_seed_15.txt,50,250,12,10,15,4930,12.0158,17508,5444,5475,4945,1.25232
dataset_D2/tr_50_pr_250/m_12_n_10_seed_16.txt,50,250,12,10,16,4844,9.10065,16233,5267,5534,4852,1.09451
dataset_D2/tr_50_pr_250/m_12_n_10_seed_17.txt,50,250,12,10,17,4839,8.62914,15721,5527,5411,4852,1.36223
dataset_D2/tr_50_pr_250/m_12_n_10_seed_18.txt,50,250,12,10,18,4883,27.3345,17217,5218,5193,4902,2.50412
dataset_D2/tr_50_pr_250/m_12_n_10_seed_19.txt,50,250,12,10,19,4869,29.1571,18423,5308,5309,4888,3.49835
dataset_D2/tr_50_pr_250/m_12_n_10_seed_20.txt,50,250,12,10,20,5018,6.94458,16568,5393,5758,5057,1.09612
dataset_D2/tr_50_pr_250/m_12_n_10_seed_21.txt,50,250,12,10,21,5108,7.94499,17741,5363,5456,5121,1.44012
dataset_D2/tr_50_pr_250/m_12_n_10_seed_22.txt,50,250,12,10,22,4539,8.17354,15678,4998,5077,4574,1.48769
dataset_D2/tr_50_pr_250/m_12_n_10_seed_23.txt,50,250,12,10,23,5088,5.87115,16819,5610,5546,5093,0.884182
dataset_D2/tr_50_pr_250/m_12_n_10_seed_24.txt,50,250,12,10,24,4924,17.8265,17223,5464,5361,4963,1.35744
dataset_D2/tr_50_pr_250/m_12_n_10_seed_25.txt,50,250,12,10,25,4583,30.566,17052,5109,5167,4654,2.32875
dataset_D2/tr_50_pr_250/m_12_n_10_seed_26.txt,50,250,12,10,26,4641,55.1216,17937,5015,5066,4646,8.48165
dataset_D2/tr_50_pr_250/m_12_n_10_seed_27.txt,50,250,12,10,27,4863,22.9319,17497,5193,5337,4901,2.33196
dataset_D2/tr_50_pr_250/m_12_n_10_seed_28.txt,50,250,12,10,28,4498,39.8354,16885,4914,4976,4547,4.03125
dataset_D2/tr_50_pr_250/m_12_n_10_seed_29.txt,50,250,12,10,29,4330,106.714,17267,4575,4593,4340,12.5596
dataset_D2/tr_50_pr_250/m_12_n_10_seed_30.txt,50,250,12,10,30,5275,7.36671,16568,5654,5650,5304,1.28975
dataset_D2/tr_50_pr_250/m_12_n_10_seed_31.txt,50,250,12,10,31,4738,20.7828,16740,5262,5278,4762,1.22631
dataset_D2/tr_50_pr_250/m_12_n_10_seed_32.txt,50,250,12,10,32,5132,21.9454,17827,5520,5611,5181,2.07583
dataset_D2/tr_50_pr_250/m_12_n_10_seed_33.txt,50,250,12,10,33,4534,8.74688,15398,5123,4980,4552,1.60485
dataset_D2/tr_50_pr_250/m_12_n_10_seed_34.txt,50,250,12,10,34,4807,5.00946,15405,5420,5338,4856,1.04196
dataset_D2/tr_50_pr_250/m_12_n_10_seed_35.txt,50,250,12,10,35,4452,44.0186,16709,4879,4849,4467,5.51703
dataset_D2/tr_50_pr_250/m_12_n_10_seed_36.txt,50,250,12,10,36,5214,5.73745,16566,5867,5908,5270,0.870753
dataset_D2/tr_50_pr_250/m_12_n_10_seed_37.txt,50,250,12,10,37,5032,6.05684,15728,5711,5557,5078,1.05084
dataset_D2/tr_50_pr_250/m_12_n_10_seed_38.txt,50,250,12,10,38,5228,6.95036,17194,5764,5748,5239,1.18111
dataset_D2/tr_50_pr_250/m_12_n_10_seed_39.txt,50,250,12,10,39,4991,11.7565,17415,5234,5226,5010,1.60041
dataset_D2/tr_50_pr_250/m_12_n_10_seed_40.txt,50,250,12,10,40,4406,33.9022,16062,4923,4774,4425,5.47106
dataset_D2/tr_50_pr_250/m_12_n_10_seed_41.txt,50,250,12,10,41,4992,43.4337,17026,5409,5622,5031,5.09293
dataset_D2/tr_50_pr_250/m_12_n_10_seed_42.txt,50,250,12,10,42,4801,21.374,17113,5271,5233,4820,1.76337
dataset_D2/tr_50_pr_250/m_12_n_10_seed_43.txt,50,250,12,10,43,4809,15.9682,15650,5387,5520,4862,1.13408
dataset_D2/tr_50_pr_250/m_12_n_10_seed_44.txt,50,250,12,10,44,4667,13.8448,16656,5037,5221,4717,0.938099
dataset_D2/tr_50_pr_250/m_12_n_10_seed_45.txt,50,250,12,10,45,4690,39.7552,16831,5031,5263,4714,3.29385
dataset_D2/tr_50_pr_250/m_12_n_10_seed_46.txt,50,250,12,10,46,4226,8.19821,14551,4703,4588,4260,1.5499
dataset_D2/tr_50_pr_250/m_12_n_10_seed_47.txt,50,250,12,10,47,4571,52.1475,16886,4800,4919,4591,4.48372
dataset_D2/tr_50_pr_250/m_12_n_10_seed_48.txt,50,250,12,10,48,4760,10.4657,16091,5139,5193,4769,1.77032
dataset_D2/tr_50_pr_250/m_12_n_10_seed_49.txt,50,250,12,10,49,4830,15.9633,16941,5229,5238,4856,2.56462
dataset_D2/tr_50_pr_250/m_12_n_20_seed_00.txt,50,250,12,20,0,8738,83.5497,36193,9374,9996,8819,11.6371
dataset_D2/tr_50_pr_250/m_12_n_20_seed_01.txt,50,250,12,20,1,8656,29.2696,31871,9831,9960,8716,3.73048
dataset_D2/tr_50_pr_250/m_12_n_20_seed_02.txt,50,250,12,20,2,8689,32.6972,33695,9618,9867,8758,3.61788
dataset_D2/tr_50_pr_250/m_12_n_20_seed_03.txt,50,250,12,20,3,7916,106.494,32332,8510,8569,8003,10.0326
dataset_D2/tr_50_pr_250/m_12_n_20_seed_04.txt,50,250,12,20,4,8579,129.846,35259,9433,9541,8617,17.8372
dataset_D2/tr_50_pr_250/m_12_n_20_seed_05.txt,50,250,12,20,5,8447,55.9572,33136,9287,9333,8554,6.15745
dataset_D2/tr_50_pr_250/m_12_n_20_seed_06.txt,50,250,12,20,6,8369,59.66,35040,9307,9299,8407,5.51302
dataset_D2/tr_50_pr_250/m_12_n_20_seed_07.txt,50,250,12,20,7,9006,71.4529,34019,9833,10193,9083,4.85211
dataset_D2/tr_50_pr_250/m_12_n_20_seed_08.txt,50,250,12,20,8,8519,101.719,34736,9114,9450,8549,7.9053
dataset_D2/tr_50_pr_250/m_12_n_20_seed_09.txt,50,250,12,20,9,8670,41.7431,33592,9604,10023,8771,3.33974
dataset_D2/tr_50_pr_250/m_12_n_20_seed_10.txt,50,250,12,20,10,8452,48.9648,34242,9105,9497,8500,6.17021
dataset_D2/tr_50_pr_250/m_12_n_20_seed_11.txt,50,250,12,20,11,8732,20.8844,31979,9910,10601,8780,3.22311
dataset_D2/tr_50_pr_250/m_12_n_20_seed_12.txt,50,250,12,20,12,8555,80.0616,33220,9356,9446,8601,12.545
dataset_D2/tr_50_pr_250/m_12_n_20_seed_13.txt,50,250,12,20,13,8992,65.0159,35083,9973,10091,9055,7.28911
dataset_D2/tr_50_pr_250/m_12_n_20_seed_14.txt,50,250,12,20,14,8654,61.4904,34639,9473,9547,8729,7.54068
dataset_D2/tr_50_pr_250/m_12_n_20_seed_15.txt,50,250,12,20,15,9121,83.4295,34795,9633,10098,9191,5.49126
dataset_D2/tr_50_pr_250/m_12_n_20_seed_16.txt,50,250,12,20,16,8665,22.1532,32328,9370,10135,8759,3.97217
dataset_D2/tr_50_pr_250/m_12_n_20_seed_17.txt,50,250,12,20,17,8646,135.648,34516,9449,9562,8751,8.51134
dataset_D2/tr_50_pr_250/m_12_n_20_seed_18.txt,50,250,12,20,18,8279,50.3204,31784,9162,9129,8335,5.35795
dataset_D2/tr_50_pr_250/m_12_n_20_seed_19.txt,50,250,12,20,19,8659,35.1017,32063,9738,10181,8727,3.7069
dataset_D2/tr_50_pr_250/m_12_n_20_seed_20.txt,50,250,12,20,20,8559,48.2312,33226,9767,9580,8584,8.02006
dataset_D2/tr_50_pr_250/m_12_n_20_seed_21.txt,50,250,12,20,21,8458,78.4704,34550,9223,9622,8496,7.38875
dataset_D2/tr_50_pr_250/m_12_n_20_seed_22.txt,50,250,12,20,22,8488,40.0511,32247,9564,9485,8541,3.51261
dataset_D2/tr_50_pr_250/m_12_n_20_seed_23.txt,50,250,12,20,23,8807,24.8822,32779,9762,9878,8981,3.83563
dataset_D2/tr_50_pr_250/m_12_n_20_seed_24.txt,50,250,12,20,24,8385,52.7559,33366,9653,9734,8423,6.79329
dataset_D2/tr_50_pr_250/m_12_n_20_seed_25.txt,50,250,12,20,25,8694,39.7498,31959,10007,10319,8832,2.89722
dataset_D2/tr_50_pr_250/m_12_n_20_seed_26.txt,50,250,12,20,26,8428,124.516,35036,9526,10331,8569,8.52388
dataset_D2/tr_50_pr_250/m_12_n_20_seed_27.txt,50,250,12,20,27,7984,87.2569,32597,8643,8754,8030,15.3041
dataset_D2/tr_50_pr_250/m_12_n_20_seed_28.txt,50,250,12,20,28,7937,249.479,33184,8624,8849,8000,21.6243
dataset_D2/tr_50_pr_250/m_12_n_20_seed_29.txt,50,250,12,20,29,8775,197.138,34762,9327,9781,8842,14.669
dataset_D2/tr_50_pr_250/m_12_n_20_seed_30.txt,50,250,12,20,30,8622,44.7754,34661,9718,10508,8700,5.84394
dataset_D2/tr_50_pr_250/m_12_n_20_seed_31.txt,50,250,12,20,31,8158,69.7009,32477,8954,8874,8179,9.8493
dataset_D2/tr_50_pr_250/m_12_n_20_seed_32.txt,50,250,12,20,32,8165,133.084,31846,9202,9116,8270,8.39368
dataset_D2/tr_50_pr_250/m_12_n_20_seed_33.txt,50,250,12,20,33,8708,31.7468,33086,9735,9662,8763,4.93213
dataset_D2/tr_50_pr_250/m_12_n_20_seed_34.txt,50,250,12,20,34,8671,26.3559,32491,9677,9805,8731,3.90797
dataset_D2/tr_50_pr_250/m_12_n_20_seed_35.txt,50,250,12,20,35,8730,43.9179,32451,9798,9816,8772,5.42246
dataset_D2/tr_50_pr_250/m_12_n_20_seed_36.txt,50,250,12,20,36,8996,22.3452,34048,10267,10458,9097,3.33153
dataset_D2/tr_50_pr_250/m_12_n_20_seed_37.txt,50,250,12,20,37,8658,38.462,32633,9852,9736,8727,5.60373
dataset_D2/tr_50_pr_250/m_12_n_20_seed_38.txt,50,250,12,20,38,8557,102.792,34226,9139,9793,8621,10.3541
dataset_D2/tr_50_pr_250/m_12_n_20_seed_39.txt,50,250,12,20,39,8532,75.9634,34028,9283,9285,8564,6.8176
dataset_D2/tr_50_pr_250/m_12_n_20_seed_40.txt,50,250,12,20,40,8491,57.4906,33481,9070,9355,8539,10.2267
dataset_D2/tr_50_pr_250/m_12_n_20_seed_41.txt,50,250,12,20,41,8318,45.5161,33627,8860,8844,8381,5.06014
dataset_D2/tr_50_pr_250/m_12_n_20_seed_42.txt,50,250,12,20,42,7731,58.5945,32108,8522,8667,7801,9.81305
dataset_D2/tr_50_pr_250/m_12_n_20_seed_43.txt,50,250,12,20,43,7753,149.346,32969,8613,8564,7781,12.8187
dataset_D2/tr_50_pr_250/m_12_n_20_seed_44.txt,50,250,12,20,44,8070,101.993,32708,8773,8813,8117,12.2938
dataset_D2/tr_50_pr_250/m_12_n_20_seed_45.txt,50,250,12,20,45,8300,43.0912,33191,9174,9280,8324,6.96794
dataset_D2/tr_50_pr_250/m_12_n_20_seed_46.txt,50,250,12,20,46,9011,60.0005,34130,9977,10112,9083,6.49002
dataset_D2/tr_50_pr_250/m_12_n_20_seed_47.txt,50,250,12,20,47,8661,64.7933,35057,9153,9375,8704,9.68927
dataset_D2/tr_50_pr_250/m_12_n_20_seed_48.txt,50,250,12,20,48,8893,26.7227,33628,10033,10113,8928,5.40721
dataset_D2/tr_50_pr_250/m_12_n_20_seed_49.txt,50,250,12,20,49,8366,51.8212,33187,9326,9453,8414,8.16875
dataset_D2/tr_50_pr_250/m_12_n_30_seed_00.txt,50,250,12,30,0,12300,133.835,51273,13939,14612,12474,10.7834
dataset_D2/tr_50_pr_250/m_12_n_30_seed_01.txt,50,250,12,30,1,11953,78.963,50402,13137,13365,12047,12.7104
dataset_D2/tr_50_pr_250/m_12_n_30_seed_02.txt,50,250,12,30,2,11754,193.007,49051,12789,13239,11881,14.3565
dataset_D2/tr_50_pr_250/m_12_n_30_seed_03.txt,50,250,12,30,3,11946,214.489,50775,13205,13211,12021,25.476
dataset_D2/tr_50_pr_250/m_12_n_30_seed_04.txt,50,250,12,30,4,11795,184.802,50849,13200,13168,11904,24.5518
dataset_D2/tr_50_pr_250/m_12_n_30_seed_05.txt,50,250,12,30,5,12358,89.5247,50395,14106,14010,12452,14.8058
dataset_D2/tr_50_pr_250/m_12_n_30_seed_06.txt,50,250,12,30,6,11069,347.694,50626,11995,11789,11161,18.1547
dataset_D2/tr_50_pr_250/m_12_n_30_seed_07.txt,50,250,12,30,7,12038,106.732,50164,13222,13850,12088,19.4455
dataset_D2/tr_50_pr_250/m_12_n_30_seed_08.txt,50,250,12,30,8,11608,96.6892,47190,12752,12815,11724,14.8488
dataset_D2/tr_50_pr_250/m_12_n_30_seed_09.txt,50,250,12,30,9,11599,162.87,48013,12570,12644,11727,8.64324
dataset_D2/tr_50_pr_250/m_12_n_30_seed_10.txt,50,250,12,30,10,12832,65.7621,50968,14100,14393,12947,9.34186
dataset_D2/tr_50_pr_250/m_12_n_30_seed_11.txt,50,250,12,30,11,11914,127.818,49028,13353,13348,11983,13.7282
dataset_D2/tr_50_pr_250/m_12_n_30_seed_12.txt,50,250,12,30,12,13178,68.9301,50860,15176,15674,13282,6.36631
dataset_D2/tr_50_pr_250/m_12_n_30_seed_13.txt,50,250,12,30,13,12684,152.937,52991,14641,14791,12878,13.0458
dataset_D2/tr_50_pr_250/m_12_n_30_seed_14.txt,50,250,12,30,14,12567,82.4121,51577,13760,14063,12666,14.3743
dataset_D2/tr_50_pr_250/m_12_n_30_seed_15.txt,50,250,12,30,15,12382,88.9765,49929,13974,14221,12513,7.37337
dataset_D2/tr_50_pr_250/m_12_n_30_seed_16.txt,50,250,12,30,16,12406,51.2298,50799,13286,13515,12466,8.19975
dataset_D2/tr_50_pr_250/m_12_n_30_seed_17.txt,50,250,12,30,17,12653,74.9761,50497,14214,14530,12740,12.1515
dataset_D2/tr_50_pr_250/m_12_n_30_seed_18.txt,50,250,12,30,18,12732,78.3748,51465,14471,14695,12854,9.10227
dataset_D2/tr_50_pr_250/m_12_n_30_seed_19.txt,50,250,12,30,19,12516,121.368,50535,14000,14519,12739,17.836
dataset_D2/tr_50_pr_250/m_12_n_30_seed_20.txt,50,250,12,30,20,11722,176.967,50243,12664,12659,11873,19.6862
dataset_D2/tr_50_pr_250/m_12_n_30_seed_21.txt,50,250,12,30,21,12414,68.595,49755,13606,14113,12472,11.4306
dataset_D2/tr_50_pr_250/m_12_n_30_seed_22.txt,50,250,12,30,22,12160,69.1262,50075,13282,13838,12279,11.093
dataset_D2/tr_50_pr_250/m_12_n_30_seed_23.txt,50,250,12,30,23,11300,343.281,51795,12065,12134,11350,25.2026
dataset_D2/tr_50_pr_250/m_12_n_30_seed_24.txt,50,250,12,30,24,12833,71.3226,52005,14344,14771,12918,5.66697
dataset_D2/tr_50_pr_250/m_12_n_30_seed_25.txt,50,250,12,30,25,11610,113.782,48429,12574,12390,11699,19.3015
dataset_D2/tr_50_pr_250/m_12_n_30_seed_26.txt,50,250,12,30,26,12111,136.874,51000,12925,13758,12184,22.5849
dataset_D2/tr_50_pr_250/m_12_n_30_seed_27.txt,50,250,12,30,27,12798,86.5858,52107,14415,15431,12930,10.2336
dataset_D2/tr_50_pr_250/m_12_n_30_seed_28.txt,50,250,12,30,28,12260,58.0421,50599,13812,13807,12334,6.36541
dataset_D2/tr_50_pr_250/m_12_n_30_seed_29.txt,50,250,12,30,29,12433,100.091,48630,13369,13474,12530,11.1276
dataset_D2/tr_50_pr_250/m_12_n_30_seed_30.txt,50,250,12,30,30,12565,105.207,52378,13797,13811,12659,10.2697
dataset_D2/tr_50_pr_250/m_12_n_30_seed_31.txt,50,250,12,30,31,12743,118.898,53702,14388,14253,12999,7.64331
dataset_D2/tr_50_pr_250/m_12_n_30_seed_32.txt,50,250,12,30,32,12029,90.2024,49290,13146,13295,12124,12.9209
dataset_D2/tr_50_pr_250/m_12_n_30_seed_33.txt,50,250,12,30,33,12721,83.9311,51050,14864,14921,12789,8.8593
dataset_D2/tr_50_pr_250/m_12_n_30_seed_34.txt,50,250,12,30,34,11939,94.957,50498,13130,13827,12104,15.3013
dataset_D2/tr_50_pr_250/m_12_n_30_seed_35.txt,50,250,12,30,35,11515,190.994,50654,12608,12935,11593,10.743
dataset_D2/tr_50_pr_250/m_12_n_30_seed_36.txt,50,250,12,30,36,12686,75.1547,52485,14630,14582,12743,7.18236
dataset_D2/tr_50_pr_250/m_12_n_30_seed_37.txt,50,250,12,30,37,11522,172.585,51150,12896,13258,11608,15.6188
dataset_D2/tr_50_pr_250/m_12_n_30_seed_38.txt,50,250,12,30,38,12462,117.513,51644,14519,14675,12532,15.1472
dataset_D2/tr_50_pr_250/m_12_n_30_seed_39.txt,50,250,12,30,39,11182,122.73,48848,11931,12204,11260,10.135
dataset_D2/tr_50_pr_250/m_12_n_30_seed_40.txt,50,250,12,30,40,11931,78.9849,50272,13305,13932,12019,11.1417
dataset_D2/tr_50_pr_250/m_12_n_30_seed_41.txt,50,250,12,30,41,12155,106.797,50241,13483,13884,12281,16.8525
dataset_D2/tr_50_pr_250/m_12_n_30_seed_42.txt,50,250,12,30,42,12373,193.308,52374,13514,13847,12471,20.2289
dataset_D2/tr_50_pr_250/m_12_n_30_seed_43.txt,50,250,12,30,43,11341,331.28,50273,12390,12260,11403,42.0372
dataset_D2/tr_50_pr_250/m_12_n_30_seed_44.txt,50,250,12,30,44,11866,231.448,51129,13103,13698,11917,18.0677
dataset_D2/tr_50_pr_250/m_12_n_30_seed_45.txt,50,250,12,30,45,11615,343.25,52472,12881,13495,11688,25.0798
dataset_D2/tr_50_pr_250/m_12_n_30_seed_46.txt,50,250,12,30,46,12661,97.611,52885,14268,14251,12798,12.8647
dataset_D2/tr_50_pr_250/m_12_n_30_seed_47.txt,50,250,12,30,47,12982,67.4495,51375,15105,15668,13075,5.47837
dataset_D2/tr_50_pr_250/m_12_n_30_seed_48.txt,50,250,12,30,48,12292,132.684,52781,13167,13987,12350,16.7917
dataset_D2/tr_50_pr_250/m_12_n_30_seed_49.txt,50,250,12,30,49,11903,102.461,49917,12809,13515,12047,10.3624
dataset_D2/tr_50_pr_300/m_12_n_10_seed_00.txt,50,300,12,10,0,5639,13.5572,19853,6163,6074,5657,1.44777
dataset_D2/tr_50_pr_300/m_12_n_10_seed_01.txt,50,300,12,10,1,4826,148.799,18789,5453,5082,4865,17.9032
dataset_D2/tr_50_pr_300/m_12_n_10_seed_02.txt,50,300,12,10,2,5444,44.5984,20236,5757,5937,5457,3.82445
dataset_D2/tr_50_pr_300/m_12_n_10_seed_03.txt,50,300,12,10,3,5267,54.7702,19475,5690,5842,5282,5.96972
dataset_D2/tr_50_pr_300/m_12_n_10_seed_04.txt,50,300,12,10,4,5495,148.165,21075,5788,5844,5511,13.0578
dataset_D2/tr_50_pr_300/m_12_n_10_seed_05.txt,50,300,12,10,5,5547,12.382,19888,5993,5927,5551,2.68309
dataset_D2/tr_50_pr_300/m_12_n_10_seed_06.txt,50,300,12,10,6,5536,18.1234,18541,5961,6052,5566,2.51943
dataset_D2/tr_50_pr_300/m_12_n_10_seed_07.txt,50,300,12,10,7,5693,20.9745,20354,6082,6122,5709,2.19205
dataset_D2/tr_50_pr_300/m_12_n_10_seed_08.txt,50,300,12,10,8,4876,35.8461,17965,5217,5407,4925,3.8394
dataset_D2/tr_50_pr_300/m_12_n_10_seed_09.txt,50,300,12,10,9,5397,36.0061,19089,6167,5921,5421,4.61175
dataset_D2/tr_50_pr_300/m_12_n_10_seed_10.txt,50,300,12,10,10,5152,19.8026,18377,5549,5398,5152,2.41483
dataset_D2/tr_50_pr_300/m_12_n_10_seed_11.txt,50,300,12,10,11,5482,23.3503,20626,5876,6143,5519,2.26634
dataset_D2/tr_50_pr_300/m_12_n_10_seed_12.txt,50,300,12,10,12,5348,73.5607,19986,5660,5623,5364,10.0474
dataset_D2/tr_50_pr_300/m_12_n_10_seed_13.txt,50,300,12,10,13,5490,16.2731,18589,6177,6095,5569,1.98972
dataset_D2/tr_50_pr_300/m_12_n_10_seed_14.txt,50,300,12,10,14,5452,68.514,21185,5886,5697,5460,13.2996
dataset_D2/tr_50_pr_300/m_12_n_10_seed_15.txt,50,300,12,10,15,5127,42.4964,19824,5514,5890,5138,6.34913
dataset_D2/tr_50_pr_300/m_12_n_10_seed_16.txt,50,300,12,10,16,5346,52.5116,19967,5796,5592,5368,7.54224
dataset_D2/tr_50_pr_300/m_12_n_10_seed_17.txt,50,300,12,10,17,5882,29.915,20308,6382,6390,5887,3.9351
dataset_D2/tr_50_pr_300/m_12_n_10_seed_18.txt,50,300,12,10,18,5971,58.3331,21305,6408,6360,5997,5.82282
dataset_D2/tr_50_pr_300/m_12_n_10_seed_19.txt,50,300,12,10,19,5867,14.3743,19940,6376,6454,5897,2.18111
dataset_D2/tr_50_pr_300/m_12_n_10_seed_20.txt,50,300,12,10,20,5378,19.4923,20329,5650,5703,5381,1.65327
dataset_D2/tr_50_pr_300/m_12_n_10_seed_21.txt,50,300,12,10,21,4998,106.641,18921,5364,5667,5020,9.18378
dataset_D2/tr_50_pr_300/m_12_n_10_seed_22.txt,50,300,12,10,22,5369,21.2488,18755,5810,5799,5394,1.93907
dataset_D2/tr_50_pr_300/m_12_n_10_seed_23.txt,50,300,12,10,23,5397,78.3489,20125,5760,5879,5414,5.78646
dataset_D2/tr_50_pr_300/m_12_n_10_seed_24.txt,50,300,12,10,24,5409,45.1776,20127,5993,5678,5433,5.91209
dataset_D2/tr_50_pr_300/m_12_n_10_seed_25.txt,50,300,12,10,25,5112,99.8118,20197,5269,5495,5116,15.2932
dataset_D2/tr_50_pr_300/m_12_n_10_seed_26.txt,50,300,12,10,26,4920,94.9407,17836,5292,5436,4972,2.78181
dataset_D2/tr_50_pr_300/m_12_n_10_seed_27.txt,50,300,12,10,27,5365,20.2871,19577,5707,5573,5386,1.41359
dataset_D2/tr_50_pr_300/m_12_n_10_seed_28.txt,50,300,12,10,28,5353,7.28551,19629,5766,5867,5364,1.55682
dataset_D2/tr_50_pr_300/m_12_n_10_seed_29.txt,50,300,12,10,29,5072,34.0475,19953,5572,5481,5088,3.20884
dataset_D2/tr_50_pr_300/m_12_n_10_seed_30.txt,50,300,12,10,30,5332,37.0683,18933,5906,5985,5343,3.44213
dataset_D2/tr_50_pr_300/m_12_n_10_seed_31.txt,50,300,12,10,31,5090,38.5672,20503,5404,5465,5131,4.734
dataset_D2/tr_50_pr_300/m_12_n_10_seed_32.txt,50,300,12,10,32,5173,59.5718,18974,5610,5802,5190,8.1928
dataset_D2/tr_50_pr_300/m_12_n_10_seed_33.txt,50,300,12,10,33,5110,33.4214,19145,5647,5786,5136,3.39306
dataset_D2/tr_50_pr_300/m_12_n_10_seed_34.txt,50,300,12,10,34,5200,32.9628,19782,5651,5711,5225,1.81938
dataset_D2/tr_50_pr_300/m_12_n_10_seed_35.txt,50,300,12,10,35,5443,32.8861,19435,5695,5885,5465,3.76289
dataset_D2/tr_50_pr_300/m_12_n_10_seed_36.txt,50,300,12,10,36,5286,30.3717,18760,5758,5701,5294,3.19845
dataset_D2/tr_50_pr_300/m_12_n_10_seed_37.txt,50,300,12,10,37,5371,17.307,19976,5704,5710,5395,2.71076
dataset_D2/tr_50_pr_300/m_12_n_10_seed_38.txt,50,300,12,10,38,5277,13.3356,18712,5640,5465,5283,2.49069
dataset_D2/tr_50_pr_300/m_12_n_10_seed_39.txt,50,300,12,10,39,5281,53.3415,18936,5619,5933,5313,3.02562
dataset_D2/tr_50_pr_300/m_12_n_10_seed_40.txt,50,300,12,10,40,5606,92.5752,19322,5967,6236,5629,7.0391
dataset_D2/tr_50_pr_300/m_12_n_10_seed_41.txt,50,300,12,10,41,5404,20.0965,19835,5899,5777,5450,2.67668
dataset_D2/tr_50_pr_300/m_12_n_10_seed_42.txt,50,300,12,10,42,5243,50.3847,19228,5583,5932,5258,3.3785
dataset_D2/tr_50_pr_300/m_12_n_10_seed_43.txt,50,300,12,10,43,5458,19.6231,19120,5845,6063,5481,1.89104
dataset_D2/tr_50_pr_300/m_12_n_10_seed_44.txt,50,300,12,10,44,5190,28.9588,18300,5708,5603,5205,2.37884
dataset_D2/tr_50_pr_300/m_12_n_10_seed_45.txt,50,300,12,10,45,5312,58.4945,19396,5589,5668,5320,5.08562
dataset_D2/tr_50_pr_300/m_12_n_10_seed_46.txt,50,300,12,10,46,5394,25.7751,19962,5516,5674,5405,3.15403
dataset_D2/tr_50_pr_300/m_12_n_10_seed_47.txt,50,300,12,10,47,5391,84.4403,19772,5530,5847,5441,7.48034
dataset_D2/tr_50_pr_300/m_12_n_10_seed_48.txt,50,300,12,10,48,5647,18.0767,19102,6018,5982,5671,1.8328
dataset_D2/tr_50_pr_300/m_12_n_10_seed_49.txt,50,300,12,10,49,5203,228.636,19808,5731,5723,5216,20.2426
dataset_D2/tr_50_pr_300/m_12_n_20_seed_00.txt,50,300,12,20,0,9420,340.833,41034,9730,10038,9486,12.755
dataset_D2/tr_50_pr_300/m_12_n_20_seed_01.txt,50,300,12,20,1,9412,85.7049,38494,10054,10469,9500,11.5775
dataset_D2/tr_50_pr_300/m_12_n_20_seed_02.txt,50,300,12,20,2,9529,174.237,41634,10322,10410,9593,19.0374
dataset_D2/tr_50_pr_300/m_12_n_20_seed_03.txt,50,300,12,20,3,8680,206.86,37499,9689,9577,8701,19.1576
dataset_D2/tr_50_pr_300/m_12_n_20_seed_04.txt,50,300,12,20,4,8425,96.7655,35678,9238,9367,8474,11.0794
dataset_D2/tr_50_pr_300/m_12_n_20_seed_05.txt,50,300,12,20,5,9133,172.032,41075,9572,9753,9191,11.1314
dataset_D2/tr_50_pr_300/m_12_n_20_seed_06.txt,50,300,12,20,6,9847,104.766,41408,10455,11005,9894,8.58497
dataset_D2/tr_50_pr_300/m_12_n_20_seed_07.txt,50,300,12,20,7,9322,393.12,41075,9839,10185,9379,37.2024
dataset_D2/tr_50_pr_300/m_12_n_20_seed_08.txt,50,300,12,20,8,10054,42.397,38370,10719,11067,10126,4.50459
dataset_D2/tr_50_pr_300/m_12_n_20_seed_09.txt,50,300,12,20,9,9315,166.663,39871,10383,10346,9354,17.591
dataset_D2/tr_50_pr_300/m_12_n_20_seed_10.txt,50,300,12,20,10,9185,208.029,38120,9889,9718,9229,4.2709
dataset_D2/tr_50_pr_300/m_12_n_20_seed_11.txt,50,300,12,20,11,9487,166.896,39937,9914,10271,9512,13.8351
dataset_D2/tr_50_pr_300/m_12_n_20_seed_12.txt,50,300,12,20,12,9281,118.813,38587,10053,10046,9352,7.93171
dataset_D2/tr_50_pr_300/m_12_n_20_seed_13.txt,50,300,12,20,13,9811,95.5702,39690,10882,10945,9859,9.07881
dataset_D2/tr_50_pr_300/m_12_n_20_seed_14.txt,50,300,12,20,14,8879,219.068,38376,9761,10050,8910,17.7319
dataset_D2/tr_50_pr_300/m_12_n_20_seed_15.txt,50,300,12,20,15,9684,205.888,39595,10546,10994,9771,10.9266
dataset_D2/tr_50_pr_300/m_12_n_20_seed_16.txt,50,300,12,20,16,9218,118.854,38160,9948,10552,9284,10.4155
dataset_D2/tr_50_pr_300/m_12_n_20_seed_17.txt,50,300,12,20,17,9690,94.1168,37748,10961,10958,9769,11.5098
dataset_D2/tr_50_pr_300/m_12_n_20_seed_18.txt,50,300,12,20,18,9608,199.28,39597,10462,10762,9648,18.0949
dataset_D2/tr_50_pr_300/m_12_n_20_seed_19.txt,50,300,12,20,19,9073,451.262,39434,9717,9576,9118,32.2998
dataset_D2/tr_50_pr_300/m_12_n_20_seed_20.txt,50,300,12,20,20,9226,128.161,40247,10295,10280,9310,8.55841
dataset_D2/tr_50_pr_300/m_12_n_20_seed_21.txt,50,300,12,20,21,8864,297.675,38735,9562,9748,8888,18.0907
dataset_D2/tr_50_pr_300/m_12_n_20_seed_22.txt,50,300,12,20,22,8909,223.984,39439,9452,10337,8967,26.4405
dataset_D2/tr_50_pr_300/m_12_n_20_seed_23.txt,50,300,12,20,23,9765,123.304,40456,10461,10551,9796,7.98445
dataset_D2/tr_50_pr_300/m_12_n_20_seed_24.txt,50,300,12,20,24,8593,307.252,37556,9370,9279,8626,33.0076
dataset_D2/tr_50_pr_300/m_12_n_20_seed_25.txt,50,300,12,20,25,9204,140.272,39169,9968,10481,9302,8.50113
dataset_D2/tr_50_pr_300/m_12_n_20_seed_26.txt,50,300,12,20,26,9009,246.536,39787,9790,9823,9119,12.7428
dataset_D2/tr_50_pr_300/m_12_n_20_seed_27.txt,50,300,12,20,27,8580,193.901,39115,9146,9190,8618,9.50136
dataset_D2/tr_50_pr_300/m_12_n_20_seed_28.txt,50,300,12,20,28,8662,473.478,39306,9267,9288,8693,24.5533
dataset_D2/tr_50_pr_300/m_12_n_20_seed_29.txt,50,300,12,20,29,9860,56.6951,39781,10816,11509,9967,4.96703
dataset_D2/tr_50_pr_300/m_12_n_20_seed_30.txt,50,300,12,20,30,9342,174.346,38774,10271,10145,9432,18.015
dataset_D2/tr_50_pr_300/m_12_n_20_seed_31.txt,50,300,12,20,31,9635,241.704,40971,10431,10515,9709,12.5447
dataset_D2/tr_50_pr_300/m_12_n_20_seed_32.txt,50,300,12,20,32,8583,1075.74,39703,9347,9242,8607,79.3683
dataset_D2/tr_50_pr_300/m_12_n_20_seed_33.txt,50,300,12,20,33,9039,284.561,40538,9626,10032,9079,35.7611
dataset_D2/tr_50_pr_300/m_12_n_20_seed_34.txt,50,300,12,20,34,8856,416.733,37651,9525,10506,8975,48.6819
dataset_D2/tr_50_pr_300/m_12_n_20_seed_35.txt,50,300,12,20,35,9539,463.571,40329,9752,10088,9591,20.4469
dataset_D2/tr_50_pr_300/m_12_n_20_seed_36.txt,50,300,12,20,36,8664,542.216,42528,9107,9180,8669,25.953
dataset_D2/tr_50_pr_300/m_12_n_20_seed_37.txt,50,300,12,20,37,8641,220.984,37357,9206,9444,8766,13.5724
dataset_D2/tr_50_pr_300/m_12_n_20_seed_38.txt,50,300,12,20,38,8520,335.322,38396,9044,9221,8538,43.659
dataset_D2/tr_50_pr_300/m_12_n_20_seed_39.txt,50,300,12,20,39,9042,134.155,38677,9442,9752,9081,9.38748
dataset_D2/tr_50_pr_300/m_12_n_20_seed_40.txt,50,300,12,20,40,8878,242.756,39373,9677,9861,8907,17.8681
dataset_D2/tr_50_pr_300/m_12_n_20_seed_41.txt,50,300,12,20,41,10041,230.922,41090,10599,10733,10106,13.7695
dataset_D2/tr_50_pr_300/m_12_n_20_seed_42.txt,50,300,12,20,42,9362,123.219,39897,10215,10166,9424,10.8227
dataset_D2/tr_50_pr_300/m_12_n_20_seed_43.txt,50,300,12,20,43,9251,130.277,39934,10004,10526,9328,17.9117
dataset_D2/tr_50_pr_300/m_12_n_20_seed_44.txt,50,300,12,20,44,8788,192.275,36680,9370,9637,8849,9.70616
dataset_D2/tr_50_pr_300/m_12_n_20_seed_45.txt,50,300,12,20,45,9343,151.272,39432,10505,10423,9441,13.3826
dataset_D2/tr_50_pr_300/m_12_n_20_seed_46.txt,50,300,12,20,46,9407,165.845,40748,10113,10328,9484,12.227
dataset_D2/tr_50_pr_300/m_12_n_20_seed_47.txt,50,300,12,20,47,9770,185.862,40900,10123,10149,9785,19.6205
dataset_D2/tr_50_pr_300/m_12_n_20_seed_48.txt,50,300,12,20,48,9764,280.541,39435,10786,11042,9824,19.3475
dataset_D2/tr_50_pr_300/m_12_n_20_seed_49.txt,50,300,12,20,49,9244,94.3398,37046,10439,10446,9356,7.02403
dataset_D2/tr_50_pr_300/m_12_n_30_seed_00.txt,50,300,12,30,0,12669,480.935,59164,13469,13547,12750,29.9207
dataset_D2/tr_50_pr_300/m_12_n_30_seed_01.txt,50,300,12,30,1,12831,1328.62,60531,13377,13668,12907,57.7584
dataset_D2/tr_50_pr_300/m_12_n_30_seed_02.txt,50,300,12,30,2,12037,1200.52,59267,12790,12862,12074,84.696
dataset_D2/tr_50_pr_300/m_12_n_30_seed_03.txt,50,300,12,30,3,12987,570.243,61852,13238,13553,13053,34.8587
dataset_D2/tr_50_pr_300/m_12_n_30_seed_04.txt,50,300,12,30,4,13126,262.309,58893,14427,14592,13218,29.6514
dataset_D2/tr_50_pr_300/m_12_n_30_seed_05.txt,50,300,12,30,5,13035,385.206,56826,14524,15081,13163,29.56
dataset_D2/tr_50_pr_300/m_12_n_30_seed_06.txt,50,300,12,30,6,13455,244.363,58589,14226,14260,13582,15.8621
dataset_D2/tr_50_pr_300/m_12_n_30_seed_07.txt,50,300,12,30,7,13134,392.988,58975,13718,14255,13225,38.4263
dataset_D2/tr_50_pr_300/m_12_n_30_seed_08.txt,50,300,12,30,8,12503,476.444,57094,13505,13859,12583,26.7003
dataset_D2/tr_50_pr_300/m_12_n_30_seed_09.txt,50,300,12,30,9,13311,328.285,57028,14703,14503,13397,36.2656
dataset_D2/tr_50_pr_300/m_12_n_30_seed_10.txt,50,300,12,30,10,11910,1247.57,56675,12775,12708,11975,99.2472
dataset_D2/tr_50_pr_300/m_12_n_30_seed_11.txt,50,300,12,30,11,12316,602.0,61057,12776,13973,12399,44.2346
dataset_D2/tr_50_pr_300/m_12_n_30_seed_12.txt,50,300,12,30,12,13565,594.907,62494,14711,14986,13635,56.2524
dataset_D2/tr_50_pr_300/m_12_n_30_seed_13.txt,50,300,12,30,13,12973,287.925,60063,14143,14371,13016,19.9724
dataset_D2/tr_50_pr_300/m_12_n_30_seed_14.txt,50,300,12,30,14,12848,609.314,57687,13577,13733,12940,24.7824
dataset_D2/tr_50_pr_300/m_12_n_30_seed_15.txt,50,300,12,30,15,12585,972.826,57433,13630,14062,12688,31.8155
dataset_D2/tr_50_pr_300/m_12_n_30_seed_16.txt,50,300,12,30,16,12702,301.99,58267,13787,14980,12873,26.0681
dataset_D2/tr_50_pr_300/m_12_n_30_seed_17.txt,50,300,12,30,17,12964,443.908,57993,13915,14936,13131,17.4895
dataset_D2/tr_50_pr_300/m_12_n_30_seed_18.txt,50,300,12,30,18,12594,1044.95,61733,13224,13752,12721,48.702
dataset_D2/tr_50_pr_300/m_12_n_30_seed_19.txt,50,300,12,30,19,12981,239.186,60685,13969,14490,13076,16.3071
dataset_D2/tr_50_pr_300/m_12_n_30_seed_20.txt,50,300,12,30,20,12097,410.439,57667,12832,13288,12183,55.3342
dataset_D2/tr_50_pr_300/m_12_n_30_seed_21.txt,50,300,12,30,21,12759,1029.31,55608,13849,13813,12895,32.4303
dataset_D2/tr_50_pr_300/m_12_n_30_seed_22.txt,50,300,12,30,22,12167,1006.44,59600,12784,12913,12232,63.9035
dataset_D2/tr_50_pr_300/m_12_n_30_seed_23.txt,50,300,12,30,23,13010,255.079,59374,14076,14336,13070,19.8343
dataset_D2/tr_50_pr_300/m_12_n_30_seed_24.txt,50,300,12,30,24,13265,327.585,61768,14003,14094,13315,28.7057
dataset_D2/tr_50_pr_300/m_12_n_30_seed_25.txt,50,300,12,30,25,12733,707.111,61576,13218,13690,12785,42.4123
dataset_D2/tr_50_pr_300/m_12_n_30_seed_26.txt,50,300,12,30,26,13541,230.468,61166,14468,14988,13630,26.6151
dataset_D2/tr_50_pr_300/m_12_n_30_seed_27.txt,50,300,12,30,27,12261,2411.39,59568,12857,13535,12310,145.395
dataset_D2/tr_50_pr_300/m_12_n_30_seed_28.txt,50,300,12,30,28,13580,375.122,61360,14179,14425,13647,37.1293
dataset_D2/tr_50_pr_300/m_12_n_30_seed_29.txt,50,300,12,30,29,12689,770.959,59334,13378,13833,12726,55.4177
dataset_D2/tr_50_pr_300/m_12_n_30_seed_30.txt,50,300,12,30,30,12971,446.9,59158,13983,14380,13026,45.5819
dataset_D2/tr_50_pr_300/m_12_n_30_seed_31.txt,50,300,12,30,31,14398,772.162,63235,15010,15627,14550,45.3421
dataset_D2/tr_50_pr_300/m_12_n_30_seed_32.txt,50,300,12,30,32,13141,880.744,60037,13592,14024,13182,40.8497
dataset_D2/tr_50_pr_300/m_12_n_30_seed_33.txt,50,300,12,30,33,13250,263.828,59710,14343,14359,13314,20.3528
dataset_D2/tr_50_pr_300/m_12_n_30_seed_34.txt,50,300,12,30,34,13223,294.045,59572,14392,14349,13304,33.977
dataset_D2/tr_50_pr_300/m_12_n_30_seed_35.txt,50,300,12,30,35,12819,414.631,58708,13723,14438,12873,38.6155
dataset_D2/tr_50_pr_300/m_12_n_30_seed_36.txt,50,300,12,30,36,11660,2543.57,57563,12394,12424,11711,124.879
dataset_D2/tr_50_pr_300/m_12_n_30_seed_37.txt,50,300,12,30,37,12973,982.079,59927,14086,14691,13114,83.3326
dataset_D2/tr_50_pr_300/m_12_n_30_seed_38.txt,50,300,12,30,38,13250,368.812,58568,13898,14571,13358,27.8832
dataset_D2/tr_50_pr_300/m_12_n_30_seed_39.txt,50,300,12,30,39,13151,448.134,60054,14052,14532,13207,36.5625
dataset_D2/tr_50_pr_300/m_12_n_30_seed_40.txt,50,300,12,30,40,12983,542.614,60139,13840,13910,13051,38.4892
dataset_D2/tr_50_pr_300/m_12_n_30_seed_41.txt,50,300,12,30,41,13450,470.881,62254,13937,14057,13513,55.5369
dataset_D2/tr_50_pr_300/m_12_n_30_seed_42.txt,50,300,12,30,42,12420,449.794,58375,12881,13072,12485,26.1858
dataset_D2/tr_50_pr_300/m_12_n_30_seed_43.txt,50,300,12,30,43,13352,240.53,59147,14525,15023,13461,25.2975
dataset_D2/tr_50_pr_300/m_12_n_30_seed_44.txt,50,300,12,30,44,12803,587.924,57236,13926,14156,12880,43.713
dataset_D2/tr_50_pr_300/m_12_n_30_seed_45.txt,50,300,12,30,45,13500,162.138,58551,14478,15351,13551,21.8235
dataset_D2/tr_50_pr_300/m_12_n_30_seed_46.txt,50,300,12,30,46,12455,879.374,59001,13317,13888,12565,26.5989
dataset_D2/tr_50_pr_300/m_12_n_30_seed_47.txt,50,300,12,30,47,13896,273.526,61819,14793,15430,13966,22.7707
dataset_D2/tr_50_pr_300/m_12_n_30_seed_48.txt,50,300,12,30,48,13895,245.662,61639,15269,15251,13959,27.5727
dataset_D2/tr_50_pr_300/m_12_n_30_seed_49.txt,50,300,12,30,49,13198,490.499,59976,14248,14588,13274,27.1534
dataset_D2/tr_50_pr_50/m_12_n_10_seed_00.txt,50,50,12,10,0,3293,0.690592,4546,4364,3563,3309,0.289769
dataset_D2/tr_50_pr_50/m_12_n_10_seed_01.txt,50,50,12,10,1,3384,0.713954,4637,4365,3987,3426,0.301359
dataset_D2/tr_50_pr_50/m_12_n_10_seed_02.txt,50,50,12,10,2,3236,0.698006,4631,4262,3673,3260,0.319191
dataset_D2/tr_50_pr_50/m_12_n_10_seed_03.txt,50,50,12,10,3,3139,0.646976,4903,4054,3882,3141,0.233485
dataset_D2/tr_50_pr_50/m_12_n_10_seed_04.txt,50,50,12,10,4,3781,0.686954,4899,4896,4093,3803,0.293639
dataset_D2/tr_50_pr_50/m_12_n_10_seed_05.txt,50,50,12,10,5,3161,0.755022,4906,3704,3516,3212,0.374033
dataset_D2/tr_50_pr_50/m_12_n_10_seed_06.txt,50,50,12,10,6,3075,0.763908,4876,3828,3539,3105,0.285693
dataset_D2/tr_50_pr_50/m_12_n_10_seed_07.txt,50,50,12,10,7,3202,0.825827,4409,4015,3532,3232,0.352037
dataset_D2/tr_50_pr_50/m_12_n_10_seed_08.txt,50,50,12,10,8,3506,0.706336,4628,4395,3854,3538,0.272877
dataset_D2/tr_50_pr_50/m_12_n_10_seed_09.txt,50,50,12,10,9,3665,0.692353,4940,4718,4321,3691,0.313703
dataset_D2/tr_50_pr_50/m_12_n_10_seed_10.txt,50,50,12,10,10,3106,0.650979,4803,4189,3820,3132,0.238733
dataset_D2/tr_50_pr_50/m_12_n_10_seed_11.txt,50,50,12,10,11,3464,0.645667,4757,4700,4146,3506,0.216395
dataset_D2/tr_50_pr_50/m_12_n_10_seed_12.txt,50,50,12,10,12,2851,0.760394,4435,3812,3283,2876,0.259193
dataset_D2/tr_50_pr_50/m_12_n_10_seed_13.txt,50,50,12,10,13,3461,0.663238,4940,4377,3896,3489,0.265047
dataset_D2/tr_50_pr_50/m_12_n_10_seed_14.txt,50,50,12,10,14,3632,0.700664,4840,4693,4037,3649,0.310078
dataset_D2/tr_50_pr_50/m_12_n_10_seed_15.txt,50,50,12,10,15,3267,0.671698,4658,4227,3711,3322,0.180851
dataset_D2/tr_50_pr_50/m_12_n_10_seed_16.txt,50,50,12,10,16,3720,0.687918,4952,4893,4155,3739,0.278449
dataset_D2/tr_50_pr_50/m_12_n_10_seed_17.txt,50,50,12,10,17,3760,0.698527,4866,4881,4286,3784,0.251732
dataset_D2/tr_50_pr_50/m_12_n_10_seed_18.txt,50,50,12,10,18,3785,0.635327,5012,5009,4190,3799,0.284609
dataset_D2/tr_50_pr_50/m_12_n_10_seed_19.txt,50,50,12,10,19,3200,0.716819,4751,4176,3733,3268,0.277902
dataset_D2/tr_50_pr_50/m_12_n_10_seed_20.txt,50,50,12,10,20,3584,0.665809,4718,4845,4053,3593,0.190387
dataset_D2/tr_50_pr_50/m_12_n_10_seed_21.txt,50,50,12,10,21,3182,0.663472,4782,4176,3767,3220,0.242932
dataset_D2/tr_50_pr_50/m_12_n_10_seed_22.txt,50,50,12,10,22,3102,0.703051,4639,4010,3639,3149,0.229104
dataset_D2/tr_50_pr_50/m_12_n_10_seed_23.txt,50,50,12,10,23,2876,0.855936,4511,3658,3213,2900,0.328096
dataset_D2/tr_50_pr_50/m_12_n_10_seed_24.txt,50,50,12,10,24,2913,0.784458,4657,3739,3614,2940,0.347716
dataset_D2/tr_50_pr_50/m_12_n_10_seed_25.txt,50,50,12,10,25,3025,0.650791,4672,3900,3501,3078,0.239825
dataset_D2/tr_50_pr_50/m_12_n_10_seed_26.txt,50,50,12,10,26,3635,0.662821,5287,4711,4374,3709,0.218404
dataset_D2/tr_50_pr_50/m_12_n_10_seed_27.txt,50,50,12,10,27,3497,0.687403,5088,4323,3903,3513,0.245092
dataset_D2/tr_50_pr_50/m_12_n_10_seed_28.txt,50,50,12,10,28,3512,0.747247,4777,4531,3986,3593,0.254606
dataset_D2/tr_50_pr_50/m_12_n_10_seed_29.txt,50,50,12,10,29,3548,0.630185,4907,4608,4040,3597,0.216058
dataset_D2/tr_50_pr_50/m_12_n_10_seed_30.txt,50,50,12,10,30,3618,0.712999,5034,4635,4096,3650,0.289969
dataset_D2/tr_50_pr_50/m_12_n_10_seed_31.txt,50,50,12,10,31,2652,0.90463,4380,3249,3055,2685,0.379313
dataset_D2/tr_50_pr_50/m_12_n_10_seed_32.txt,50,50,12,10,32,3081,0.661352,4737,3842,3554,3129,0.24074
dataset_D2/tr_50_pr_50/m_12_n_10_seed_33.txt,50,50,12,10,33,3490,0.668249,4793,4562,3838,3501,0.25361
dataset_D2/tr_50_pr_50/m_12_n_10_seed_34.txt,50,50,12,10,34,3250,0.695843,4518,4306,4062,3301,0.223143
dataset_D2/tr_50_pr_50/m_12_n_10_seed_35.txt,50,50,12,10,35,3300,0.728307,4869,4295,3862,3378,0.265903
dataset_D2/tr_50_pr_50/m_12_n_10_seed_36.txt,50,50,12,10,36,3662,0.695235,5063,4495,4111,3675,0.30271
dataset_D2/tr_50_pr_50/m_12_n_10_seed_37.txt,50,50,12,10,37,3196,0.733963,4710,3873,3636,3229,0.280435
dataset_D2/tr_50_pr_50/m_12_n_10_seed_38.txt,50,50,12,10,38,3642,0.678966,5095,4575,3939,3677,0.273911
dataset_D2/tr_50_pr_50/m_12_n_10_seed_39.txt,50,50,12,10,39,3509,0.709057,4977,4467,4175,3557,0.269034
dataset_D2/tr_50_pr_50/m_12_n_10_seed_40.txt,50,50,12,10,40,3352,0.851764,4741,4161,3790,3381,0.314519
dataset_D2/tr_50_pr_50/m_12_n_10_seed_41.txt,50,50,12,10,41,3105,0.711066,4655,3892,3632,3129,0.19997
dataset_D2/tr_50_pr_50/m_12_n_10_seed_42.txt,50,50,12,10,42,3189,0.816093,4671,4197,3477,3223,0.370076
dataset_D2/tr_50_pr_50/m_12_n_10_seed_43.txt,50,50,12,10,43,2972,0.762403,4465,3874,3453,2994,0.261283
dataset_D2/tr_50_pr_50/m_12_n_10_seed_44.txt,50,50,12,10,44,3479,0.677739,4895,4226,4122,3524,0.266314
dataset_D2/tr_50_pr_50/m_12_n_10_seed_45.txt,50,50,12,10,45,3425,0.696365,4923,4488,4015,3463,0.2922
dataset_D2/tr_50_pr_50/m_12_n_10_seed_46.txt,50,50,12,10,46,2998,0.785084,4739,3826,3719,3021,0.282566
dataset_D2/tr_50_pr_50/m_12_n_10_seed_47.txt,50,50,12,10,47,3063,0.703925,4804,3733,3517,3063,0.247398
dataset_D2/tr_50_pr_50/m_12_n_10_seed_48.txt,50,50,12,10,48,3269,0.691736,4871,4042,3727,3306,0.293149
dataset_D2/tr_50_pr_50/m_12_n_10_seed_49.txt,50,50,12,10,49,3134,0.762783,4671,3945,3693,3179,0.23084
dataset_D2/tr_50_pr_50/m_12_n_20_seed_00.txt,50,50,12,20,0,5637,2.1885,9037,7287,6441,5693,0.752856
dataset_D2/tr_50_pr_50/m_12_n_20_seed_01.txt,50,50,12,20,1,6827,1.92685,9814,8863,7870,6966,0.655554
dataset_D2/tr_50_pr_50/m_12_n_20_seed_02.txt,50,50,12,20,2,6000,2.43692,9501,7810,7633,6035,0.662809
dataset_D2/tr_50_pr_50/m_12_n_20_seed_03.txt,50,50,12,20,3,6475,2.22166,9379,8760,7607,6581,0.763344
dataset_D2/tr_50_pr_50/m_12_n_20_seed_04.txt,50,50,12,20,4,7068,2.13809,10041,9212,8421,7187,0.700017
dataset_D2/tr_50_pr_50/m_12_n_20_seed_05.txt,50,50,12,20,5,7119,2.13951,9668,9401,7708,7178,0.763134
dataset_D2/tr_50_pr_50/m_12_n_20_seed_06.txt,50,50,12,20,6,6963,2.12243,9916,8801,7883,7055,0.876882
dataset_D2/tr_50_pr_50/m_12_n_20_seed_07.txt,50,50,12,20,7,6667,2.17564,9414,8805,7168,6680,0.630079
dataset_D2/tr_50_pr_50/m_12_n_20_seed_08.txt,50,50,12,20,8,5909,2.38398,9299,7210,6766,6034,0.964332
dataset_D2/tr_50_pr_50/m_12_n_20_seed_09.txt,50,50,12,20,9,5913,2.07152,9381,7793,7123,6003,0.58994
dataset_D2/tr_50_pr_50/m_12_n_20_seed_10.txt,50,50,12,20,10,5967,2.13119,9156,7462,7089,6057,0.811294
dataset_D2/tr_50_pr_50/m_12_n_20_seed_11.txt,50,50,12,20,11,6346,2.33349,9223,8191,7514,6389,0.873971
dataset_D2/tr_50_pr_50/m_12_n_20_seed_12.txt,50,50,12,20,12,6029,2.17473,9025,7838,7152,6104,0.933584
dataset_D2/tr_50_pr_50/m_12_n_20_seed_13.txt,50,50,12,20,13,5092,2.67453,9061,6077,6521,5229,0.955185
dataset_D2/tr_50_pr_50/m_12_n_20_seed_14.txt,50,50,12,20,14,6255,2.12149,9583,8037,7548,6514,0.716912
dataset_D2/tr_50_pr_50/m_12_n_20_seed_15.txt,50,50,12,20,15,6459,2.32541,9656,8663,8138,6528,0.905855
dataset_D2/tr_50_pr_50/m_12_n_20_seed_16.txt,50,50,12,20,16,5590,2.14354,8855,7351,6328,5612,0.640549
dataset_D2/tr_50_pr_50/m_12_n_20_seed_17.txt,50,50,12,20,17,6739,2.32722,9814,8865,8357,6908,1.01151
dataset_D2/tr_50_pr_50/m_12_n_20_seed_18.txt,50,50,12,20,18,6158,2.2548,9388,8187,7482,6308,0.969377
dataset_D2/tr_50_pr_50/m_12_n_20_seed_19.txt,50,50,12,20,19,6901,2.09383,10179,9420,8451,6950,0.781995
dataset_D2/tr_50_pr_50/m_12_n_20_seed_20.txt,50,50,12,20,20,6938,2.16519,9596,8912,7975,6990,0.65713
dataset_D2/tr_50_pr_50/m_12_n_20_seed_21.txt,50,50,12,20,21,6594,2.02422,8880,8761,7124,6650,0.685958
dataset_D2/tr_50_pr_50/m_12_n_20_seed_22.txt,50,50,12,20,22,6367,2.39953,9389,7928,7703,6502,0.748156
dataset_D2/tr_50_pr_50/m_12_n_20_seed_23.txt,50,50,12,20,23,6409,2.19299,9418,8340,7351,6467,0.841663
dataset_D2/tr_50_pr_50/m_12_n_20_seed_24.txt,50,50,12,20,24,6257,2.30712,9933,8278,7351,6430,0.546634
dataset_D2/tr_50_pr_50/m_12_n_20_seed_25.txt,50,50,12,20,25,6349,1.98461,9461,8213,8232,6424,0.655712
dataset_D2/tr_50_pr_50/m_12_n_20_seed_26.txt,50,50,12,20,26,6797,2.06814,9748,8588,7886,6859,0.556652
dataset_D2/tr_50_pr_50/m_12_n_20_seed_27.txt,50,50,12,20,27,6571,1.96622,9852,8546,8118,6615,0.679775
dataset_D2/tr_50_pr_50/m_12_n_20_seed_28.txt,50,50,12,20,28,6482,2.12421,9399,8221,7692,6541,0.893183
dataset_D2/tr_50_pr_50/m_12_n_20_seed_29.txt,50,50,12,20,29,6472,2.30698,9692,8084,7460,6518,0.904816
dataset_D2/tr_50_pr_50/m_12_n_20_seed_30.txt,50,50,12,20,30,6343,1.97109,9371,8485,7108,6370,0.659332
dataset_D2/tr_50_pr_50/m_12_n_20_seed_31.txt,50,50,12,20,31,6419,2.13045,9479,8679,7803,6540,0.685428
dataset_D2/tr_50_pr_50/m_12_n_20_seed_32.txt,50,50,12,20,32,6018,2.13523,9192,7797,7059,6087,0.694785
dataset_D2/tr_50_pr_50/m_12_n_20_seed_33.txt,50,50,12,20,33,5755,2.20806,9229,8227,6759,5763,0.570877
dataset_D2/tr_50_pr_50/m_12_n_20_seed_34.txt,50,50,12,20,34,6301,2.37884,9160,8068,7144,6321,0.827118
dataset_D2/tr_50_pr_50/m_12_n_20_seed_35.txt,50,50,12,20,35,7586,2.06432,10292,9706,9479,7757,0.712233
dataset_D2/tr_50_pr_50/m_12_n_20_seed_36.txt,50,50,12,20,36,6362,2.22068,9188,8354,7642,6410,0.848533
dataset_D2/tr_50_pr_50/m_12_n_20_seed_37.txt,50,50,12,20,37,6797,2.06367,9808,9151,7878,6849,0.770593
dataset_D2/tr_50_pr_50/m_12_n_20_seed_38.txt,50,50,12,20,38,7056,2.14353,9700,9301,7934,7111,0.718996
dataset_D2/tr_50_pr_50/m_12_n_20_seed_39.txt,50,50,12,20,39,6578,2.15145,9504,8324,7814,6681,0.79939
dataset_D2/tr_50_pr_50/m_12_n_20_seed_40.txt,50,50,12,20,40,7429,2.15402,10351,9576,8510,7547,0.576287
dataset_D2/tr_50_pr_50/m_12_n_20_seed_41.txt,50,50,12,20,41,7188,2.05803,10051,9318,8084,7191,0.679144
dataset_D2/tr_50_pr_50/m_12_n_20_seed_42.txt,50,50,12,20,42,6607,2.13226,9426,8948,7806,6668,0.643589
dataset_D2/tr_50_pr_50/m_12_n_20_seed_43.txt,50,50,12,20,43,6447,2.3241,9476,8095,7647,6494,0.814149
dataset_D2/tr_50_pr_50/m_12_n_20_seed_44.txt,50,50,12,20,44,6978,2.33603,9940,9066,8235,7090,0.707901
dataset_D2/tr_50_pr_50/m_12_n_20_seed_45.txt,50,50,12,20,45,6322,1.99359,8847,8609,7051,6428,0.584449
dataset_D2/tr_50_pr_50/m_12_n_20_seed_46.txt,50,50,12,20,46,7210,2.24906,10042,9801,8375,7313,0.907374
dataset_D2/tr_50_pr_50/m_12_n_20_seed_47.txt,50,50,12,20,47,7210,2.26663,9921,9201,8088,7272,0.838657
dataset_D2/tr_50_pr_50/m_12_n_20_seed_48.txt,50,50,12,20,48,6638,2.3318,9847,8572,7343,6664,0.92586
dataset_D2/tr_50_pr_50/m_12_n_20_seed_49.txt,50,50,12,20,49,6353,2.29723,9449,7972,7415,6383,0.765702
dataset_D2/tr_50_pr_50/m_12_n_30_seed_00.txt,50,50,12,30,0,8723,3.90462,14355,11147,10073,8779,1.58013
dataset_D2/tr_50_pr_50/m_12_n_30_seed_01.txt,50,50,12,30,1,9984,3.81087,14040,12768,11854,10008,1.41571
dataset_D2/tr_50_pr_50/m_12_n_30_seed_02.txt,50,50,12,30,2,9152,3.86806,13727,12329,10977,9296,1.31287
dataset_D2/tr_50_pr_50/m_12_n_30_seed_03.txt,50,50,12,30,3,9631,3.85761,14608,12372,11283,9785,1.20558
dataset_D2/tr_50_pr_50/m_12_n_30_seed_04.txt,50,50,12,30,4,10521,4.18273,15331,13532,12439,10796,1.78508
dataset_D2/tr_50_pr_50/m_12_n_30_seed_05.txt,50,50,12,30,5,9823,3.63348,14701,13239,11568,10102,0.949078
dataset_D2/tr_50_pr_50/m_12_n_30_seed_06.txt,50,50,12,30,6,9196,3.47203,13868,12135,10477,9273,1.21047
dataset_D2/tr_50_pr_50/m_12_n_30_seed_07.txt,50,50,12,30,7,9346,4.16931,14467,11964,11439,9601,1.6962
dataset_D2/tr_50_pr_50/m_12_n_30_seed_08.txt,50,50,12,30,8,9796,3.7474,14235,12799,11910,9897,1.40453
dataset_D2/tr_50_pr_50/m_12_n_30_seed_09.txt,50,50,12,30,9,9993,4.00666,14461,12538,11878,10118,1.51578
dataset_D2/tr_50_pr_50/m_12_n_30_seed_10.txt,50,50,12,30,10,9486,3.31457,14466,12212,9915,9499,1.23868
dataset_D2/tr_50_pr_50/m_12_n_30_seed_11.txt,50,50,12,30,11,10155,3.6162,14986,13660,12436,10360,0.862005
dataset_D2/tr_50_pr_50/m_12_n_30_seed_12.txt,50,50,12,30,12,9064,3.68832,14437,12141,10588,9101,1.23187
dataset_D2/tr_50_pr_50/m_12_n_30_seed_13.txt,50,50,12,30,13,8567,4.02586,13710,10472,10950,8841,1.37627
dataset_D2/tr_50_pr_50/m_12_n_30_seed_14.txt,50,50,12,30,14,10403,3.42645,14571,13636,11795,10444,1.47253
dataset_D2/tr_50_pr_50/m_12_n_30_seed_15.txt,50,50,12,30,15,9888,3.99319,14906,12594,11063,9909,1.58704
dataset_D2/tr_50_pr_50/m_12_n_30_seed_16.txt,50,50,12,30,16,9683,3.84088,14426,12998,10621,9781,1.40589
dataset_D2/tr_50_pr_50/m_12_n_30_seed_17.txt,50,50,12,30,17,8481,4.36511,13897,10134,10567,8772,1.91816
dataset_D2/tr_50_pr_50/m_12_n_30_seed_18.txt,50,50,12,30,18,10513,3.74349,14579,13769,11747,10600,1.10205
dataset_D2/tr_50_pr_50/m_12_n_30_seed_19.txt,50,50,12,30,19,8539,3.69468,13799,11303,10629,8648,1.25147
dataset_D2/tr_50_pr_50/m_12_n_30_seed_20.txt,50,50,12,30,20,9366,4.0605,14055,12215,11015,9604,1.04265
dataset_D2/tr_50_pr_50/m_12_n_30_seed_21.txt,50,50,12,30,21,8971,3.91134,13655,11205,10983,9407,1.28466
dataset_D2/tr_50_pr_50/m_12_n_30_seed_22.txt,50,50,12,30,22,9728,3.49708,14151,13059,11162,9811,1.12052
dataset_D2/tr_50_pr_50/m_12_n_30_seed_23.txt,50,50,12,30,23,8492,3.42794,14031,10573,9695,8578,1.13342
dataset_D2/tr_50_pr_50/m_12_n_30_seed_24.txt,50,50,12,30,24,9302,3.5476,14182,12555,11252,9610,1.23974
dataset_D2/tr_50_pr_50/m_12_n_30_seed_25.txt,50,50,12,30,25,9808,3.75148,14057,12636,11610,9828,1.23249
dataset_D2/tr_50_pr_50/m_12_n_30_seed_26.txt,50,50,12,30,26,9239,3.83501,14262,11870,10541,9306,1.00933
dataset_D2/tr_50_pr_50/m_12_n_30_seed_27.txt,50,50,12,30,27,10021,3.81414,14605,13218,12218,10210,1.6144
dataset_D2/tr_50_pr_50/m_12_n_30_seed_28.txt,50,50,12,30,28,8741,4.00916,14406,10818,10904,8950,1.51355
dataset_D2/tr_50_pr_50/m_12_n_30_seed_29.txt,50,50,12,30,29,10022,3.77274,13877,12639,11978,10069,1.1477
dataset_D2/tr_50_pr_50/m_12_n_30_seed_30.txt,50,50,12,30,30,8741,3.9041,13963,11721,10596,8978,1.22746
dataset_D2/tr_50_pr_50/m_12_n_30_seed_31.txt,50,50,12,30,31,9905,3.8502,14453,12314,11435,10047,1.36475
dataset_D2/tr_50_pr_50/m_12_n_30_seed_32.txt,50,50,12,30,32,9365,3.91615,13572,12355,11275,9514,1.06888
dataset_D2/tr_50_pr_50/m_12_n_30_seed_33.txt,50,50,12,30,33,9623,3.75058,13864,12614,11185,9726,1.21852
dataset_D2/tr_50_pr_50/m_12_n_30_seed_34.txt,50,50,12,30,34,10152,3.46756,14870,13294,11855,10279,1.1454
dataset_D2/tr_50_pr_50/m_12_n_30_seed_35.txt,50,50,12,30,35,9642,3.59861,14333,12763,11333,9721,1.17408
dataset_D2/tr_50_pr_50/m_12_n_30_seed_36.txt,50,50,12,30,36,9856,3.74552,14649,12759,11200,9986,1.03635
dataset_D2/tr_50_pr_50/m_12_n_30_seed_37.txt,50,50,12,30,37,8187,3.71041,14154,10822,9645,8241,1.03588
dataset_D2/tr_50_pr_50/m_12_n_30_seed_38.txt,50,50,12,30,38,9594,3.68002,14820,12338,10479,9653,1.46294
dataset_D2/tr_50_pr_50/m_12_n_30_seed_39.txt,50,50,12,30,39,10240,3.96147,14977,12774,11402,10307,1.52898
dataset_D2/tr_50_pr_50/m_12_n_30_seed_40.txt,50,50,12,30,40,9264,3.4453,14558,12645,11064,9325,0.81384
dataset_D2/tr_50_pr_50/m_12_n_30_seed_41.txt,50,50,12,30,41,8177,4.16149,13677,10256,9777,8305,1.489
dataset_D2/tr_50_pr_50/m_12_n_30_seed_42.txt,50,50,12,30,42,11145,3.84709,15265,14626,13094,11198,1.16367
dataset_D2/tr_50_pr_50/m_12_n_30_seed_43.txt,50,50,12,30,43,8949,3.90016,13918,11257,10571,8988,1.30821
dataset_D2/tr_50_pr_50/m_12_n_30_seed_44.txt,50,50,12,30,44,8494,3.80772,13689,11301,10790,8596,1.36409
dataset_D2/tr_50_pr_50/m_12_n_30_seed_45.txt,50,50,12,30,45,9759,3.33234,14400,12975,11578,9949,1.22113
dataset_D2/tr_50_pr_50/m_12_n_30_seed_46.txt,50,50,12,30,46,9647,3.571,14303,13212,11232,9759,1.13974
dataset_D2/tr_50_pr_50/m_12_n_30_seed_47.txt,50,50,12,30,47,9744,3.57112,14753,12877,12011,9846,1.14
dataset_D2/tr_50_pr_50/m_12_n_30_seed_48.txt,50,50,12,30,48,9384,3.43635,13667,12515,11170,9470,1.18646
dataset_D2/tr_50_pr_50/m_12_n_30_seed_49.txt,50,50,12,30,49,9853,4.09022,14623,12836,11752,10055,1.59363
