instance_path,m,n,seed,exact_sol,exact_time,u1_sol,u2_sol,h_rho1_sol,h_rho2_sol,h_rho2_time
dataset_D1/m_04_n_04_seed_00.txt,4,4,0,664,0.00710901,1004,724,699,664,0.00276796
dataset_D1/m_04_n_04_seed_01.txt,4,4,1,753,0.00578601,1212,760,795,753,0.0014251
dataset_D1/m_04_n_04_seed_02.txt,4,4,2,637,0.0116834,985,703,644,637,0.00151481
dataset_D1/m_04_n_04_seed_03.txt,4,4,3,729,0.0102317,1147,754,770,729,0.00166537
dataset_D1/m_04_n_04_seed_04.txt,4,4,4,612,0.0106252,1085,626,667,612,0.00167516
dataset_D1/m_04_n_04_seed_05.txt,4,4,5,664,0.00865365,1233,678,686,664,0.00171396
dataset_D1/m_04_n_04_seed_06.txt,4,4,6,676,0.00761612,1068,717,681,676,0.00285184
dataset_D1/m_04_n_04_seed_07.txt,4,4,7,644,0.009203,822,756,657,644,0.00222464
dataset_D1/m_04_n_04_seed_08.txt,4,4,8,675,0.0100663,1023,681,703,675,0.0015787
dataset_D1/m_04_n_04_seed_09.txt,4,4,9,668,0.00988566,1075,705,685,668,0.00155039
dataset_D1/m_04_n_06_seed_00.txt,4,6,0,902,0.0111964,1676,964,906,902,0.00655591
dataset_D1/m_04_n_06_seed_01.txt,4,6,1,1081,0.00763866,1900,1124,1114,1081,0.00757439
dataset_D1/m_04_n_06_seed_02.txt,4,6,2,962,0.0118808,1479,1123,1018,962,0.00952611
dataset_D1/m_04_n_06_seed_03.txt,4,6,3,1031,0.00927045,1747,1060,1078,1031,0.00791358
dataset_D1/m_04_n_06_seed_04.txt,4,6,4,994,0.0106588,1606,1036,1045,994,0.0107694
dataset_D1/m_04_n_06_seed_05.txt,4,6,5,952,0.00963506,1699,1082,963,952,0.00995857
dataset_D1/m_04_n_06_seed_06.txt,4,6,6,936,0.0109594,1691,976,963,936,0.0126544
dataset_D1/m_04_n_06_seed_07.txt,4,6,7,831,0.0111969,1402,846,865,831,0.0080263
dataset_D1/m_04_n_06_seed_08.txt,4,6,8,964,0.0110573,1551,1045,1045,964,0.0116505
dataset_D1/m_04_n_06_seed_09.txt,4,6,9,905,0.00888369,1561,930,983,905,0.0103331
dataset_D1/m_04_n_08_seed_00.txt,4,8,0,1220,0.0141665,2107,1273,1252,1220,0.00847232
dataset_D1/m_04_n_08_seed_01.txt,4,8,1,1119,0.0107489,2196,1142,1164,1119,0.010196
dataset_D1/m_04_n_08_seed_02.txt,4,8,2,1349,0.0108545,2371,1468,1463,1349,0.0122187
dataset_D1/m_04_n_08_seed_03.txt,4,8,3,1301,0.0092744,2311,1402,1339,1301,0.0122513
dataset_D1/m_04_n_08_seed_04.txt,4,8,4,1214,0.011175,1972,1292,1267,1214,0.0147298
dataset_D1/m_04_n_08_seed_05.txt,4,8,5,1105,0.0122385,1984,1131,1160,1105,0.0141531
dataset_D1/m_04_n_08_seed_06.txt,4,8,6,1314,0.0101402,2241,1412,1411,1314,0.0115697
dataset_D1/m_04_n_08_seed_07.txt,4,8,7,1343,0.0107092,2342,1458,1411,1343,0.0101542
dataset_D1/m_04_n_08_seed_08.txt,4,8,8,1335,0.0105217,2199,1381,1383,1335,0.00690853
dataset_D1/m_04_n_08_seed_09.txt,4,8,9,1154,0.0134449,2184,1216,1200,1154,0.00986412
dataset_D1/m_04_n_10_seed_00.txt,4,10,0,1439,0.0164414,2622,1505,1470,1439,0.00873499
dataset_D1/m_04_n_10_seed_01.txt,4,10,1,1506,0.0118463,2795,1555,1593,1506,0.0131556
dataset_D1/m_04_n_10_seed_02.txt,4,10,2,1705,0.0121215,2949,1949,1783,1705,0.0127416
dataset_D1/m_04_n_10_seed_03.txt,4,10,3,1439,0.0113957,2485,1488,1553,1439,0.0134399
dataset_D1/m_04_n_10_seed_04.txt,4,10,4,1441,0.0116049,2483,1542,1544,1441,0.0107613
dataset_D1/m_04_n_10_seed_05.txt,4,10,5,1459,0.0134461,2674,1502,1483,1459,0.00953955
dataset_D1/m_04_n_10_seed_06.txt,4,10,6,1384,0.0118457,2811,1444,1422,1384,0.0123168
dataset_D1/m_04_n_10_seed_07.txt,4,10,7,1341,0.0131111,2657,1403,1405,1341,0.00957494
dataset_D1/m_04_n_10_seed_08.txt,4,10,8,1384,0.0112241,2744,1416,1408,1384,0.00968147
dataset_D1/m_04_n_10_seed_09.txt,4,10,9,1312,0.0112039,2348,1393,1366,1334,0.0142301
dataset_D1/m_04_n_12_seed_00.txt,4,12,0,1680,0.0178143,2926,1923,1710,1680,0.00992052
dataset_D1/m_04_n_12_seed_01.txt,4,12,1,1767,0.0144035,2834,1881,1943,1771,0.0113326
dataset_D1/m_04_n_12_seed_02.txt,4,12,2,1568,0.012707,2530,1735,1656,1568,0.0124928
dataset_D1/m_04_n_12_seed_03.txt,4,12,3,1630,0.0127616,3249,1680,1673,1630,0.0121111
dataset_D1/m_04_n_12_seed_04.txt,4,12,4,1733,0.01261,3108,1831,1874,1733,0.0138978
dataset_D1/m_04_n_12_seed_05.txt,4,12,5,1848,0.0122114,3344,1968,1899,1848,0.0129393
dataset_D1/m_04_n_12_seed_06.txt,4,12,6,1792,0.0137347,3406,1922,1903,1792,0.00980653
dataset_D1/m_04_n_12_seed_07.txt,4,12,7,1766,0.0136466,3393,1879,1868,1766,0.00957959
dataset_D1/m_04_n_12_seed_08.txt,4,12,8,1558,0.0143191,3201,1700,1644,1558,0.0105356
dataset_D1/m_04_n_12_seed_09.txt,4,12,9,1713,0.0121244,3133,1758,1812,1720,0.01077
dataset_D1/m_04_n_14_seed_00.txt,4,14,0,1992,0.0226428,3830,2122,2132,1992,0.0101524
dataset_D1/m_04_n_14_seed_01.txt,4,14,1,2053,0.0183549,3656,2247,2240,2053,0.00789
dataset_D1/m_04_n_14_seed_02.txt,4,14,2,2078,0.0211259,4121,2216,2147,2078,0.00849973
dataset_D1/m_04_n_14_seed_03.txt,4,14,3,2047,0.0248042,4215,2119,2081,2047,0.0073765
dataset_D1/m_04_n_14_seed_04.txt,4,14,4,1998,0.0192988,3980,2084,2077,1998,0.00852051
dataset_D1/m_04_n_14_seed_05.txt,4,14,5,2213,0.0157072,3881,2425,2354,2214,0.00896526
dataset_D1/m_04_n_14_seed_06.txt,4,14,6,2263,0.0139255,3574,2680,2328,2263,0.0092095
dataset_D1/m_04_n_14_seed_07.txt,4,14,7,2221,0.0225436,3782,2378,2272,2221,0.00780342
dataset_D1/m_04_n_14_seed_08.txt,4,14,8,2034,0.0221601,3767,2098,2134,2034,0.00775096
dataset_D1/m_04_n_14_seed_09.txt,4,14,9,1769,0.0197034,3542,1802,1933,1769,0.00846923
dataset_D1/m_04_n_16_seed_00.txt,4,16,0,2563,0.02308,4398,2936,2648,2563,0.0087327
dataset_D1/m_04_n_16_seed_01.txt,4,16,1,2351,0.0233493,4488,2575,2411,2351,0.0106468
dataset_D1/m_04_n_16_seed_02.txt,4,16,2,2272,0.0265499,4305,2399,2370,2272,0.00991922
dataset_D1/m_04_n_16_seed_03.txt,4,16,3,2246,0.0225587,4007,2494,2332,2246,0.0086602
dataset_D1/m_04_n_16_seed_04.txt,4,16,4,2301,0.0259322,4179,2364,2378,2301,0.00838094
dataset_D1/m_04_n_16_seed_05.txt,4,16,5,2527,0.0227974,4411,2796,2692,2527,0.00818281
dataset_D1/m_04_n_16_seed_06.txt,4,16,6,2277,0.0236396,4476,2491,2356,2277,0.00894032
dataset_D1/m_04_n_16_seed_07.txt,4,16,7,2402,0.0243464,4303,2693,2584,2402,0.0122168
dataset_D1/m_04_n_16_seed_08.txt,4,16,8,2507,0.0211726,4608,2681,2662,2519,0.00973853
dataset_D1/m_04_n_16_seed_09.txt,4,16,9,2478,0.0237347,4210,2840,2537,2478,0.00864205
dataset_D1/m_04_n_18_seed_00.txt,4,18,0,2725,0.0229645,5187,2899,2835,2725,0.0111399
dataset_D1/m_04_n_18_seed_01.txt,4,18,1,2854,0.0282223,4858,3201,3076,2854,0.00878667
dataset_D1/m_04_n_18_seed_02.txt,4,18,2,2712,0.0286131,4730,3025,2843,2712,0.0100532
dataset_D1/m_04_n_18_seed_03.txt,4,18,3,2452,0.0270155,4886,2543,2501,2452,0.00996226
dataset_D1/m_04_n_18_seed_04.txt,4,18,4,2962,0.0242752,4906,3207,3101,2962,0.00943627
dataset_D1/m_04_n_18_seed_05.txt,4,18,5,2547,0.0271344,4677,2707,2681,2547,0.00941578
dataset_D1/m_04_n_18_seed_06.txt,4,18,6,2806,0.0290077,5423,3062,3030,2806,0.0112629
dataset_D1/m_04_n_18_seed_07.txt,4,18,7,2739,0.0241097,5085,2960,2977,2739,0.0110098
dataset_D1/m_04_n_18_seed_08.txt,4,18,8,2906,0.0260317,5202,3127,3129,2906,0.00951988
dataset_D1/m_04_n_18_seed_09.txt,4,18,9,2425,0.0214926,4841,2525,2677,2425,0.0106252
dataset_D1/m_04_n_20_seed_00.txt,4,20,0,2673,0.0328865,5047,2857,2864,2673,0.0131557
dataset_D1/m_04_n_20_seed_01.txt,4,20,1,2558,0.025012,5311,2714,2632,2558,0.010471
dataset_D1/m_04_n_20_seed_02.txt,4,20,2,2833,0.0277024,5199,3044,2992,2833,0.00973337
dataset_D1/m_04_n_20_seed_03.txt,4,20,3,2973,0.0302871,5764,3075,3115,2974,0.0102397
dataset_D1/m_04_n_20_seed_04.txt,4,20,4,2764,0.027243,5565,3029,2996,2764,0.0105426
dataset_D1/m_04_n_20_seed_05.txt,4,20,5,3343,0.0291432,5690,3755,3639,3343,0.0103584
dataset_D1/m_04_n_20_seed_06.txt,4,20,6,2980,0.0294472,5353,3250,3155,2980,0.010521
dataset_D1/m_04_n_20_seed_07.txt,4,20,7,3012,0.0232874,5612,3237,3175,3012,0.0108041
dataset_D1/m_04_n_20_seed_08.txt,4,20,8,3014,0.0280683,5762,3320,3258,3014,0.0112834
dataset_D1/m_04_n_20_seed_09.txt,4,20,9,2638,0.0293281,5349,2849,2730,2638,0.0123798
dataset_D1/m_04_n_22_seed_00.txt,4,22,0,3097,0.0284929,5593,3193,3198,3097,0.013548
dataset_D1/m_04_n_22_seed_01.txt,4,22,1,3003,0.0328499,6011,3189,3207,3003,0.0127774
dataset_D1/m_04_n_22_seed_02.txt,4,22,2,3602,0.022105,6302,4232,3941,3602,0.0136581
dataset_D1/m_04_n_22_seed_03.txt,4,22,3,3499,0.0240598,6537,3665,3729,3499,0.0151533
dataset_D1/m_04_n_22_seed_04.txt,4,22,4,2968,0.0209834,5968,3081,3076,2968,0.0131437
dataset_D1/m_04_n_22_seed_05.txt,4,22,5,3384,0.032424,6204,3650,3527,3384,0.012597
dataset_D1/m_04_n_22_seed_06.txt,4,22,6,3248,0.022456,6255,3398,3373,3248,0.01243
dataset_D1/m_04_n_22_seed_07.txt,4,22,7,3437,0.0387271,6424,3756,3583,3437,0.0125693
dataset_D1/m_04_n_22_seed_08.txt,4,22,8,3138,0.0302632,5996,3481,3458,3138,0.0129405
dataset_D1/m_04_n_22_seed_09.txt,4,22,9,3237,0.0313994,5863,3625,3367,3237,0.0121899
dataset_D1/m_04_n_24_seed_00.txt,4,24,0,3229,0.0294684,6665,3389,3489,3229,0.0152674
dataset_D1/m_04_n_24_seed_01.txt,4,24,1,3440,0.0225216,6301,3851,3734,3451,0.0280577
dataset_D1/m_04_n_24_seed_02.txt,4,24,2,3552,0.0244806,6900,3715,3854,3552,0.0136746
dataset_D1/m_04_n_24_seed_03.txt,4,24,3,3355,0.0299742,6570,3444,3608,3357,0.0127519
dataset_D1/m_04_n_24_seed_04.txt,4,24,4,3754,0.0321879,6784,4201,4008,3779,0.013374
dataset_D1/m_04_n_24_seed_05.txt,4,24,5,3917,0.0307275,6933,4195,4111,3917,0.0129251
dataset_D1/m_04_n_24_seed_06.txt,4,24,6,3224,0.0245737,6881,3364,3324,3224,0.0140035
dataset_D1/m_04_n_24_seed_07.txt,4,24,7,3354,0.028917,6772,3482,3432,3354,0.0142221
dataset_D1/m_04_n_24_seed_08.txt,4,24,8,3799,0.0301662,6780,4209,4058,3799,0.0128685
dataset_D1/m_04_n_24_seed_09.txt,4,24,9,3283,0.0294451,6448,3624,3474,3283,0.0134071
dataset_D1/m_04_n_26_seed_00.txt,4,26,0,3862,0.0361764,7303,4204,4022,3872,0.0158793
dataset_D1/m_04_n_26_seed_01.txt,4,26,1,3801,0.0297663,6638,4269,4129,3817,0.0138901
dataset_D1/m_04_n_26_seed_02.txt,4,26,2,3423,0.0299329,6984,3542,3540,3423,0.0140995
dataset_D1/m_04_n_26_seed_03.txt,4,26,3,3766,0.0318153,7319,4080,4109,3766,0.0127905
dataset_D1/m_04_n_26_seed_04.txt,4,26,4,3619,0.034574,7275,3799,3977,3619,0.014245
dataset_D1/m_04_n_26_seed_05.txt,4,26,5,3781,0.0230528,7043,4166,3973,3781,0.0149093
dataset_D1/m_04_n_26_seed_06.txt,4,26,6,3803,0.030185,6659,4483,4050,3803,0.0137965
dataset_D1/m_04_n_26_seed_07.txt,4,26,7,3591,0.0341178,6723,3736,3714,3591,0.0164748
dataset_D1/m_04_n_26_seed_08.txt,4,26,8,3991,0.0299311,7399,4439,4359,3991,0.0128522
dataset_D1/m_04_n_26_seed_09.txt,4,26,9,4132,0.0263512,7491,4331,4339,4137,0.0132693
dataset_D1/m_04_n_28_seed_00.txt,4,28,0,3811,0.0533997,7426,3944,4307,3811,0.0147533
dataset_D1/m_04_n_28_seed_01.txt,4,28,1,4008,0.0300373,7745,4385,4123,4008,0.015723
dataset_D1/m_04_n_28_seed_02.txt,4,28,2,3836,0.0344566,7609,3927,3914,3836,0.0149876
dataset_D1/m_04_n_28_seed_03.txt,4,28,3,3426,0.0224977,7479,3478,3821,3426,0.0166451
dataset_D1/m_04_n_28_seed_04.txt,4,28,4,3618,0.0339753,7545,3706,3823,3618,0.015811
dataset_D1/m_04_n_28_seed_05.txt,4,28,5,3971,0.0374178,7755,4132,4107,3971,0.0181908
dataset_D1/m_04_n_28_seed_06.txt,4,28,6,3897,0.0321193,7992,4078,4151,3897,0.0153095
dataset_D1/m_04_n_28_seed_07.txt,4,28,7,3916,0.0356771,7656,4059,4067,3921,0.0150741
dataset_D1/m_04_n_28_seed_08.txt,4,28,8,3720,0.0376526,7954,3828,4246,3723,0.0156369
dataset_D1/m_04_n_28_seed_09.txt,4,28,9,3988,0.0291338,7586,4371,4357,3988,0.0142831
dataset_D1/m_04_n_30_seed_00.txt,4,30,0,4621,0.0352797,8345,5095,4900,4621,0.0163232
dataset_D1/m_04_n_30_seed_01.txt,4,30,1,4284,0.0355984,8605,4462,4376,4284,0.0162392
dataset_D1/m_04_n_30_seed_02.txt,4,30,2,4229,0.0355882,8559,4371,4342,4229,0.0159382
dataset_D1/m_04_n_30_seed_03.txt,4,30,3,3957,0.0385114,7391,4183,4168,3957,0.0154693
dataset_D1/m_04_n_30_seed_04.txt,4,30,4,4633,0.0311302,8686,5002,4778,4633,0.0158351
dataset_D1/m_04_n_30_seed_05.txt,4,30,5,3781,0.0413176,8030,3820,4039,3781,0.0160984
dataset_D1/m_04_n_30_seed_06.txt,4,30,6,3710,0.0359558,7738,3817,3909,3710,0.0153228
dataset_D1/m_04_n_30_seed_07.txt,4,30,7,4205,0.0395112,8364,4484,4409,4205,0.0183098
dataset_D1/m_04_n_30_seed_08.txt,4,30,8,4460,0.0368082,8676,4774,4730,4462,0.015324
dataset_D1/m_04_n_30_seed_09.txt,4,30,9,4314,0.0334024,7840,4569,4473,4314,0.0162626
dataset_D1/m_05_n_04_seed_00.txt,5,4,0,777,0.00713886,1252,780,792,777,0.00143281
dataset_D1/m_05_n_04_seed_01.txt,5,4,1,797,0.0159336,1428,846,864,799,0.00170631
dataset_D1/m_05_n_04_seed_02.txt,5,4,2,724,0.0145379,1354,731,800,724,0.0029219
dataset_D1/m_05_n_04_seed_03.txt,5,4,3,706,0.0139216,1257,740,733,706,0.00290457
dataset_D1/m_05_n_04_seed_04.txt,5,4,4,736,0.0122522,1158,760,760,736,0.00322783
dataset_D1/m_05_n_04_seed_05.txt,5,4,5,736,0.0110452,1266,738,787,738,0.0019881
dataset_D1/m_05_n_04_seed_06.txt,5,4,6,641,0.0137215,902,744,653,644,0.00265549
dataset_D1/m_05_n_04_seed_07.txt,5,4,7,705,0.0139866,1271,716,713,705,0.0028632
dataset_D1/m_05_n_04_seed_08.txt,5,4,8,697,0.0126813,1183,772,716,697,0.00207314
dataset_D1/m_05_n_04_seed_09.txt,5,4,9,689,0.0111006,1105,775,722,705,0.00255239
dataset_D1/m_05_n_06_seed_00.txt,5,6,0,1177,0.0161685,2063,1258,1235,1180,0.00786156
dataset_D1/m_05_n_06_seed_01.txt,5,6,1,843,0.0113263,1766,906,897,847,0.0119149
dataset_D1/m_05_n_06_seed_02.txt,5,6,2,1021,0.0108097,1861,1131,1084,1025,0.0101862
dataset_D1/m_05_n_06_seed_03.txt,5,6,3,995,0.0104341,1995,1024,1040,995,0.0137204
dataset_D1/m_05_n_06_seed_04.txt,5,6,4,1048,0.0121743,1800,1088,1087,1052,0.0114354
dataset_D1/m_05_n_06_seed_05.txt,5,6,5,993,0.0158947,2015,997,1110,993,0.0109867
dataset_D1/m_05_n_06_seed_06.txt,5,6,6,1115,0.012083,1887,1191,1132,1115,0.00794679
dataset_D1/m_05_n_06_seed_07.txt,5,6,7,1037,0.00843876,2120,1084,1120,1041,0.0151937
dataset_D1/m_05_n_06_seed_08.txt,5,6,8,1068,0.0095357,1691,1122,1107,1080,0.00939201
dataset_D1/m_05_n_06_seed_09.txt,5,6,9,1041,0.0142324,1856,1126,1100,1052,0.0162828
dataset_D1/m_05_n_08_seed_00.txt,5,8,0,1392,0.0216657,2702,1526,1455,1392,0.00874113
dataset_D1/m_05_n_08_seed_01.txt,5,8,1,1391,0.0131875,2994,1415,1418,1391,0.0147731
dataset_D1/m_05_n_08_seed_02.txt,5,8,2,1266,0.0210641,2490,1353,1364,1270,0.00921052
dataset_D1/m_05_n_08_seed_03.txt,5,8,3,1090,0.013626,2374,1121,1185,1092,0.0100448
dataset_D1/m_05_n_08_seed_04.txt,5,8,4,1244,0.014802,2548,1281,1250,1244,0.00920079
dataset_D1/m_05_n_08_seed_05.txt,5,8,5,1442,0.0136942,2740,1616,1540,1452,0.00955313
dataset_D1/m_05_n_08_seed_06.txt,5,8,6,1568,0.0147104,2841,1709,1674,1568,0.00995621
dataset_D1/m_05_n_08_seed_07.txt,5,8,7,1361,0.0117781,2860,1424,1410,1364,0.0140169
dataset_D1/m_05_n_08_seed_08.txt,5,8,8,1370,0.0156106,2631,1393,1403,1370,0.010279
dataset_D1/m_05_n_08_seed_09.txt,5,8,9,1301,0.0139637,2405,1443,1439,1301,0.00983796
dataset_D1/m_05_n_10_seed_00.txt,5,10,0,1649,0.02003,2972,1843,1748,1651,0.0103834
dataset_D1/m_05_n_10_seed_01.txt,5,10,1,1456,0.0258862,2961,1591,1502,1469,0.00957117
dataset_D1/m_05_n_10_seed_02.txt,5,10,2,1485,0.0190627,3525,1529,1631,1485,0.0104317
dataset_D1/m_05_n_10_seed_03.txt,5,10,3,1487,0.0164619,2804,1709,1651,1500,0.0110586
dataset_D1/m_05_n_10_seed_04.txt,5,10,4,1592,0.0167642,3088,1654,1658,1597,0.0100932
dataset_D1/m_05_n_10_seed_05.txt,5,10,5,1625,0.0171684,3262,1746,1737,1627,0.0113912
dataset_D1/m_05_n_10_seed_06.txt,5,10,6,1687,0.0136596,2943,1962,1879,1705,0.0164396
dataset_D1/m_05_n_10_seed_07.txt,5,10,7,1436,0.0139428,3100,1514,1533,1436,0.0216055
dataset_D1/m_05_n_10_seed_08.txt,5,10,8,1623,0.0172096,3274,1723,1693,1623,0.0138391
dataset_D1/m_05_n_10_seed_09.txt,5,10,9,1682,0.021202,3401,1892,1825,1685,0.0261144
dataset_D1/m_05_n_12_seed_00.txt,5,12,0,1907,0.0311711,3818,2009,1994,1914,0.0101672
dataset_D1/m_05_n_12_seed_01.txt,5,12,1,1705,0.027765,3572,1815,1911,1709,0.00982996
dataset_D1/m_05_n_12_seed_02.txt,5,12,2,2011,0.0295835,3828,2190,2071,2018,0.0101622
dataset_D1/m_05_n_12_seed_03.txt,5,12,3,1837,0.026455,4185,1994,1997,1839,0.00916803
dataset_D1/m_05_n_12_seed_04.txt,5,12,4,1846,0.0256196,3530,2102,2032,1850,0.0096001
dataset_D1/m_05_n_12_seed_05.txt,5,12,5,1886,0.0216461,4067,2070,2016,1892,0.00990158
dataset_D1/m_05_n_12_seed_06.txt,5,12,6,1842,0.0238415,3902,1968,1918,1842,0.0100444
dataset_D1/m_05_n_12_seed_07.txt,5,12,7,1873,0.01827,4488,1971,2018,1873,0.0115355
dataset_D1/m_05_n_12_seed_08.txt,5,12,8,2057,0.0230141,4213,2256,2198,2065,0.0108341
dataset_D1/m_05_n_12_seed_09.txt,5,12,9,1967,0.0227469,3981,2183,2086,1967,0.0106068
dataset_D1/m_05_n_14_seed_00.txt,5,14,0,2333,0.0297827,5026,2619,2447,2338,0.0121309
dataset_D1/m_05_n_14_seed_01.txt,5,14,1,2151,0.0267385,4109,2465,2293,2151,0.0111111
dataset_D1/m_05_n_14_seed_02.txt,5,14,2,2171,0.0291781,4913,2229,2282,2173,0.0119547
dataset_D1/m_05_n_14_seed_03.txt,5,14,3,2190,0.0197227,4477,2375,2337,2197,0.0114538
dataset_D1/m_05_n_14_seed_04.txt,5,14,4,2169,0.0255708,4829,2237,2365,2170,0.0122197
dataset_D1/m_05_n_14_seed_05.txt,5,14,5,2326,0.0278391,4795,2527,2512,2335,0.0114138
dataset_D1/m_05_n_14_seed_06.txt,5,14,6,2140,0.0200937,4539,2251,2207,2140,0.0121475
dataset_D1/m_05_n_14_seed_07.txt,5,14,7,2210,0.0302873,4412,2460,2403,2219,0.0115417
dataset_D1/m_05_n_14_seed_08.txt,5,14,8,2227,0.0314784,4603,2385,2331,2230,0.0117124
dataset_D1/m_05_n_14_seed_09.txt,5,14,9,2229,0.0297029,4834,2419,2289,2229,0.0116695
dataset_D1/m_05_n_16_seed_00.txt,5,16,0,2417,0.0259217,5124,2857,2625,2417,0.0127045
dataset_D1/m_05_n_16_seed_01.txt,5,16,1,2495,0.027348,5119,2624,2579,2495,0.0121213
dataset_D1/m_05_n_16_seed_02.txt,5,16,2,2026,0.0311482,4563,2107,2068,2026,0.0146765
dataset_D1/m_05_n_16_seed_03.txt,5,16,3,2423,0.0296931,5047,2591,2614,2432,0.0130387
dataset_D1/m_05_n_16_seed_04.txt,5,16,4,2332,0.0300574,4996,2598,2566,2352,0.0126672
dataset_D1/m_05_n_16_seed_05.txt,5,16,5,2442,0.0191472,5198,2650,2563,2442,0.0137107
dataset_D1/m_05_n_16_seed_06.txt,5,16,6,2582,0.034437,5469,2703,2686,2584,0.0130266
dataset_D1/m_05_n_16_seed_07.txt,5,16,7,2392,0.0322031,4773,2819,2587,2400,0.0118944
dataset_D1/m_05_n_16_seed_08.txt,5,16,8,2516,0.0196063,5121,2882,2687,2517,0.0157057
dataset_D1/m_05_n_16_seed_09.txt,5,16,9,2359,0.0287752,5064,2585,2532,2359,0.0130768
dataset_D1/m_05_n_18_seed_00.txt,5,18,0,2681,0.0475016,5877,2847,2848,2683,0.0163306
dataset_D1/m_05_n_18_seed_01.txt,5,18,1,2706,0.0362359,5880,2861,2843,2713,0.0164988
dataset_D1/m_05_n_18_seed_02.txt,5,18,2,2670,0.0321282,5952,2714,2733,2670,0.0150473
dataset_D1/m_05_n_18_seed_03.txt,5,18,3,2369,0.028563,5747,2531,2519,2369,0.0151955
dataset_D1/m_05_n_18_seed_04.txt,5,18,4,2783,0.0330143,5995,2915,2882,2788,0.0135142
dataset_D1/m_05_n_18_seed_05.txt,5,18,5,2540,0.0330252,5496,2639,2579,2540,0.0157945
dataset_D1/m_05_n_18_seed_06.txt,5,18,6,2695,0.0360072,5227,2978,2919,2712,0.0158669
dataset_D1/m_05_n_18_seed_07.txt,5,18,7,2764,0.0296904,6066,2944,2936,2764,0.0152019
dataset_D1/m_05_n_18_seed_08.txt,5,18,8,2389,0.035415,5836,2491,2533,2389,0.0141093
dataset_D1/m_05_n_18_seed_09.txt,5,18,9,2701,0.0258334,6048,2834,2903,2708,0.0147051
dataset_D1/m_05_n_20_seed_00.txt,5,20,0,2862,0.0390304,6616,3094,3025,2871,0.0174664
dataset_D1/m_05_n_20_seed_01.txt,5,20,1,3149,0.0286258,6685,3513,3517,3178,0.0155581
dataset_D1/m_05_n_20_seed_02.txt,5,20,2,3321,0.0375827,6383,3911,3467,3321,0.0152076
dataset_D1/m_05_n_20_seed_03.txt,5,20,3,2881,0.0280354,6299,3205,3138,2893,0.015935
dataset_D1/m_05_n_20_seed_04.txt,5,20,4,2686,0.038656,6427,2900,2819,2691,0.0159428
dataset_D1/m_05_n_20_seed_05.txt,5,20,5,3429,0.0294644,6504,4034,3722,3432,0.0167141
dataset_D1/m_05_n_20_seed_06.txt,5,20,6,3038,0.0418771,6532,3290,3213,3060,0.0161135
dataset_D1/m_05_n_20_seed_07.txt,5,20,7,3204,0.032911,6765,3387,3426,3210,0.0167577
dataset_D1/m_05_n_20_seed_08.txt,5,20,8,3041,0.0379853,5678,3474,3319,3045,0.0160291
dataset_D1/m_05_n_20_seed_09.txt,5,20,9,3070,0.0419289,6452,3410,3383,3077,0.0204445
dataset_D1/m_05_n_22_seed_00.txt,5,22,0,3110,0.041179,6745,3308,3317,3111,0.0190507
dataset_D1/m_05_n_22_seed_01.txt,5,22,1,3494,0.0391507,7114,3817,3807,3494,0.0193599
dataset_D1/m_05_n_22_seed_02.txt,5,22,2,3130,0.0361034,7292,3434,3398,3130,0.0176342
dataset_D1/m_05_n_22_seed_03.txt,5,22,3,3297,0.0333265,7477,3566,3529,3306,0.018907
dataset_D1/m_05_n_22_seed_04.txt,5,22,4,3258,0.0324818,6576,3788,3574,3258,0.0194231
dataset_D1/m_05_n_22_seed_05.txt,5,22,5,3397,0.0371969,7460,3765,3708,3397,0.0174585
dataset_D1/m_05_n_22_seed_06.txt,5,22,6,3089,0.0442397,7301,3274,3234,3089,0.018823
dataset_D1/m_05_n_22_seed_07.txt,5,22,7,3164,0.0380298,6912,3393,3385,3165,0.0183221
dataset_D1/m_05_n_22_seed_08.txt,5,22,8,3051,0.0379097,6482,3405,3216,3051,0.0182295
dataset_D1/m_05_n_22_seed_09.txt,5,22,9,3447,0.0378329,7598,3683,3571,3455,0.0184318
dataset_D1/m_05_n_24_seed_00.txt,5,24,0,3596,0.0416028,7443,3853,3795,3617,0.0187279
dataset_D1/m_05_n_24_seed_01.txt,5,24,1,3601,0.0392668,8052,4213,3778,3601,0.0178857
dataset_D1/m_05_n_24_seed_02.txt,5,24,2,3968,0.0359163,8589,4328,4296,3976,0.0183098
dataset_D1/m_05_n_24_seed_03.txt,5,24,3,3590,0.0390003,7843,3831,3845,3590,0.0216557
dataset_D1/m_05_n_24_seed_04.txt,5,24,4,3439,0.0422119,8012,3719,3716,3448,0.0208933
dataset_D1/m_05_n_24_seed_05.txt,5,24,5,3346,0.0460405,8093,3602,3651,3346,0.0201291
dataset_D1/m_05_n_24_seed_06.txt,5,24,6,3785,0.0421921,8016,4156,4071,3785,0.0191333
dataset_D1/m_05_n_24_seed_07.txt,5,24,7,3667,0.037352,7780,4274,4116,3667,0.0174892
dataset_D1/m_05_n_24_seed_08.txt,5,24,8,3790,0.038503,8394,4179,3941,3790,0.0186449
dataset_D1/m_05_n_24_seed_09.txt,5,24,9,3387,0.0411385,7590,3703,3573,3399,0.0212933
dataset_D1/m_05_n_26_seed_00.txt,5,26,0,4074,0.0539588,8645,4453,4366,4089,0.0207945
dataset_D1/m_05_n_26_seed_01.txt,5,26,1,3983,0.0443952,8396,4171,4115,3983,0.0219354
dataset_D1/m_05_n_26_seed_02.txt,5,26,2,4077,0.0434335,8211,4424,4360,4082,0.0207202
dataset_D1/m_05_n_26_seed_03.txt,5,26,3,3963,0.0438469,8617,4395,4251,3980,0.0215111
dataset_D1/m_05_n_26_seed_04.txt,5,26,4,4265,0.0461779,9087,4790,4530,4281,0.0207473
dataset_D1/m_05_n_26_seed_05.txt,5,26,5,3616,0.0458863,8053,4013,3867,3623,0.0244216
dataset_D1/m_05_n_26_seed_06.txt,5,26,6,3605,0.0412104,8207,3757,3735,3605,0.0211135
dataset_D1/m_05_n_26_seed_07.txt,5,26,7,3644,0.0399811,7834,4100,3893,3651,0.0207386
dataset_D1/m_05_n_26_seed_08.txt,5,26,8,3744,0.0421404,9019,3959,4202,3744,0.0221735
dataset_D1/m_05_n_26_seed_09.txt,5,26,9,3565,0.0407543,8411,3840,3708,3567,0.0222306
dataset_D1/m_05_n_28_seed_00.txt,5,28,0,4393,0.0445922,9271,5030,4885,4398,0.0197184
dataset_D1/m_05_n_28_seed_01.txt,5,28,1,3772,0.0425479,8796,3949,4121,3777,0.0198173
dataset_D1/m_05_n_28_seed_02.txt,5,28,2,4414,0.0476031,9249,5223,4730,4415,0.0203528
dataset_D1/m_05_n_28_seed_03.txt,5,28,3,4439,0.0433431,9593,5130,4854,4439,0.019826
dataset_D1/m_05_n_28_seed_04.txt,5,28,4,3907,0.0402302,8741,4172,4061,3907,0.0216082
dataset_D1/m_05_n_28_seed_05.txt,5,28,5,4069,0.0420775,9335,4302,4243,4075,0.018995
dataset_D1/m_05_n_28_seed_06.txt,5,28,6,4673,0.0432269,9417,5269,5118,4687,0.020686
dataset_D1/m_05_n_28_seed_07.txt,5,28,7,4542,0.0430325,8988,5583,5206,4556,0.0186209
dataset_D1/m_05_n_28_seed_08.txt,5,28,8,4298,0.0434597,9383,4738,4619,4298,0.0211204
dataset_D1/m_05_n_28_seed_09.txt,5,28,9,4420,0.0484211,9714,4736,4707,4421,0.0224595
dataset_D1/m_05_n_30_seed_00.txt,5,30,0,4755,0.0621179,9935,5244,5072,4755,0.0245791
dataset_D1/m_05_n_30_seed_01.txt,5,30,1,4420,0.044852,9993,4848,4751,4442,0.0253082
dataset_D1/m_05_n_30_seed_02.txt,5,30,2,4454,0.0481634,9669,4888,4839,4465,0.024607
dataset_D1/m_05_n_30_seed_03.txt,5,30,3,4180,0.0475734,9112,4790,4492,4208,0.0234023
dataset_D1/m_05_n_30_seed_04.txt,5,30,4,4074,0.0494585,8827,4608,4461,4076,0.0253739
dataset_D1/m_05_n_30_seed_05.txt,5,30,5,4418,0.0457125,9826,4828,4741,4423,0.0235209
dataset_D1/m_05_n_30_seed_06.txt,5,30,6,4129,0.0446403,9456,4431,4349,4129,0.0252892
dataset_D1/m_05_n_30_seed_07.txt,5,30,7,4693,0.048016,9924,5357,5024,4700,0.0242123
dataset_D1/m_05_n_30_seed_08.txt,5,30,8,4360,0.0498653,9520,4674,4709,4365,0.0259734
dataset_D1/m_05_n_30_seed_09.txt,5,30,9,4761,0.0520251,10444,5392,5239,4767,0.0249315
dataset_D1/m_06_n_04_seed_00.txt,6,4,0,774,0.0138863,1421,794,900,774,0.00744103
dataset_D1/m_06_n_04_seed_01.txt,6,4,1,885,0.00831954,1537,910,992,895,0.00784114
dataset_D1/m_06_n_04_seed_02.txt,6,4,2,843,0.00985119,1541,852,945,843,0.0103521
dataset_D1/m_06_n_04_seed_03.txt,6,4,3,714,0.00873934,1394,749,763,714,0.00672329
dataset_D1/m_06_n_04_seed_04.txt,6,4,4,846,0.0136664,1646,936,846,,
dataset_D1/m_06_n_04_seed_05.txt,6,4,5,821,0.0120636,1587,851,868,821,0.00652531
dataset_D1/m_06_n_04_seed_06.txt,6,4,6,816,0.0168433,1479,852,846,816,0.0100153
dataset_D1/m_06_n_04_seed_07.txt,6,4,7,829,0.0151245,1666,843,849,829,0.0120534
dataset_D1/m_06_n_04_seed_08.txt,6,4,8,778,0.0112181,1654,870,817,778,0.0134526
dataset_D1/m_06_n_04_seed_09.txt,6,4,9,919,0.00764352,1754,940,930,919,0.0104034
dataset_D1/m_06_n_06_seed_00.txt,6,6,0,1111,0.0175984,2116,1235,1214,1115,0.00979716
dataset_D1/m_06_n_06_seed_01.txt,6,6,1,1005,0.0136701,2098,1038,1065,1007,0.00921179
dataset_D1/m_06_n_06_seed_02.txt,6,6,2,1255,0.0172716,2515,1301,1356,1258,0.0105911
dataset_D1/m_06_n_06_seed_03.txt,6,6,3,1160,0.0168002,2585,1188,1203,1164,0.0121536
dataset_D1/m_06_n_06_seed_04.txt,6,6,4,1026,0.0209403,2089,1190,1123,1030,0.00865255
dataset_D1/m_06_n_06_seed_05.txt,6,6,5,1177,0.0184521,2368,1216,1252,1188,0.0104005
dataset_D1/m_06_n_06_seed_06.txt,6,6,6,1163,0.0209443,2347,1230,1230,1163,0.00951546
dataset_D1/m_06_n_06_seed_07.txt,6,6,7,1237,0.0160344,2489,1283,1310,1237,0.0107038
dataset_D1/m_06_n_06_seed_08.txt,6,6,8,1209,0.0140215,2438,1269,1251,1217,0.0105444
dataset_D1/m_06_n_06_seed_09.txt,6,6,9,1170,0.0202597,2443,1206,1299,1170,0.00984802
dataset_D1/m_06_n_08_seed_00.txt,6,8,0,1438,0.0307728,3182,1578,1475,1447,0.0114431
dataset_D1/m_06_n_08_seed_01.txt,6,8,1,1464,0.0168276,3164,1586,1528,1469,0.0145487
dataset_D1/m_06_n_08_seed_02.txt,6,8,2,1443,0.0297111,3124,1581,1543,1451,0.0133922
dataset_D1/m_06_n_08_seed_03.txt,6,8,3,1346,0.018375,2922,1403,1421,1348,0.0160101
dataset_D1/m_06_n_08_seed_04.txt,6,8,4,1412,0.0290176,2802,1545,1531,1412,0.011451
dataset_D1/m_06_n_08_seed_05.txt,6,8,5,1363,0.022709,3198,1394,1400,1364,0.0126807
dataset_D1/m_06_n_08_seed_06.txt,6,8,6,1341,0.0259718,3262,1418,1429,1341,0.0115711
dataset_D1/m_06_n_08_seed_07.txt,6,8,7,1413,0.0295137,2623,1562,1503,1413,0.0110524
dataset_D1/m_06_n_08_seed_08.txt,6,8,8,1344,0.0243808,2890,1507,1437,1344,0.0117475
dataset_D1/m_06_n_08_seed_09.txt,6,8,9,1223,0.0253086,2610,1433,1324,1233,0.0121648
dataset_D1/m_06_n_10_seed_00.txt,6,10,0,1804,0.0346431,4189,1985,1951,1812,0.0178459
dataset_D1/m_06_n_10_seed_01.txt,6,10,1,1788,0.0235671,4234,1829,1830,1802,0.0139413
dataset_D1/m_06_n_10_seed_02.txt,6,10,2,1712,0.0221753,3662,1878,1912,1729,0.0139441
dataset_D1/m_06_n_10_seed_03.txt,6,10,3,1780,0.0224469,3916,1954,1970,1780,0.0201747
dataset_D1/m_06_n_10_seed_04.txt,6,10,4,1618,0.0334276,3803,1779,1771,1624,0.0125494
dataset_D1/m_06_n_10_seed_05.txt,6,10,5,1573,0.0326978,3579,1736,1692,1574,0.013208
dataset_D1/m_06_n_10_seed_06.txt,6,10,6,1725,0.0337478,3718,1946,1901,1731,0.0128783
dataset_D1/m_06_n_10_seed_07.txt,6,10,7,1437,0.0257805,3598,1474,1507,1437,0.0145237
dataset_D1/m_06_n_10_seed_08.txt,6,10,8,1559,0.033287,3392,1733,1735,1564,0.0129312
dataset_D1/m_06_n_10_seed_09.txt,6,10,9,1583,0.0306568,3352,1730,1707,1607,0.010561
dataset_D1/m_06_n_12_seed_00.txt,6,12,0,2142,0.0369001,4561,2370,2317,2155,0.0150956
dataset_D1/m_06_n_12_seed_01.txt,6,12,1,1975,0.0358006,4446,2108,2111,1979,0.0162301
dataset_D1/m_06_n_12_seed_02.txt,6,12,2,1798,0.0370187,4179,1874,1865,1804,0.0165813
dataset_D1/m_06_n_12_seed_03.txt,6,12,3,2176,0.0374012,5166,2334,2253,2178,0.017885
dataset_D1/m_06_n_12_seed_04.txt,6,12,4,1896,0.0452897,4190,2222,2105,1897,0.0151639
dataset_D1/m_06_n_12_seed_05.txt,6,12,5,1922,0.0329264,4463,2176,2039,1925,0.0175721
dataset_D1/m_06_n_12_seed_06.txt,6,12,6,2190,0.0336387,4693,2480,2402,2194,0.0166448
dataset_D1/m_06_n_12_seed_07.txt,6,12,7,2011,0.0399584,4770,2114,2147,2018,0.0161256
dataset_D1/m_06_n_12_seed_08.txt,6,12,8,1835,0.0369831,4236,2074,2114,1841,0.0152022
dataset_D1/m_06_n_12_seed_09.txt,6,12,9,2112,0.0379823,4897,2242,2339,2112,0.0171963
dataset_D1/m_06_n_14_seed_00.txt,6,14,0,2066,0.0447694,4792,2329,2277,2073,0.0229133
dataset_D1/m_06_n_14_seed_01.txt,6,14,1,2241,0.0488843,5270,2414,2407,2251,0.0208398
dataset_D1/m_06_n_14_seed_02.txt,6,14,2,2139,0.0428944,5200,2322,2265,2147,0.0206612
dataset_D1/m_06_n_14_seed_03.txt,6,14,3,2254,0.0414949,5646,2417,2451,2267,0.0190379
dataset_D1/m_06_n_14_seed_04.txt,6,14,4,2206,0.048179,5983,2370,2365,2206,0.0210217
dataset_D1/m_06_n_14_seed_05.txt,6,14,5,2392,0.0394045,5948,2670,2577,2419,0.0199498
dataset_D1/m_06_n_14_seed_06.txt,6,14,6,2395,0.0357915,5355,2676,2671,2414,0.0170084
dataset_D1/m_06_n_14_seed_07.txt,6,14,7,2238,0.0396765,5169,2524,2412,2254,0.0184642
dataset_D1/m_06_n_14_seed_08.txt,6,14,8,2564,0.0383601,5437,2963,2891,2572,0.0191143
dataset_D1/m_06_n_14_seed_09.txt,6,14,9,2619,0.0334049,5586,2906,2875,2635,0.017
dataset_D1/m_06_n_16_seed_00.txt,6,16,0,2384,0.0518712,5982,2644,2477,2385,0.022049
dataset_D1/m_06_n_16_seed_01.txt,6,16,1,2552,0.0479565,5716,2846,2816,2588,0.0210357
dataset_D1/m_06_n_16_seed_02.txt,6,16,2,2448,0.0453909,6309,2602,2551,2461,0.0232259
dataset_D1/m_06_n_16_seed_03.txt,6,16,3,2464,0.0409261,5254,2874,2658,2483,0.019027
dataset_D1/m_06_n_16_seed_04.txt,6,16,4,2576,0.0398474,6212,2868,2762,2589,0.0203636
dataset_D1/m_06_n_16_seed_05.txt,6,16,5,2782,0.040097,5790,3208,3187,2813,0.0198064
dataset_D1/m_06_n_16_seed_06.txt,6,16,6,2571,0.0462121,5952,2796,2801,2576,0.023171
dataset_D1/m_06_n_16_seed_07.txt,6,16,7,2727,0.042964,5738,3039,3075,2752,0.0192787
dataset_D1/m_06_n_16_seed_08.txt,6,16,8,2761,0.0420329,6297,3066,3063,2761,0.0212287
dataset_D1/m_06_n_16_seed_09.txt,6,16,9,2723,0.041785,6088,3171,3012,2743,0.0196109
dataset_D1/m_06_n_18_seed_00.txt,6,18,0,2672,0.050758,6416,2859,2937,2677,0.0256447
dataset_D1/m_06_n_18_seed_01.txt,6,18,1,2763,0.0505171,7032,3037,3002,2769,0.0232779
dataset_D1/m_06_n_18_seed_02.txt,6,18,2,2903,0.0514549,6608,3286,3073,2907,0.0223721
dataset_D1/m_06_n_18_seed_03.txt,6,18,3,2901,0.0449132,6594,3355,3176,2902,0.022841
dataset_D1/m_06_n_18_seed_04.txt,6,18,4,2966,0.0500863,6536,3302,3188,2975,0.0220022
dataset_D1/m_06_n_18_seed_05.txt,6,18,5,3020,0.0462225,6775,3494,3492,3032,0.022837
dataset_D1/m_06_n_18_seed_06.txt,6,18,6,2724,0.0552161,6641,2988,2953,2729,0.0269218
dataset_D1/m_06_n_18_seed_07.txt,6,18,7,2790,0.055119,6815,3022,3030,2806,0.0322748
dataset_D1/m_06_n_18_seed_08.txt,6,18,8,2907,0.0483416,6602,3372,3226,2909,0.0218982
dataset_D1/m_06_n_18_seed_09.txt,6,18,9,2897,0.0402194,6339,3253,3195,2898,0.0234341
dataset_D1/m_06_n_20_seed_00.txt,6,20,0,3134,0.0615466,7531,3609,3324,3134,0.0255747
dataset_D1/m_06_n_20_seed_01.txt,6,20,1,2651,0.0499927,7290,2767,2889,2652,0.0251237
dataset_D1/m_06_n_20_seed_02.txt,6,20,2,3203,0.0521158,7858,3529,3455,3206,0.0259995
dataset_D1/m_06_n_20_seed_03.txt,6,20,3,3335,0.0512889,7597,3749,3698,3373,0.0249437
dataset_D1/m_06_n_20_seed_04.txt,6,20,4,3438,0.0490986,7768,4046,3807,3438,0.0265636
dataset_D1/m_06_n_20_seed_05.txt,6,20,5,3192,0.067439,8099,3389,3447,3193,0.033299
dataset_D1/m_06_n_20_seed_06.txt,6,20,6,3462,0.0540184,8146,3900,3869,3467,0.0248814
dataset_D1/m_06_n_20_seed_07.txt,6,20,7,2940,0.0541883,7781,3129,3196,2964,0.0294604
dataset_D1/m_06_n_20_seed_08.txt,6,20,8,3397,0.0498411,7770,3748,3671,3413,0.0279857
dataset_D1/m_06_n_20_seed_09.txt,6,20,9,2974,0.0617129,7696,3087,3216,2974,0.0298983
dataset_D1/m_06_n_22_seed_00.txt,6,22,0,3495,0.0569048,7759,3977,3864,3501,0.026363
dataset_D1/m_06_n_22_seed_01.txt,6,22,1,3753,0.0491458,7837,4245,4123,3789,0.0258336
dataset_D1/m_06_n_22_seed_02.txt,6,22,2,3469,0.056258,7971,3667,3634,3476,0.0301756
dataset_D1/m_06_n_22_seed_03.txt,6,22,3,3425,0.0601426,8529,3942,3601,3432,0.0316167
dataset_D1/m_06_n_22_seed_04.txt,6,22,4,3911,0.0470665,8644,4604,4460,3933,0.0306066
dataset_D1/m_06_n_22_seed_05.txt,6,22,5,3460,0.0599364,8567,4009,3790,3463,0.0271199
dataset_D1/m_06_n_22_seed_06.txt,6,22,6,3490,0.0572706,8959,3837,3770,3497,0.0293415
dataset_D1/m_06_n_22_seed_07.txt,6,22,7,3717,0.055323,8722,4076,3994,3728,0.030985
dataset_D1/m_06_n_22_seed_08.txt,6,22,8,3366,0.0731246,8575,3569,3539,3369,0.0282191
dataset_D1/m_06_n_22_seed_09.txt,6,22,9,3386,0.0879118,8117,3685,3722,3386,0.0302275
dataset_D1/m_06_n_24_seed_00.txt,6,24,0,4050,0.0626902,9313,4547,4510,4078,0.0300691
dataset_D1/m_06_n_24_seed_01.txt,6,24,1,3712,0.0614867,8713,4125,4124,3741,0.036696
dataset_D1/m_06_n_24_seed_02.txt,6,24,2,3678,0.0675846,8883,4079,3988,3680,0.0289032
dataset_D1/m_06_n_24_seed_03.txt,6,24,3,4002,0.0619264,9313,4406,4153,4038,0.0305202
dataset_D1/m_06_n_24_seed_04.txt,6,24,4,3590,0.0659914,9077,3894,3946,3601,0.0297804
dataset_D1/m_06_n_24_seed_05.txt,6,24,5,3948,0.0587453,9219,4220,4178,3971,0.0310532
dataset_D1/m_06_n_24_seed_06.txt,6,24,6,4042,0.0601118,10147,4466,4449,4090,0.0297696
dataset_D1/m_06_n_24_seed_07.txt,6,24,7,3958,0.0613365,9055,4334,4313,3958,0.0306711
dataset_D1/m_06_n_24_seed_08.txt,6,24,8,3530,0.0668979,9067,3802,3933,3544,0.035819
dataset_D1/m_06_n_24_seed_09.txt,6,24,9,4005,0.0616962,8995,4561,4245,4008,0.0302088
dataset_D1/m_06_n_26_seed_00.txt,6,26,0,4155,0.0669478,9515,4616,4412,4162,0.0371956
dataset_D1/m_06_n_26_seed_01.txt,6,26,1,4224,0.0661806,10229,4541,4560,4234,0.0319312
dataset_D1/m_06_n_26_seed_02.txt,6,26,2,4007,0.0707165,10109,4192,4413,4046,0.0332178
dataset_D1/m_06_n_26_seed_03.txt,6,26,3,4241,0.0659605,9704,4793,4526,4251,0.0353934
dataset_D1/m_06_n_26_seed_04.txt,6,26,4,4413,0.0633386,10237,4834,4905,4463,0.0317087
dataset_D1/m_06_n_26_seed_05.txt,6,26,5,4169,0.0754019,10623,4619,4607,4174,0.0325866
dataset_D1/m_06_n_26_seed_06.txt,6,26,6,4115,0.0650211,9936,4442,4701,4138,0.0389038
dataset_D1/m_06_n_26_seed_07.txt,6,26,7,4406,0.0651652,10307,4935,4961,4434,0.0301682
dataset_D1/m_06_n_26_seed_08.txt,6,26,8,4327,0.06906,9926,4713,4588,4345,0.035214
dataset_D1/m_06_n_26_seed_09.txt,6,26,9,3884,0.0633821,9402,4472,4351,3886,0.059563
dataset_D1/m_06_n_28_seed_00.txt,6,28,0,4482,0.0789183,10919,5136,4945,4482,0.0395687
dataset_D1/m_06_n_28_seed_01.txt,6,28,1,4559,0.0735535,10536,4802,4782,4589,0.0333909
dataset_D1/m_06_n_28_seed_02.txt,6,28,2,4426,0.071292,10906,5057,4783,4426,0.0490588
dataset_D1/m_06_n_28_seed_03.txt,6,28,3,4825,0.0634294,10446,5612,5338,4868,0.0317314
dataset_D1/m_06_n_28_seed_04.txt,6,28,4,4605,0.0734493,11573,5114,4919,4627,0.0350116
dataset_D1/m_06_n_28_seed_05.txt,6,28,5,4739,0.0733329,11049,5059,5240,4766,0.037719
dataset_D1/m_06_n_28_seed_06.txt,6,28,6,4653,0.0618992,10336,5277,5003,4671,0.0351092
dataset_D1/m_06_n_28_seed_07.txt,6,28,7,4502,0.0694887,10596,4958,4808,4521,0.033861
dataset_D1/m_06_n_28_seed_08.txt,6,28,8,4360,0.073529,9532,5114,4915,4401,0.0330844
dataset_D1/m_06_n_28_seed_09.txt,6,28,9,4836,0.0705419,11212,5204,5180,4839,0.0379347
dataset_D1/m_06_n_30_seed_00.txt,6,30,0,4338,0.073682,11295,4662,4582,4338,0.0396642
dataset_D1/m_06_n_30_seed_01.txt,6,30,1,4711,0.0768977,11319,5128,5179,4720,0.0398444
dataset_D1/m_06_n_30_seed_02.txt,6,30,2,5016,0.085503,12118,5486,5319,5026,0.0387013
dataset_D1/m_06_n_30_seed_03.txt,6,30,3,5214,0.0731549,11881,6045,5913,5251,0.0355455
dataset_D1/m_06_n_30_seed_04.txt,6,30,4,4718,0.0705457,11448,5357,5051,4718,0.0369373
dataset_D1/m_06_n_30_seed_05.txt,6,30,5,5104,0.0661531,11625,6329,6066,5124,0.032711
dataset_D1/m_06_n_30_seed_06.txt,6,30,6,4579,0.0745553,11493,5172,4959,4610,0.0363001
dataset_D1/m_06_n_30_seed_07.txt,6,30,7,4944,0.072118,11564,5552,5375,4996,0.039177
dataset_D1/m_06_n_30_seed_08.txt,6,30,8,4613,0.0897384,10998,4974,4935,4620,0.0522544
dataset_D1/m_06_n_30_seed_09.txt,6,30,9,4544,0.0870062,11231,4808,4853,4560,0.0411688
dataset_D1/m_07_n_04_seed_00.txt,7,4,0,874,0.017397,1769,945,922,874,0.0119454
dataset_D1/m_07_n_04_seed_01.txt,7,4,1,807,0.01151,1495,865,856,807,0.015644
dataset_D1/m_07_n_04_seed_02.txt,7,4,2,830,0.0115933,1507,894,846,831,0.0152964
dataset_D1/m_07_n_04_seed_03.txt,7,4,3,880,0.010667,1606,946,944,880,0.0154636
dataset_D1/m_07_n_04_seed_04.txt,7,4,4,968,0.010908,2037,995,979,968,0.00974405
dataset_D1/m_07_n_04_seed_05.txt,7,4,5,908,0.0140819,1741,974,936,921,0.0173818
dataset_D1/m_07_n_04_seed_06.txt,7,4,6,898,0.0105972,1674,940,1021,898,0.0173779
dataset_D1/m_07_n_04_seed_07.txt,7,4,7,746,0.0132579,1244,823,799,746,0.0138481
dataset_D1/m_07_n_04_seed_08.txt,7,4,8,858,0.0117942,1703,931,868,858,0.0160214
dataset_D1/m_07_n_04_seed_09.txt,7,4,9,897,0.0139967,2000,935,907,897,0.01075
dataset_D1/m_07_n_06_seed_00.txt,7,6,0,1120,0.031297,2690,1142,1184,1120,0.0129557
dataset_D1/m_07_n_06_seed_01.txt,7,6,1,1250,0.0299852,2509,1373,1312,1254,0.0112383
dataset_D1/m_07_n_06_seed_02.txt,7,6,2,1161,0.031439,2338,1306,1312,1161,0.0119157
dataset_D1/m_07_n_06_seed_03.txt,7,6,3,1128,0.0261358,2588,1254,1236,1130,0.0115532
dataset_D1/m_07_n_06_seed_04.txt,7,6,4,1208,0.0242818,2466,1388,1292,1211,0.0212716
dataset_D1/m_07_n_06_seed_05.txt,7,6,5,1197,0.0346649,2539,1341,1321,1199,0.0125986
dataset_D1/m_07_n_06_seed_06.txt,7,6,6,1207,0.0299508,2745,1287,1284,1207,0.0120755
dataset_D1/m_07_n_06_seed_07.txt,7,6,7,1195,0.027601,2543,1313,1270,1195,0.0130903
dataset_D1/m_07_n_06_seed_08.txt,7,6,8,1239,0.0334875,2694,1347,1338,1241,0.0134559
dataset_D1/m_07_n_06_seed_09.txt,7,6,9,1132,0.0294127,2719,1230,1186,1132,0.0149817
dataset_D1/m_07_n_08_seed_00.txt,7,8,0,1404,0.0417194,3320,1528,1495,1404,0.0161173
dataset_D1/m_07_n_08_seed_01.txt,7,8,1,1328,0.0403796,3683,1364,1502,1331,0.0188249
dataset_D1/m_07_n_08_seed_02.txt,7,8,2,1488,0.03939,3465,1718,1647,1494,0.0147977
dataset_D1/m_07_n_08_seed_03.txt,7,8,3,1426,0.0396488,3325,1550,1546,1444,0.0206755
dataset_D1/m_07_n_08_seed_04.txt,7,8,4,1448,0.0346873,3136,1604,1555,1448,0.0165983
dataset_D1/m_07_n_08_seed_05.txt,7,8,5,1494,0.0343271,3370,1610,1627,1504,0.0159846
dataset_D1/m_07_n_08_seed_06.txt,7,8,6,1378,0.041358,3293,1479,1615,1389,0.0184024
dataset_D1/m_07_n_08_seed_07.txt,7,8,7,1447,0.028304,3224,1628,1591,1460,0.0130878
dataset_D1/m_07_n_08_seed_08.txt,7,8,8,1444,0.035388,3209,1654,1558,1444,0.0151745
dataset_D1/m_07_n_08_seed_09.txt,7,8,9,1550,0.0377473,3295,1619,1628,1550,0.0160423
dataset_D1/m_07_n_10_seed_00.txt,7,10,0,1847,0.0512253,4211,2084,1996,1851,0.0223562
dataset_D1/m_07_n_10_seed_01.txt,7,10,1,1610,0.054696,4134,1774,1733,1612,0.0257286
dataset_D1/m_07_n_10_seed_02.txt,7,10,2,1890,0.0470906,4581,2094,2157,1897,0.0183581
dataset_D1/m_07_n_10_seed_03.txt,7,10,3,1979,0.0493921,4531,2228,2251,1988,0.016385
dataset_D1/m_07_n_10_seed_04.txt,7,10,4,1794,0.0437825,4114,2021,2111,1797,0.0169771
dataset_D1/m_07_n_10_seed_05.txt,7,10,5,1808,0.0473291,4458,1940,1939,1818,0.0231823
dataset_D1/m_07_n_10_seed_06.txt,7,10,6,1769,0.0486277,4165,1990,1955,1769,0.0191858
dataset_D1/m_07_n_10_seed_07.txt,7,10,7,1812,0.0452056,3964,2014,2072,1821,0.0225258
dataset_D1/m_07_n_10_seed_08.txt,7,10,8,1727,0.0412424,4267,1849,1935,1741,0.0190009
dataset_D1/m_07_n_10_seed_09.txt,7,10,9,1822,0.054367,4191,2060,1981,1840,0.0183177
dataset_D1/m_07_n_12_seed_00.txt,7,12,0,2063,0.0576333,4800,2214,2212,2063,0.0241429
dataset_D1/m_07_n_12_seed_01.txt,7,12,1,2111,0.0716389,5320,2240,2247,2120,0.0284889
dataset_D1/m_07_n_12_seed_02.txt,7,12,2,2163,0.0691903,5430,2339,2331,2167,0.028357
dataset_D1/m_07_n_12_seed_03.txt,7,12,3,2137,0.0584334,5497,2380,2335,2154,0.0219549
dataset_D1/m_07_n_12_seed_04.txt,7,12,4,2373,0.0597574,5666,2600,2554,2378,0.0227769
dataset_D1/m_07_n_12_seed_05.txt,7,12,5,2194,0.0625445,5238,2422,2318,2203,0.0260139
dataset_D1/m_07_n_12_seed_06.txt,7,12,6,2015,0.0694113,5238,2157,2121,2036,0.0276518
dataset_D1/m_07_n_12_seed_07.txt,7,12,7,1970,0.0599637,5411,2231,2076,1970,0.026163
dataset_D1/m_07_n_12_seed_08.txt,7,12,8,2219,0.0580748,5268,2446,2396,2247,0.026271
dataset_D1/m_07_n_12_seed_09.txt,7,12,9,2280,0.0642298,5664,2483,2447,2292,0.0276533
dataset_D1/m_07_n_14_seed_00.txt,7,14,0,2379,0.0761507,6008,2643,2558,2392,0.0319716
dataset_D1/m_07_n_14_seed_01.txt,7,14,1,2260,0.0786671,5905,2418,2468,2283,0.0314107
dataset_D1/m_07_n_14_seed_02.txt,7,14,2,2236,0.0700138,5850,2464,2405,2238,0.0310366
dataset_D1/m_07_n_14_seed_03.txt,7,14,3,2445,0.0565976,6289,2730,2688,2466,0.0264273
dataset_D1/m_07_n_14_seed_04.txt,7,14,4,2444,0.0721022,5784,2710,2635,2467,0.0299946
dataset_D1/m_07_n_14_seed_05.txt,7,14,5,2551,0.0590313,5949,2934,2839,2574,0.0283024
dataset_D1/m_07_n_14_seed_06.txt,7,14,6,2482,0.0649958,6477,2816,2764,2482,0.0311405
dataset_D1/m_07_n_14_seed_07.txt,7,14,7,2327,0.0743087,5948,2497,2538,2350,0.0319261
dataset_D1/m_07_n_14_seed_08.txt,7,14,8,2589,0.0674344,6097,2823,2883,2603,0.0287145
dataset_D1/m_07_n_14_seed_09.txt,7,14,9,2363,0.081682,6033,2576,2541,2382,0.0348799
dataset_D1/m_07_n_16_seed_00.txt,7,16,0,2766,0.0865445,7972,2905,2941,2772,0.0405359
dataset_D1/m_07_n_16_seed_01.txt,7,16,1,2801,0.0809175,7226,3111,3211,2817,0.0343141
dataset_D1/m_07_n_16_seed_02.txt,7,16,2,2740,0.0794554,6346,3032,3035,2746,0.0355074
dataset_D1/m_07_n_16_seed_03.txt,7,16,3,2779,0.0692644,6354,3299,3196,2803,0.0317828
dataset_D1/m_07_n_16_seed_04.txt,7,16,4,2689,0.0826692,6768,3029,2998,2702,0.0348982
dataset_D1/m_07_n_16_seed_05.txt,7,16,5,2421,0.0729139,6341,2710,2630,2426,0.0343368
dataset_D1/m_07_n_16_seed_06.txt,7,16,6,2786,0.0794966,7107,3078,3061,2790,0.0372457
dataset_D1/m_07_n_16_seed_07.txt,7,16,7,2777,0.0813191,7059,3000,2989,2779,0.051977
dataset_D1/m_07_n_16_seed_08.txt,7,16,8,2711,0.0723609,7280,3115,3037,2728,0.0320564
dataset_D1/m_07_n_16_seed_09.txt,7,16,9,2896,0.0718613,6802,3208,3140,2920,0.0319073
dataset_D1/m_07_n_18_seed_00.txt,7,18,0,2844,0.0878219,8159,3114,3087,2849,0.0399674
dataset_D1/m_07_n_18_seed_01.txt,7,18,1,3278,0.0751624,7622,3785,3802,3301,0.0349941
dataset_D1/m_07_n_18_seed_02.txt,7,18,2,3000,0.0820503,8052,3164,3150,3022,0.0411827
dataset_D1/m_07_n_18_seed_03.txt,7,18,3,2746,0.100483,7243,2926,2995,2752,0.0424033
dataset_D1/m_07_n_18_seed_04.txt,7,18,4,3076,0.0873993,8039,3416,3249,3085,0.047059
dataset_D1/m_07_n_18_seed_05.txt,7,18,5,3202,0.0720774,7536,3748,3707,3211,0.0299941
dataset_D1/m_07_n_18_seed_06.txt,7,18,6,3092,0.0788133,7740,3431,3409,3135,0.0371726
dataset_D1/m_07_n_18_seed_07.txt,7,18,7,3214,0.0822972,7653,3685,3573,3224,0.0347892
dataset_D1/m_07_n_18_seed_08.txt,7,18,8,2749,0.0946087,7433,3053,3024,2755,0.0447997
dataset_D1/m_07_n_18_seed_09.txt,7,18,9,3110,0.0758192,7605,3641,3411,3132,0.0376404
dataset_D1/m_07_n_20_seed_00.txt,7,20,0,3492,0.0896428,8975,4003,3949,3501,0.0377939
dataset_D1/m_07_n_20_seed_01.txt,7,20,1,3366,0.0850224,7770,3630,3659,3388,0.0420874
dataset_D1/m_07_n_20_seed_02.txt,7,20,2,3343,0.0938342,8815,4005,3801,3347,0.0329328
dataset_D1/m_07_n_20_seed_03.txt,7,20,3,3571,0.081197,8348,4369,4342,3631,0.03498
dataset_D1/m_07_n_20_seed_04.txt,7,20,4,3577,0.0978458,8864,3917,3830,3585,0.0492099
dataset_D1/m_07_n_20_seed_05.txt,7,20,5,3615,0.0825906,8305,4276,4220,3634,0.0419782
dataset_D1/m_07_n_20_seed_06.txt,7,20,6,3138,0.118746,8365,3473,3362,3161,0.0490761
dataset_D1/m_07_n_20_seed_07.txt,7,20,7,3462,0.099947,8630,4013,3884,3463,0.0351825
dataset_D1/m_07_n_20_seed_08.txt,7,20,8,3203,0.0996262,8457,3536,3466,3230,0.0460118
dataset_D1/m_07_n_20_seed_09.txt,7,20,9,3304,0.0977007,8522,3687,3727,3309,0.0422237
dataset_D1/m_07_n_22_seed_00.txt,7,22,0,3805,0.0945439,9990,4402,4250,3820,0.040402
dataset_D1/m_07_n_22_seed_01.txt,7,22,1,3504,0.125964,9919,3751,3816,3526,0.0546249
dataset_D1/m_07_n_22_seed_02.txt,7,22,2,3873,0.0908645,9142,4566,4446,3988,0.0408785
dataset_D1/m_07_n_22_seed_03.txt,7,22,3,3732,0.107203,9549,4229,3961,3732,0.0557309
dataset_D1/m_07_n_22_seed_04.txt,7,22,4,3839,0.106818,10254,4124,4121,3869,0.058252
dataset_D1/m_07_n_22_seed_05.txt,7,22,5,3503,0.0979833,9417,3907,3835,3508,0.0475574
dataset_D1/m_07_n_22_seed_06.txt,7,22,6,3621,0.102157,9481,4065,3979,3643,0.0478903
dataset_D1/m_07_n_22_seed_07.txt,7,22,7,3819,0.105568,10067,4222,4164,3829,0.0541861
dataset_D1/m_07_n_22_seed_08.txt,7,22,8,3530,0.114732,9631,3851,3788,3537,0.0606301
dataset_D1/m_07_n_22_seed_09.txt,7,22,9,3509,0.102143,9772,3732,3873,3526,0.0551674
dataset_D1/m_07_n_24_seed_00.txt,7,24,0,4265,0.0960475,10480,5170,4912,4287,0.0486388
dataset_D1/m_07_n_24_seed_01.txt,7,24,1,4005,0.0996021,10250,4662,4463,4051,0.0616083
dataset_D1/m_07_n_24_seed_02.txt,7,24,2,4402,0.0922251,10409,5068,4976,4422,0.0424986
dataset_D1/m_07_n_24_seed_03.txt,7,24,3,3950,0.103416,10091,4480,4404,3981,0.0586303
dataset_D1/m_07_n_24_seed_04.txt,7,24,4,4060,0.106119,10543,4509,4458,4077,0.0499156
dataset_D1/m_07_n_24_seed_05.txt,7,24,5,4265,0.102088,10393,4840,4733,4268,0.0462958
dataset_D1/m_07_n_24_seed_06.txt,7,24,6,4133,0.11014,10970,4601,4644,4153,0.0598479
dataset_D1/m_07_n_24_seed_07.txt,7,24,7,4096,0.115548,11016,4484,4464,4111,0.0519562
dataset_D1/m_07_n_24_seed_08.txt,7,24,8,4304,0.0944676,10618,4963,4798,4328,0.0491588
dataset_D1/m_07_n_24_seed_09.txt,7,24,9,4366,0.103368,11090,4938,4929,4377,0.0543877
dataset_D1/m_07_n_26_seed_00.txt,7,26,0,4389,0.14231,11943,4797,4634,4395,0.0806702
dataset_D1/m_07_n_26_seed_01.txt,7,26,1,4765,0.144935,11952,5363,5231,4789,0.0679853
dataset_D1/m_07_n_26_seed_02.txt,7,26,2,4302,0.117509,10932,4886,4854,4329,0.0604594
dataset_D1/m_07_n_26_seed_03.txt,7,26,3,4135,0.115422,10652,4621,4643,4169,0.0556418
dataset_D1/m_07_n_26_seed_04.txt,7,26,4,4290,0.109333,10685,5048,4830,4455,0.0576918
dataset_D1/m_07_n_26_seed_05.txt,7,26,5,4340,0.117176,10697,4863,4852,4354,0.0592713
dataset_D1/m_07_n_26_seed_06.txt,7,26,6,4440,0.121087,11737,5088,5029,4459,0.0658906
dataset_D1/m_07_n_26_seed_07.txt,7,26,7,4183,0.125069,11151,4873,4621,4189,0.0620125
dataset_D1/m_07_n_26_seed_08.txt,7,26,8,4630,0.120677,11294,5015,4956,4671,0.063287
dataset_D1/m_07_n_26_seed_09.txt,7,26,9,4621,0.0996725,10916,5406,5415,4707,0.0483085
dataset_D1/m_07_n_28_seed_00.txt,7,28,0,4554,0.129813,12424,5197,4974,4582,0.0606232
dataset_D1/m_07_n_28_seed_01.txt,7,28,1,4357,0.133661,12410,4665,4629,4383,0.0748386
dataset_D1/m_07_n_28_seed_02.txt,7,28,2,5170,0.101005,11857,5809,5782,5176,0.0471775
dataset_D1/m_07_n_28_seed_03.txt,7,28,3,4409,0.130985,11791,5024,4850,4426,0.060452
dataset_D1/m_07_n_28_seed_04.txt,7,28,4,4806,0.129242,12461,5275,5307,4841,0.0704444
dataset_D1/m_07_n_28_seed_05.txt,7,28,5,4961,0.0994437,11939,6146,6021,5017,0.0455254
dataset_D1/m_07_n_28_seed_06.txt,7,28,6,5106,0.10454,13339,5946,5826,5130,0.0541139
dataset_D1/m_07_n_28_seed_07.txt,7,28,7,5017,0.121524,11902,5660,5619,5048,0.059556
dataset_D1/m_07_n_28_seed_08.txt,7,28,8,4654,0.117047,11979,5486,5320,4669,0.0502714
dataset_D1/m_07_n_28_seed_09.txt,7,28,9,4683,0.123162,11902,5476,5266,4702,0.0606744
dataset_D1/m_07_n_30_seed_00.txt,7,30,0,4847,0.139625,13037,5395,5332,4903,0.075234
dataset_D1/m_07_n_30_seed_01.txt,7,30,1,4597,0.141939,12776,5364,5115,4622,0.0922208
dataset_D1/m_07_n_30_seed_02.txt,7,30,2,5054,0.136043,13116,5875,5569,5085,0.072636
dataset_D1/m_07_n_30_seed_03.txt,7,30,3,4526,0.164386,12924,4779,4762,4531,0.0867183
dataset_D1/m_07_n_30_seed_04.txt,7,30,4,4733,0.134436,12514,5433,5136,4750,0.063288
dataset_D1/m_07_n_30_seed_05.txt,7,30,5,4805,0.145156,12804,5268,5185,4828,0.0698428
dataset_D1/m_07_n_30_seed_06.txt,7,30,6,4896,0.148119,13548,5513,5237,4908,0.0813397
dataset_D1/m_07_n_30_seed_07.txt,7,30,7,5162,0.135147,12960,5974,5655,5185,0.0707742
dataset_D1/m_07_n_30_seed_08.txt,7,30,8,4890,0.128855,13744,5554,5357,4907,0.0738927
dataset_D1/m_07_n_30_seed_09.txt,7,30,9,4747,0.139004,12128,5389,5142,4758,0.0811625
dataset_D1/m_08_n_04_seed_00.txt,8,4,0,922,0.0327678,1843,959,1075,922,0.0129359
dataset_D1/m_08_n_04_seed_01.txt,8,4,1,930,0.0227757,1859,1023,969,930,0.0242503
dataset_D1/m_08_n_04_seed_02.txt,8,4,2,834,0.0238956,1776,871,916,834,0.0101031
dataset_D1/m_08_n_04_seed_03.txt,8,4,3,1057,0.010094,2085,1095,1082,1057,0.0145361
dataset_D1/m_08_n_04_seed_04.txt,8,4,4,893,0.0125471,2002,970,966,894,0.0142774
dataset_D1/m_08_n_04_seed_05.txt,8,4,5,821,0.012517,1776,900,862,821,0.0120807
dataset_D1/m_08_n_04_seed_06.txt,8,4,6,1133,0.0143184,2276,1183,1183,1133,0.0127581
dataset_D1/m_08_n_04_seed_07.txt,8,4,7,957,0.0163793,2071,959,1030,957,0.0163133
dataset_D1/m_08_n_04_seed_08.txt,8,4,8,1032,0.027671,2287,1085,1092,1032,0.0147778
dataset_D1/m_08_n_04_seed_09.txt,8,4,9,921,0.0184571,1932,1003,967,921,0.00959074
dataset_D1/m_08_n_06_seed_00.txt,8,6,0,1269,0.045885,2896,1345,1378,1269,0.0190932
dataset_D1/m_08_n_06_seed_01.txt,8,6,1,1232,0.0436995,2955,1281,1286,1237,0.0215718
dataset_D1/m_08_n_06_seed_02.txt,8,6,2,1378,0.0438111,3152,1520,1478,1388,0.01574
dataset_D1/m_08_n_06_seed_03.txt,8,6,3,1143,0.0479765,3099,1149,1369,1143,0.0224937
dataset_D1/m_08_n_06_seed_04.txt,8,6,4,1295,0.0447631,2840,1364,1396,1297,0.0188231
dataset_D1/m_08_n_06_seed_05.txt,8,6,5,1191,0.0457525,2812,1307,1304,1203,0.0157587
dataset_D1/m_08_n_06_seed_06.txt,8,6,6,1310,0.0407625,3059,1444,1462,1323,0.0157244
dataset_D1/m_08_n_06_seed_07.txt,8,6,7,1182,0.0455046,2760,1315,1300,1189,0.0202751
dataset_D1/m_08_n_06_seed_08.txt,8,6,8,1260,0.0431887,3014,1363,1369,1263,0.0140813
dataset_D1/m_08_n_06_seed_09.txt,8,6,9,1130,0.043794,2754,1303,1205,1130,0.0180595
dataset_D1/m_08_n_08_seed_00.txt,8,8,0,1422,0.0909476,3740,1534,1562,1430,0.0372801
dataset_D1/m_08_n_08_seed_01.txt,8,8,1,1649,0.0680543,4177,1836,1812,1649,0.0253335
dataset_D1/m_08_n_08_seed_02.txt,8,8,2,1633,0.0593051,3859,1835,1788,1641,0.0252673
dataset_D1/m_08_n_08_seed_03.txt,8,8,3,1646,0.0558883,4278,1776,1795,1650,0.0243671
dataset_D1/m_08_n_08_seed_04.txt,8,8,4,1620,0.06023,4201,1789,1742,1620,0.0285519
dataset_D1/m_08_n_08_seed_05.txt,8,8,5,1579,0.065965,3983,1783,1687,1588,0.0275843
dataset_D1/m_08_n_08_seed_06.txt,8,8,6,1586,0.0507055,3637,1702,1802,1619,0.0226359
dataset_D1/m_08_n_08_seed_07.txt,8,8,7,1496,0.0597625,3865,1687,1657,1506,0.0256216
dataset_D1/m_08_n_08_seed_08.txt,8,8,8,1608,0.0650342,4001,1813,1770,1608,0.0258037
dataset_D1/m_08_n_08_seed_09.txt,8,8,9,1488,0.0849683,4128,1620,1588,1488,0.0354367
dataset_D1/m_08_n_10_seed_00.txt,8,10,0,1824,0.0911039,5246,1985,2012,1825,0.0318778
dataset_D1/m_08_n_10_seed_01.txt,8,10,1,1708,0.114688,4304,1886,1948,1715,0.0468455
dataset_D1/m_08_n_10_seed_02.txt,8,10,2,1852,0.0906065,4893,2070,2088,1865,0.0284853
dataset_D1/m_08_n_10_seed_03.txt,8,10,3,1943,0.0796201,4817,2211,2176,1944,0.037888
dataset_D1/m_08_n_10_seed_04.txt,8,10,4,2080,0.0934771,4916,2313,2290,2091,0.030961
dataset_D1/m_08_n_10_seed_05.txt,8,10,5,1981,0.0976003,5378,2189,2128,1981,0.0390215
dataset_D1/m_08_n_10_seed_06.txt,8,10,6,1946,0.0839192,4967,2181,2146,1962,0.0345265
dataset_D1/m_08_n_10_seed_07.txt,8,10,7,1929,0.0949964,4812,2229,2084,1935,0.0354001
dataset_D1/m_08_n_10_seed_08.txt,8,10,8,2004,0.0891674,5418,2285,2151,2007,0.0288064
dataset_D1/m_08_n_10_seed_09.txt,8,10,9,2093,0.0909406,4756,2391,2376,2094,0.0266879
dataset_D1/m_08_n_12_seed_00.txt,8,12,0,2378,0.0909584,5941,2699,2594,2379,0.0373884
dataset_D1/m_08_n_12_seed_01.txt,8,12,1,2126,0.13981,5700,2362,2364,2128,0.0512103
dataset_D1/m_08_n_12_seed_02.txt,8,12,2,2356,0.112376,5968,2673,2648,2382,0.0422851
dataset_D1/m_08_n_12_seed_03.txt,8,12,3,2279,0.100428,5664,2608,2444,2283,0.0341882
dataset_D1/m_08_n_12_seed_04.txt,8,12,4,2254,0.121483,6317,2461,2400,2257,0.048548
dataset_D1/m_08_n_12_seed_05.txt,8,12,5,2243,0.101898,5823,2629,2474,2252,0.0429925
dataset_D1/m_08_n_12_seed_06.txt,8,12,6,2301,0.113101,5944,2630,2607,2343,0.035328
dataset_D1/m_08_n_12_seed_07.txt,8,12,7,2244,0.0900664,5106,2654,2587,2259,0.0379467
dataset_D1/m_08_n_12_seed_08.txt,8,12,8,2366,0.100444,5821,2737,2655,2375,0.040628
dataset_D1/m_08_n_12_seed_09.txt,8,12,9,2218,0.110641,6090,2424,2367,2218,0.0490297
dataset_D1/m_08_n_14_seed_00.txt,8,14,0,2390,0.151546,7370,2533,2653,2393,0.0672078
dataset_D1/m_08_n_14_seed_01.txt,8,14,1,2581,0.118475,7020,3024,3108,2640,0.0496142
dataset_D1/m_08_n_14_seed_02.txt,8,14,2,2437,0.142356,6624,2782,2735,2444,0.0542181
dataset_D1/m_08_n_14_seed_03.txt,8,14,3,2391,0.161339,6711,2549,2594,2397,0.0577554
dataset_D1/m_08_n_14_seed_04.txt,8,14,4,2526,0.0977526,5829,2928,2823,2551,0.0484504
dataset_D1/m_08_n_14_seed_05.txt,8,14,5,2650,0.110433,6659,3045,2999,2697,0.0361556
dataset_D1/m_08_n_14_seed_06.txt,8,14,6,2489,0.125464,6291,2868,2885,2498,0.0438267
dataset_D1/m_08_n_14_seed_07.txt,8,14,7,2671,0.149287,7540,3019,2888,2689,0.0730576
dataset_D1/m_08_n_14_seed_08.txt,8,14,8,2663,0.121585,6336,2893,2836,2677,0.0431655
dataset_D1/m_08_n_14_seed_09.txt,8,14,9,2728,0.106268,6863,3192,3144,2754,0.0441066
dataset_D1/m_08_n_16_seed_00.txt,8,16,0,2674,0.145624,7366,2953,2899,2694,0.0519956
dataset_D1/m_08_n_16_seed_01.txt,8,16,1,2727,0.199809,7776,2936,3048,2750,0.0753733
dataset_D1/m_08_n_16_seed_02.txt,8,16,2,2850,0.159828,8016,3133,3232,2869,0.0827906
dataset_D1/m_08_n_16_seed_03.txt,8,16,3,2740,0.146858,7963,3099,2978,2752,0.0553004
dataset_D1/m_08_n_16_seed_04.txt,8,16,4,2650,0.152416,7219,2856,2830,2672,0.0640843
dataset_D1/m_08_n_16_seed_05.txt,8,16,5,2718,0.191542,7832,3040,3003,2733,0.0743103
dataset_D1/m_08_n_16_seed_06.txt,8,16,6,2934,0.136462,7791,3376,3203,2943,0.0503261
dataset_D1/m_08_n_16_seed_07.txt,8,16,7,3078,0.149287,7964,3537,3381,3078,0.0560294
dataset_D1/m_08_n_16_seed_08.txt,8,16,8,2965,0.161286,8010,3390,3131,2971,0.0584533
dataset_D1/m_08_n_16_seed_09.txt,8,16,9,2963,0.123958,7658,3377,3391,2985,0.0389559
dataset_D1/m_08_n_18_seed_00.txt,8,18,0,3048,0.169394,8577,3323,3350,3061,0.0667876
dataset_D1/m_08_n_18_seed_01.txt,8,18,1,3637,0.140033,9273,4221,4211,3668,0.0624725
dataset_D1/m_08_n_18_seed_02.txt,8,18,2,3339,0.138077,8763,4040,3973,3364,0.0553723
dataset_D1/m_08_n_18_seed_03.txt,8,18,3,3210,0.193324,9201,3548,3521,3242,0.0701983
dataset_D1/m_08_n_18_seed_04.txt,8,18,4,3233,0.192408,9229,3693,3634,3256,0.0630568
dataset_D1/m_08_n_18_seed_05.txt,8,18,5,3237,0.200354,9000,3539,3568,3267,0.0744295
dataset_D1/m_08_n_18_seed_06.txt,8,18,6,2757,0.259794,8440,2931,3056,2769,0.0866088
dataset_D1/m_08_n_18_seed_07.txt,8,18,7,3005,0.233104,8659,3429,3299,3014,0.105207
dataset_D1/m_08_n_18_seed_08.txt,8,18,8,3279,0.198786,9060,3567,3581,3307,0.079439
dataset_D1/m_08_n_18_seed_09.txt,8,18,9,2995,0.175228,8464,3374,3410,3033,0.0645247
dataset_D1/m_08_n_20_seed_00.txt,8,20,0,3870,0.165833,9502,4389,4400,3891,0.0634892
dataset_D1/m_08_n_20_seed_01.txt,8,20,1,3462,0.183006,9267,4055,3821,3489,0.0636639
dataset_D1/m_08_n_20_seed_02.txt,8,20,2,3624,0.171155,9481,4248,4286,3637,0.0779811
dataset_D1/m_08_n_20_seed_03.txt,8,20,3,3224,0.171444,8812,3633,3533,3227,0.068109
dataset_D1/m_08_n_20_seed_04.txt,8,20,4,3640,0.183781,9321,4106,4126,3662,0.0890501
dataset_D1/m_08_n_20_seed_05.txt,8,20,5,3755,0.205058,10722,4129,4132,3770,0.0785993
dataset_D1/m_08_n_20_seed_06.txt,8,20,6,3773,0.17359,9822,4458,4373,3849,0.0677615
dataset_D1/m_08_n_20_seed_07.txt,8,20,7,3743,0.167179,9839,4356,4296,3768,0.0696588
dataset_D1/m_08_n_20_seed_08.txt,8,20,8,3659,0.195231,10143,4089,4086,3684,0.077252
dataset_D1/m_08_n_20_seed_09.txt,8,20,9,3764,0.180243,10112,4359,4356,3843,0.0816291
dataset_D1/m_08_n_22_seed_00.txt,8,22,0,3672,0.245888,10311,4064,4280,3693,0.104465
dataset_D1/m_08_n_22_seed_01.txt,8,22,1,3933,0.212953,10882,4590,4449,3956,0.0771025
dataset_D1/m_08_n_22_seed_02.txt,8,22,2,3552,0.261009,10741,4060,3904,3563,0.106604
dataset_D1/m_08_n_22_seed_03.txt,8,22,3,3763,0.287577,11009,3979,4425,3795,0.142831
dataset_D1/m_08_n_22_seed_04.txt,8,22,4,3772,0.253419,10626,4218,4126,3772,0.0971482
dataset_D1/m_08_n_22_seed_05.txt,8,22,5,3059,0.313485,9803,3264,3262,3075,0.12582
dataset_D1/m_08_n_22_seed_06.txt,8,22,6,3640,0.260967,11010,4060,4007,3649,0.133696
dataset_D1/m_08_n_22_seed_07.txt,8,22,7,3718,0.260133,10882,3957,4026,3738,0.0973823
dataset_D1/m_08_n_22_seed_08.txt,8,22,8,3635,0.302555,10882,4055,3998,3645,0.143621
dataset_D1/m_08_n_22_seed_09.txt,8,22,9,3411,0.293485,10403,3685,3737,3422,0.139399
dataset_D1/m_08_n_24_seed_00.txt,8,24,0,4344,0.233928,11886,4877,4853,4359,0.104702
dataset_D1/m_08_n_24_seed_01.txt,8,24,1,4148,0.255679,11504,4599,4564,4185,0.107035
dataset_D1/m_08_n_24_seed_02.txt,8,24,2,4165,0.233762,11992,4861,4881,4204,0.0761641
dataset_D1/m_08_n_24_seed_03.txt,8,24,3,3883,0.306936,12114,4232,4204,3895,0.139217
dataset_D1/m_08_n_24_seed_04.txt,8,24,4,3399,0.324405,11920,3504,3729,3407,0.155108
dataset_D1/m_08_n_24_seed_05.txt,8,24,5,4435,0.175361,11670,5218,5238,4509,0.0807011
dataset_D1/m_08_n_24_seed_06.txt,8,24,6,4453,0.207753,11982,5174,5261,4476,0.075783
dataset_D1/m_08_n_24_seed_07.txt,8,24,7,4534,0.213467,11697,5398,5242,4574,0.0750922
dataset_D1/m_08_n_24_seed_08.txt,8,24,8,4101,0.212582,11301,4759,4811,4142,0.0870911
dataset_D1/m_08_n_24_seed_09.txt,8,24,9,3952,0.26452,11337,4354,4444,3959,0.124269
dataset_D1/m_08_n_26_seed_00.txt,8,26,0,4106,0.32995,13277,4647,4550,4128,0.122749
dataset_D1/m_08_n_26_seed_01.txt,8,26,1,4343,0.286311,12382,4799,4843,4371,0.140143
dataset_D1/m_08_n_26_seed_02.txt,8,26,2,4381,0.282377,12513,4658,4652,4449,0.112536
dataset_D1/m_08_n_26_seed_03.txt,8,26,3,4535,0.263865,12729,4940,4938,4562,0.14211
dataset_D1/m_08_n_26_seed_04.txt,8,26,4,4805,0.214932,12584,5889,5873,4835,0.0728784
dataset_D1/m_08_n_26_seed_05.txt,8,26,5,4040,0.349038,13496,4612,4334,4056,0.142501
dataset_D1/m_08_n_26_seed_06.txt,8,26,6,4706,0.196871,12379,5339,5370,4739,0.0785379
dataset_D1/m_08_n_26_seed_07.txt,8,26,7,4566,0.230399,12226,5098,5151,4657,0.0848661
dataset_D1/m_08_n_26_seed_08.txt,8,26,8,4644,0.230727,13019,5216,5133,4676,0.0858918
dataset_D1/m_08_n_26_seed_09.txt,8,26,9,4174,0.238147,11550,4723,4725,4198,0.087946
dataset_D1/m_08_n_28_seed_00.txt,8,28,0,4762,0.383486,14241,5086,5114,4777,0.186934
dataset_D1/m_08_n_28_seed_01.txt,8,28,1,5052,0.258433,14221,6175,6024,5070,0.106397
dataset_D1/m_08_n_28_seed_02.txt,8,28,2,4955,0.232199,13463,5959,5708,5032,0.0868504
dataset_D1/m_08_n_28_seed_03.txt,8,28,3,4720,0.328921,12500,5423,5207,4760,0.167381
dataset_D1/m_08_n_28_seed_04.txt,8,28,4,4852,0.242716,13297,5768,5707,4863,0.100086
dataset_D1/m_08_n_28_seed_05.txt,8,28,5,4662,0.308969,14145,5294,5319,4702,0.128918
dataset_D1/m_08_n_28_seed_06.txt,8,28,6,4475,0.339163,13817,4739,4794,4494,0.165445
dataset_D1/m_08_n_28_seed_07.txt,8,28,7,4852,0.267572,13262,5537,5359,4866,0.138853
dataset_D1/m_08_n_28_seed_08.txt,8,28,8,4632,0.263766,13165,5426,5256,4714,0.115656
dataset_D1/m_08_n_28_seed_09.txt,8,28,9,5049,0.247815,14254,5685,5647,5064,0.114181
dataset_D1/m_08_n_30_seed_00.txt,8,30,0,5068,0.336921,14449,5929,5673,5104,0.114884
dataset_D1/m_08_n_30_seed_01.txt,8,30,1,5484,0.232085,14156,6711,6510,5513,0.0883108
dataset_D1/m_08_n_30_seed_02.txt,8,30,2,4896,0.341837,14184,5414,5374,4907,0.167253
dataset_D1/m_08_n_30_seed_03.txt,8,30,3,5243,0.280659,14030,5964,5932,5258,0.12615
dataset_D1/m_08_n_30_seed_04.txt,8,30,4,5523,0.250956,14496,6527,6487,5534,0.104112
dataset_D1/m_08_n_30_seed_05.txt,8,30,5,4826,0.321684,14650,5681,5480,4842,0.144192
dataset_D1/m_08_n_30_seed_06.txt,8,30,6,5360,0.22989,14727,6640,6214,5405,0.0830202
dataset_D1/m_08_n_30_seed_07.txt,8,30,7,5220,0.278211,14475,5753,5828,5249,0.141045
dataset_D1/m_08_n_30_seed_08.txt,8,30,8,4851,0.319522,14159,5622,5554,4872,0.139677
dataset_D1/m_08_n_30_seed_09.txt,8,30,9,5369,0.270177,14737,6111,5992,5396,0.0977539
dataset_D1/m_09_n_04_seed_00.txt,9,4,0,942,0.040734,1981,1003,1037,946,0.0171124
dataset_D1/m_09_n_04_seed_01.txt,9,4,1,828,0.0324479,1800,926,867,828,0.0146812
dataset_D1/m_09_n_04_seed_02.txt,9,4,2,811,0.0266076,1773,909,847,811,0.0149
dataset_D1/m_09_n_04_seed_03.txt,9,4,3,987,0.0313689,2025,1067,1051,987,0.0127477
dataset_D1/m_09_n_04_seed_04.txt,9,4,4,934,0.0258987,2352,964,999,934,0.0120182
dataset_D1/m_09_n_04_seed_05.txt,9,4,5,842,0.0320694,1914,931,940,842,0.0117197
dataset_D1/m_09_n_04_seed_06.txt,9,4,6,971,0.0170101,2241,1088,1069,971,0.0103532
dataset_D1/m_09_n_04_seed_07.txt,9,4,7,915,0.0318464,2173,1047,1060,915,0.0162328
dataset_D1/m_09_n_04_seed_08.txt,9,4,8,1067,0.0339302,2186,1152,1176,1067,0.0157673
dataset_D1/m_09_n_04_seed_09.txt,9,4,9,960,0.0366826,1959,1069,1065,960,0.0145906
dataset_D1/m_09_n_06_seed_00.txt,9,6,0,1462,0.0635374,3301,1635,1588,1471,0.0177856
dataset_D1/m_09_n_06_seed_01.txt,9,6,1,1366,0.117175,3300,1481,1434,1368,0.0388097
dataset_D1/m_09_n_06_seed_02.txt,9,6,2,1466,0.0570183,3117,1690,1637,1468,0.0217733
dataset_D1/m_09_n_06_seed_03.txt,9,6,3,1285,0.0709987,3100,1394,1360,1285,0.0235954
dataset_D1/m_09_n_06_seed_04.txt,9,6,4,1251,0.113285,3075,1411,1359,1252,0.0356749
dataset_D1/m_09_n_06_seed_05.txt,9,6,5,1290,0.0810181,3121,1459,1371,1291,0.0280662
dataset_D1/m_09_n_06_seed_06.txt,9,6,6,1260,0.0669099,2926,1387,1399,1260,0.0237702
dataset_D1/m_09_n_06_seed_07.txt,9,6,7,1303,0.0572187,3103,1419,1383,1306,0.0210169
dataset_D1/m_09_n_06_seed_08.txt,9,6,8,1501,0.0662191,3406,1576,1583,1501,0.0300088
dataset_D1/m_09_n_06_seed_09.txt,9,6,9,1318,0.108917,3611,1352,1448,1323,0.019903
dataset_D1/m_09_n_08_seed_00.txt,9,8,0,1622,0.130561,4153,1765,1821,1640,0.0393984
dataset_D1/m_09_n_08_seed_01.txt,9,8,1,1722,0.155965,4653,1839,2005,1729,0.0666593
dataset_D1/m_09_n_08_seed_02.txt,9,8,2,1556,0.162041,4486,1631,1625,1556,0.0723298
dataset_D1/m_09_n_08_seed_03.txt,9,8,3,1684,0.129219,3951,1934,1879,1696,0.044353
dataset_D1/m_09_n_08_seed_04.txt,9,8,4,1700,0.131833,4806,1891,1946,1708,0.043681
dataset_D1/m_09_n_08_seed_05.txt,9,8,5,1686,0.129422,4599,1813,1946,1699,0.0421869
dataset_D1/m_09_n_08_seed_06.txt,9,8,6,1712,0.0966646,4028,1865,1842,1726,0.0318365
dataset_D1/m_09_n_08_seed_07.txt,9,8,7,1786,0.108564,4058,2049,2027,1786,0.0354835
dataset_D1/m_09_n_08_seed_08.txt,9,8,8,1774,0.139315,4499,1923,1917,1780,0.0377435
dataset_D1/m_09_n_08_seed_09.txt,9,8,9,1770,0.138785,4404,1919,1958,1770,0.0466752
dataset_D1/m_09_n_10_seed_00.txt,9,10,0,2124,0.159641,5420,2334,2418,2129,0.0626943
dataset_D1/m_09_n_10_seed_01.txt,9,10,1,2024,0.218092,5552,2184,2180,2027,0.0869895
dataset_D1/m_09_n_10_seed_02.txt,9,10,2,2109,0.172962,5358,2296,2359,2122,0.0446903
dataset_D1/m_09_n_10_seed_03.txt,9,10,3,2090,0.185698,5464,2318,2350,2108,0.0662161
dataset_D1/m_09_n_10_seed_04.txt,9,10,4,2102,0.163356,5419,2289,2400,2113,0.0616928
dataset_D1/m_09_n_10_seed_05.txt,9,10,5,2118,0.144138,5482,2445,2392,2124,0.0603345
dataset_D1/m_09_n_10_seed_06.txt,9,10,6,2179,0.168434,5663,2472,2396,2197,0.0701526
dataset_D1/m_09_n_10_seed_07.txt,9,10,7,1987,0.153404,5091,2258,2298,2002,0.05563
dataset_D1/m_09_n_10_seed_08.txt,9,10,8,1925,0.224203,5235,2109,2167,1932,0.0978101
dataset_D1/m_09_n_10_seed_09.txt,9,10,9,1874,0.196526,4887,2137,2173,1884,0.061979
dataset_D1/m_09_n_12_seed_00.txt,9,12,0,2273,0.258641,6545,2527,2523,2296,0.0829707
dataset_D1/m_09_n_12_seed_01.txt,9,12,1,2368,0.219835,6199,2665,2613,2372,0.0792635
dataset_D1/m_09_n_12_seed_02.txt,9,12,2,2656,0.216523,7022,2986,3033,2662,0.0685273
dataset_D1/m_09_n_12_seed_03.txt,9,12,3,2485,0.248783,7019,2815,2703,2495,0.105491
dataset_D1/m_09_n_12_seed_04.txt,9,12,4,2276,0.185929,6183,2539,2594,2305,0.0705213
dataset_D1/m_09_n_12_seed_05.txt,9,12,5,2191,0.303151,6660,2377,2412,2199,0.114524
dataset_D1/m_09_n_12_seed_06.txt,9,12,6,2121,0.274076,6413,2290,2277,2142,0.0868664
dataset_D1/m_09_n_12_seed_07.txt,9,12,7,2628,0.258336,7058,2932,2871,2647,0.0980332
dataset_D1/m_09_n_12_seed_08.txt,9,12,8,2250,0.244053,6156,2516,2416,2267,0.0905981
dataset_D1/m_09_n_12_seed_09.txt,9,12,9,2354,0.221534,6411,2699,2632,2412,0.0740155
dataset_D1/m_09_n_14_seed_00.txt,9,14,0,2724,0.213874,7046,2946,2995,2736,0.0768341
dataset_D1/m_09_n_14_seed_01.txt,9,14,1,2749,0.256501,7910,3265,3081,2750,0.0843853
dataset_D1/m_09_n_14_seed_02.txt,9,14,2,2451,0.510167,7892,2663,2608,2451,0.218041
dataset_D1/m_09_n_14_seed_03.txt,9,14,3,2709,0.331302,7458,3004,3068,2718,0.106893
dataset_D1/m_09_n_14_seed_04.txt,9,14,4,2687,0.342783,7952,3116,3094,2704,0.102565
dataset_D1/m_09_n_14_seed_05.txt,9,14,5,2618,0.267707,7572,3008,2816,2650,0.0969973
dataset_D1/m_09_n_14_seed_06.txt,9,14,6,2801,0.238246,7522,3290,3308,2837,0.0814023
dataset_D1/m_09_n_14_seed_07.txt,9,14,7,2585,0.25325,7319,2925,2881,2593,0.0951956
dataset_D1/m_09_n_14_seed_08.txt,9,14,8,2650,0.279506,7135,2987,2972,2669,0.105119
dataset_D1/m_09_n_14_seed_09.txt,9,14,9,2707,0.331221,7379,2977,3122,2756,0.102801
dataset_D1/m_09_n_16_seed_00.txt,9,16,0,3107,0.32639,8628,3526,3620,3121,0.0923906
dataset_D1/m_09_n_16_seed_01.txt,9,16,1,3074,0.377111,8240,3519,3494,3093,0.160348
dataset_D1/m_09_n_16_seed_02.txt,9,16,2,2726,0.442493,8477,2996,2975,2730,0.135492
dataset_D1/m_09_n_16_seed_03.txt,9,16,3,3164,0.293043,9248,3567,3667,3179,0.09889
dataset_D1/m_09_n_16_seed_04.txt,9,16,4,3095,0.305859,8633,3509,3531,3113,0.115799
dataset_D1/m_09_n_16_seed_05.txt,9,16,5,3002,0.414278,9110,3178,3213,3013,0.165924
dataset_D1/m_09_n_16_seed_06.txt,9,16,6,2994,0.428533,8347,3435,3595,3040,0.130989
dataset_D1/m_09_n_16_seed_07.txt,9,16,7,2824,0.525274,8561,3085,3259,2844,0.214884
dataset_D1/m_09_n_16_seed_08.txt,9,16,8,2983,0.284837,8291,3437,3502,2991,0.101348
dataset_D1/m_09_n_16_seed_09.txt,9,16,9,3271,0.280906,8688,3784,3763,3281,0.104506
dataset_D1/m_09_n_18_seed_00.txt,9,18,0,3376,0.456906,9864,3720,3716,3395,0.190414
dataset_D1/m_09_n_18_seed_01.txt,9,18,1,3365,0.34335,9451,3953,3913,3395,0.0974359
dataset_D1/m_09_n_18_seed_02.txt,9,18,2,2973,0.496435,9396,3424,3387,2983,0.167363
dataset_D1/m_09_n_18_seed_03.txt,9,18,3,3450,0.347027,10032,4154,4104,3547,0.141245
dataset_D1/m_09_n_18_seed_04.txt,9,18,4,3482,0.418368,10228,3966,4236,3511,0.1442
dataset_D1/m_09_n_18_seed_05.txt,9,18,5,3367,0.386124,9838,3982,3828,3387,0.135267
dataset_D1/m_09_n_18_seed_06.txt,9,18,6,3590,0.404108,9916,4205,4047,3613,0.140183
dataset_D1/m_09_n_18_seed_07.txt,9,18,7,3487,0.364373,9359,3881,3892,3495,0.126803
dataset_D1/m_09_n_18_seed_08.txt,9,18,8,3325,0.377959,9447,3843,3698,3329,0.142258
dataset_D1/m_09_n_18_seed_09.txt,9,18,9,3590,0.371349,9367,4064,3978,3650,0.137852
dataset_D1/m_09_n_20_seed_00.txt,9,20,0,3739,0.386691,10387,4180,4262,3760,0.143089
dataset_D1/m_09_n_20_seed_01.txt,9,20,1,3684,0.454779,11570,4125,4258,3717,0.192399
dataset_D1/m_09_n_20_seed_02.txt,9,20,2,3791,0.493574,11215,4387,4357,3803,0.161099
dataset_D1/m_09_n_20_seed_03.txt,9,20,3,3759,0.342393,10620,4432,4569,3772,0.103175
dataset_D1/m_09_n_20_seed_04.txt,9,20,4,3668,0.462185,10656,4091,4051,3706,0.191256
dataset_D1/m_09_n_20_seed_05.txt,9,20,5,3984,0.37264,10388,4718,4558,4050,0.147399
dataset_D1/m_09_n_20_seed_06.txt,9,20,6,4120,0.329268,10858,4853,4686,4132,0.118459
dataset_D1/m_09_n_20_seed_07.txt,9,20,7,3750,0.497067,11391,4231,4053,3752,0.179226
dataset_D1/m_09_n_20_seed_08.txt,9,20,8,3159,0.869104,11116,3309,3530,3176,0.310677
dataset_D1/m_09_n_20_seed_09.txt,9,20,9,3556,0.528262,10460,3924,4123,3580,0.207271
dataset_D1/m_09_n_22_seed_00.txt,9,22,0,3809,0.36909,10870,4571,4534,3840,0.112244
dataset_D1/m_09_n_22_seed_01.txt,9,22,1,4016,0.50844,11914,4675,4812,4039,0.14549
dataset_D1/m_09_n_22_seed_02.txt,9,22,2,3921,0.768176,12128,4356,4390,3937,0.327915
dataset_D1/m_09_n_22_seed_03.txt,9,22,3,4041,0.481626,11635,4487,4483,4081,0.171284
dataset_D1/m_09_n_22_seed_04.txt,9,22,4,4071,0.732494,12245,4556,4610,4094,0.291094
dataset_D1/m_09_n_22_seed_05.txt,9,22,5,4043,0.427358,11637,4799,4589,4125,0.17379
dataset_D1/m_09_n_22_seed_06.txt,9,22,6,3843,0.510301,11848,4153,4193,3875,0.193534
dataset_D1/m_09_n_22_seed_07.txt,9,22,7,3865,0.560284,11322,4486,4589,3884,0.21194
dataset_D1/m_09_n_22_seed_08.txt,9,22,8,4214,0.486751,11722,4778,4625,4287,0.182373
dataset_D1/m_09_n_22_seed_09.txt,9,22,9,3731,0.518812,11518,4452,4423,3753,0.18451
dataset_D1/m_09_n_24_seed_00.txt,9,24,0,4436,0.462602,12989,5171,5117,4513,0.192981
dataset_D1/m_09_n_24_seed_01.txt,9,24,1,4853,0.525555,13559,5417,5453,4874,0.209465
dataset_D1/m_09_n_24_seed_02.txt,9,24,2,4526,0.469103,12899,5269,5229,4641,0.161423
dataset_D1/m_09_n_24_seed_03.txt,9,24,3,4183,0.804385,12640,4689,4830,4212,0.19953
dataset_D1/m_09_n_24_seed_04.txt,9,24,4,4545,0.692882,13010,5249,5129,4595,0.230968
dataset_D1/m_09_n_24_seed_05.txt,9,24,5,4222,0.686812,12767,5033,4843,4274,0.274127
dataset_D1/m_09_n_24_seed_06.txt,9,24,6,4256,0.657652,13353,4880,4818,4275,0.289934
dataset_D1/m_09_n_24_seed_07.txt,9,24,7,4261,0.663881,13174,4884,4858,4291,0.229898
dataset_D1/m_09_n_24_seed_08.txt,9,24,8,3939,0.913895,12621,4498,4453,3976,0.291563
dataset_D1/m_09_n_24_seed_09.txt,9,24,9,4518,0.631247,12997,5071,5093,4518,0.207608
dataset_D1/m_09_n_26_seed_00.txt,9,26,0,5104,0.517651,14266,5872,5795,5120,0.207455
dataset_D1/m_09_n_26_seed_01.txt,9,26,1,4541,0.618647,12973,5236,5298,4580,0.230533
dataset_D1/m_09_n_26_seed_02.txt,9,26,2,4630,0.808034,14128,5167,5374,4708,0.295375
dataset_D1/m_09_n_26_seed_03.txt,9,26,3,4237,0.88522,13736,4829,4807,4295,0.309241
dataset_D1/m_09_n_26_seed_04.txt,9,26,4,4802,0.584377,14693,5600,5802,4911,0.224991
dataset_D1/m_09_n_26_seed_05.txt,9,26,5,4801,0.648378,14673,5467,5474,4867,0.205505
dataset_D1/m_09_n_26_seed_06.txt,9,26,6,4833,0.543492,13469,5539,5683,4879,0.240868
dataset_D1/m_09_n_26_seed_07.txt,9,26,7,4905,0.739413,14734,5602,5591,4942,0.333246
dataset_D1/m_09_n_26_seed_08.txt,9,26,8,4107,1.11515,13707,4515,4412,4165,0.362609
dataset_D1/m_09_n_26_seed_09.txt,9,26,9,5021,0.500288,14200,5844,5798,5052,0.21702
dataset_D1/m_09_n_28_seed_00.txt,9,28,0,5365,0.634,15646,6111,5942,5378,0.234862
dataset_D1/m_09_n_28_seed_01.txt,9,28,1,5117,0.768768,15912,5998,5910,5235,0.20753
dataset_D1/m_09_n_28_seed_02.txt,9,28,2,5226,0.568766,14730,6329,6148,5305,0.195349
dataset_D1/m_09_n_28_seed_03.txt,9,28,3,4966,0.716303,15771,5671,5950,4997,0.221437
dataset_D1/m_09_n_28_seed_04.txt,9,28,4,4262,0.980357,14076,4564,4635,4286,0.41348
dataset_D1/m_09_n_28_seed_05.txt,9,28,5,4728,0.690314,14948,5634,5777,4775,0.223175
dataset_D1/m_09_n_28_seed_06.txt,9,28,6,5320,0.765709,15562,6299,6066,5351,0.298495
dataset_D1/m_09_n_28_seed_07.txt,9,28,7,5123,0.716502,15165,5937,5629,5142,0.276864
dataset_D1/m_09_n_28_seed_08.txt,9,28,8,4859,0.734249,14075,5693,5717,4949,0.260078
dataset_D1/m_09_n_28_seed_09.txt,9,28,9,5065,0.777476,15056,5849,5615,5088,0.246053
dataset_D1/m_09_n_30_seed_00.txt,9,30,0,5459,0.630168,15928,6494,6374,5479,0.214516
dataset_D1/m_09_n_30_seed_01.txt,9,30,1,5356,0.756111,16411,6129,6084,5438,0.269988
dataset_D1/m_09_n_30_seed_02.txt,9,30,2,5520,0.785208,15876,6422,6300,5583,0.305959
dataset_D1/m_09_n_30_seed_03.txt,9,30,3,5768,0.590959,16639,7205,7012,5896,0.247022
dataset_D1/m_09_n_30_seed_04.txt,9,30,4,4981,1.22367,16913,5371,5372,4988,0.491866
dataset_D1/m_09_n_30_seed_05.txt,9,30,5,5914,0.523782,16091,7085,6999,5964,0.244096
dataset_D1/m_09_n_30_seed_06.txt,9,30,6,5300,0.54883,15568,6452,6340,5350,0.184223
dataset_D1/m_09_n_30_seed_07.txt,9,30,7,5836,0.592421,16619,6837,6735,5875,0.23202
dataset_D1/m_09_n_30_seed_08.txt,9,30,8,5465,0.673415,16206,6396,6427,5498,0.2361
dataset_D1/m_09_n_30_seed_09.txt,9,30,9,5771,0.560364,16270,7126,6735,5887,0.225819
dataset_D1/m_10_n_04_seed_00.txt,10,4,0,914,0.0615753,2185,1107,948,914,0.0161415
dataset_D1/m_10_n_04_seed_01.txt,10,4,1,1107,0.0314083,2544,1162,1206,1107,0.027391
dataset_D1/m_10_n_04_seed_02.txt,10,4,2,943,0.028843,2327,1018,1007,943,0.0196116
dataset_D1/m_10_n_04_seed_03.txt,10,4,3,1121,0.0244315,2786,1164,1158,1121,0.0401035
dataset_D1/m_10_n_04_seed_04.txt,10,4,4,935,0.0520226,2181,1021,1005,936,0.0165697
dataset_D1/m_10_n_04_seed_05.txt,10,4,5,1122,0.029805,2622,1209,1189,1126,0.0179522
dataset_D1/m_10_n_04_seed_06.txt,10,4,6,1150,0.0369102,2710,1217,1252,1150,0.0167951
dataset_D1/m_10_n_04_seed_07.txt,10,4,7,1043,0.0362695,2354,1086,1175,1043,0.016175
dataset_D1/m_10_n_04_seed_08.txt,10,4,8,890,0.0505258,2234,928,997,890,0.0201105
dataset_D1/m_10_n_04_seed_09.txt,10,4,9,988,0.0359435,2045,1071,1075,996,0.0182463
dataset_D1/m_10_n_06_seed_00.txt,10,6,0,1479,0.115422,3490,1630,1643,1490,0.0355695
dataset_D1/m_10_n_06_seed_01.txt,10,6,1,1479,0.145352,3691,1605,1591,1483,0.0540543
dataset_D1/m_10_n_06_seed_02.txt,10,6,2,1321,0.106778,3851,1412,1418,1329,0.0340734
dataset_D1/m_10_n_06_seed_03.txt,10,6,3,1542,0.102088,3619,1657,1654,1547,0.0336163
dataset_D1/m_10_n_06_seed_04.txt,10,6,4,1547,0.122336,3833,1683,1703,1552,0.0348335
dataset_D1/m_10_n_06_seed_05.txt,10,6,5,1321,0.101578,3286,1403,1457,1326,0.0443891
dataset_D1/m_10_n_06_seed_06.txt,10,6,6,1344,0.181282,3666,1424,1415,1353,0.0626621
dataset_D1/m_10_n_06_seed_07.txt,10,6,7,1223,0.130839,3157,1313,1301,1230,0.0475265
dataset_D1/m_10_n_06_seed_08.txt,10,6,8,1302,0.256526,3331,1343,1381,1311,0.0661398
dataset_D1/m_10_n_06_seed_09.txt,10,6,9,1275,0.105993,3348,1330,1478,1281,0.0520383
dataset_D1/m_10_n_08_seed_00.txt,10,8,0,1787,0.345873,4899,1897,1949,1791,0.133797
dataset_D1/m_10_n_08_seed_01.txt,10,8,1,1705,0.349797,4917,1813,1845,1712,0.108333
dataset_D1/m_10_n_08_seed_02.txt,10,8,2,1771,0.216026,4453,1961,1951,1787,0.0739077
dataset_D1/m_10_n_08_seed_03.txt,10,8,3,1656,0.34973,4664,1868,1924,1667,0.10658
dataset_D1/m_10_n_08_seed_04.txt,10,8,4,1646,0.24693,4521,1785,1941,1656,0.0609749
dataset_D1/m_10_n_08_seed_05.txt,10,8,5,1724,0.590436,4875,1865,1856,1724,0.162241
dataset_D1/m_10_n_08_seed_06.txt,10,8,6,1722,0.251329,4594,1928,1956,1722,0.0735234
dataset_D1/m_10_n_08_seed_07.txt,10,8,7,1887,0.33036,5315,2105,2138,1887,0.096958
dataset_D1/m_10_n_08_seed_08.txt,10,8,8,1670,0.284872,4458,1855,1773,1675,0.110305
dataset_D1/m_10_n_08_seed_09.txt,10,8,9,1790,0.320883,5046,1857,1874,1790,0.13531
dataset_D1/m_10_n_10_seed_00.txt,10,10,0,2239,0.424674,6402,2489,2691,2262,0.138671
dataset_D1/m_10_n_10_seed_01.txt,10,10,1,2361,0.417978,6495,2683,2634,2372,0.113314
dataset_D1/m_10_n_10_seed_02.txt,10,10,2,1942,0.54273,5889,2121,2053,1960,0.159647
dataset_D1/m_10_n_10_seed_03.txt,10,10,3,2199,0.315308,6148,2573,2552,2240,0.0928365
dataset_D1/m_10_n_10_seed_04.txt,10,10,4,2063,0.318391,5761,2293,2264,2066,0.108163
dataset_D1/m_10_n_10_seed_05.txt,10,10,5,2313,0.404176,6176,2696,2683,2329,0.133939
dataset_D1/m_10_n_10_seed_06.txt,10,10,6,2134,0.45872,6025,2451,2365,2163,0.150751
dataset_D1/m_10_n_10_seed_07.txt,10,10,7,2031,0.464901,5837,2237,2316,2038,0.121544
dataset_D1/m_10_n_10_seed_08.txt,10,10,8,2159,0.449988,6322,2350,2449,2168,0.119155
dataset_D1/m_10_n_10_seed_09.txt,10,10,9,2095,0.361742,5763,2463,2360,2097,0.101124
dataset_D1/m_10_n_12_seed_00.txt,10,12,0,2437,0.746679,7330,2664,2657,2447,0.199633
dataset_D1/m_10_n_12_seed_01.txt,10,12,1,2609,0.523456,7322,2927,2879,2615,0.210348
dataset_D1/m_10_n_12_seed_02.txt,10,12,2,2633,0.766569,7710,3038,3039,2666,0.193536
dataset_D1/m_10_n_12_seed_03.txt,10,12,3,2490,0.526744,7373,2805,2853,2494,0.172732
dataset_D1/m_10_n_12_seed_04.txt,10,12,4,2253,0.817235,7114,2458,2480,2272,0.237182
dataset_D1/m_10_n_12_seed_05.txt,10,12,5,2410,0.66026,6483,2778,2793,2430,0.238832
dataset_D1/m_10_n_12_seed_06.txt,10,12,6,2542,0.42967,6670,2962,2914,2562,0.147247
dataset_D1/m_10_n_12_seed_07.txt,10,12,7,2329,0.828706,7060,2581,2601,2346,0.248427
dataset_D1/m_10_n_12_seed_08.txt,10,12,8,2516,0.641978,7391,2769,2767,2524,0.232467
dataset_D1/m_10_n_12_seed_09.txt,10,12,9,2469,0.411345,6856,2785,2793,2535,0.126135
dataset_D1/m_10_n_14_seed_00.txt,10,14,0,2540,1.29327,8067,2829,2707,2557,0.363793
dataset_D1/m_10_n_14_seed_01.txt,10,14,1,2859,0.697595,8102,3385,3321,2888,0.212797
dataset_D1/m_10_n_14_seed_02.txt,10,14,2,2781,0.57967,7902,3198,3223,2799,0.191341
dataset_D1/m_10_n_14_seed_03.txt,10,14,3,3023,0.499749,8037,3511,3484,3071,0.149971
dataset_D1/m_10_n_14_seed_04.txt,10,14,4,2829,0.9135,8785,3140,3122,2836,0.286797
dataset_D1/m_10_n_14_seed_05.txt,10,14,5,2638,1.01017,8109,2993,2946,2646,0.338149
dataset_D1/m_10_n_14_seed_06.txt,10,14,6,2895,0.736027,8215,3417,3273,2915,0.205251
dataset_D1/m_10_n_14_seed_07.txt,10,14,7,2969,0.645168,8787,3503,3188,2982,0.207854
dataset_D1/m_10_n_14_seed_08.txt,10,14,8,3028,0.587373,8246,3535,3513,3052,0.181071
dataset_D1/m_10_n_14_seed_09.txt,10,14,9,2855,1.0506,8877,3220,3181,2866,0.369115
dataset_D1/m_10_n_16_seed_00.txt,10,16,0,3038,0.940008,8759,3423,3375,3054,0.268802
dataset_D1/m_10_n_16_seed_01.txt,10,16,1,3304,1.00102,10116,3933,3826,3320,0.276703
dataset_D1/m_10_n_16_seed_02.txt,10,16,2,2932,1.29936,9398,3296,3362,2942,0.308717
dataset_D1/m_10_n_16_seed_03.txt,10,16,3,2958,1.01152,8887,3264,3204,2973,0.290982
dataset_D1/m_10_n_16_seed_04.txt,10,16,4,3027,1.32421,9434,3168,3418,3055,0.303975
dataset_D1/m_10_n_16_seed_05.txt,10,16,5,3156,1.1563,9234,3458,3698,3190,0.397141
dataset_D1/m_10_n_16_seed_06.txt,10,16,6,3164,0.861082,9717,3540,3501,3186,0.283159
dataset_D1/m_10_n_16_seed_07.txt,10,16,7,3173,0.838248,9730,3690,3641,3174,0.213844
dataset_D1/m_10_n_16_seed_08.txt,10,16,8,3101,0.998836,9407,3422,3431,3127,0.326508
dataset_D1/m_10_n_16_seed_09.txt,10,16,9,3007,0.825227,8503,3601,3530,3078,0.173626
dataset_D1/m_10_n_18_seed_00.txt,10,18,0,3312,1.59798,10617,3753,3807,3342,0.40699
dataset_D1/m_10_n_18_seed_01.txt,10,18,1,3373,1.56868,11519,3843,3715,3382,0.455305
dataset_D1/m_10_n_18_seed_02.txt,10,18,2,3437,1.08139,10233,3881,3869,3474,0.293497
dataset_D1/m_10_n_18_seed_03.txt,10,18,3,3279,1.61768,10539,3578,3724,3294,0.494213
dataset_D1/m_10_n_18_seed_04.txt,10,18,4,3296,1.619,10171,3702,3623,3314,0.595312
dataset_D1/m_10_n_18_seed_05.txt,10,18,5,3728,1.3092,10956,4425,4453,3763,0.296523
dataset_D1/m_10_n_18_seed_06.txt,10,18,6,3570,1.20811,10499,4149,4133,3662,0.232938
dataset_D1/m_10_n_18_seed_07.txt,10,18,7,3615,1.61237,11500,3992,4406,3656,0.56648
dataset_D1/m_10_n_18_seed_08.txt,10,18,8,3293,1.94364,10875,3562,3711,3322,0.440227
dataset_D1/m_10_n_18_seed_09.txt,10,18,9,3475,1.00198,10415,4068,4079,3496,0.278103
dataset_D1/m_10_n_20_seed_00.txt,10,20,0,4123,1.08343,12245,4782,4776,4161,0.315626
dataset_D1/m_10_n_20_seed_01.txt,10,20,1,3744,1.16528,11737,4559,4659,3855,0.282438
dataset_D1/m_10_n_20_seed_02.txt,10,20,2,4014,1.04316,12425,4745,4854,4045,0.272993
dataset_D1/m_10_n_20_seed_03.txt,10,20,3,3660,1.28098,11801,4378,4253,3711,0.417869
dataset_D1/m_10_n_20_seed_04.txt,10,20,4,3467,1.63564,11269,3718,3784,3485,0.455971
dataset_D1/m_10_n_20_seed_05.txt,10,20,5,4080,1.06648,11340,4560,4611,4160,0.384139
dataset_D1/m_10_n_20_seed_06.txt,10,20,6,4240,1.11112,12637,4651,4733,4259,0.349113
dataset_D1/m_10_n_20_seed_07.txt,10,20,7,3738,1.23544,11605,4269,4501,3754,0.31368
dataset_D1/m_10_n_20_seed_08.txt,10,20,8,3804,1.10326,12060,4569,4552,3827,0.319567
dataset_D1/m_10_n_20_seed_09.txt,10,20,9,4096,0.958216,12155,4780,4855,4143,0.258266
dataset_D1/m_10_n_22_seed_00.txt,10,22,0,4284,1.25291,12675,4965,5026,4305,0.427514
dataset_D1/m_10_n_22_seed_01.txt,10,22,1,4274,0.966968,12978,5016,5115,4350,0.301669
dataset_D1/m_10_n_22_seed_02.txt,10,22,2,4152,1.65831,12958,4639,4606,4171,0.510058
dataset_D1/m_10_n_22_seed_03.txt,10,22,3,4513,1.15793,13145,5355,5070,4524,0.389471
dataset_D1/m_10_n_22_seed_04.txt,10,22,4,4189,1.27408,13144,4734,4723,4224,0.370619
dataset_D1/m_10_n_22_seed_05.txt,10,22,5,4082,1.79108,13080,4713,4528,4108,0.59442
dataset_D1/m_10_n_22_seed_06.txt,10,22,6,4129,1.78171,13354,4746,4626,4156,0.646657
dataset_D1/m_10_n_22_seed_07.txt,10,22,7,4340,1.61313,13757,5046,5083,4397,0.479985
dataset_D1/m_10_n_22_seed_08.txt,10,22,8,4238,1.42558,12672,5086,5241,4288,0.323365
dataset_D1/m_10_n_22_seed_09.txt,10,22,9,4192,1.26129,11901,4807,4752,4224,0.322082
dataset_D1/m_10_n_24_seed_00.txt,10,24,0,4439,1.31765,13938,5057,5146,4476,0.334332
dataset_D1/m_10_n_24_seed_01.txt,10,24,1,4805,1.67271,14823,5373,5407,4886,0.400965
dataset_D1/m_10_n_24_seed_02.txt,10,24,2,4761,1.6633,14313,5571,5576,4777,0.41133
dataset_D1/m_10_n_24_seed_03.txt,10,24,3,4710,1.49889,15009,5514,5502,4716,0.406796
dataset_D1/m_10_n_24_seed_04.txt,10,24,4,4682,2.0481,14988,5433,5417,4705,0.442807
dataset_D1/m_10_n_24_seed_05.txt,10,24,5,4483,1.50964,14106,5275,5216,4525,0.43629
dataset_D1/m_10_n_24_seed_06.txt,10,24,6,4221,2.00707,14076,4774,4491,4239,0.609014
dataset_D1/m_10_n_24_seed_07.txt,10,24,7,4717,1.54131,14283,5588,5466,4755,0.482715
dataset_D1/m_10_n_24_seed_08.txt,10,24,8,4913,1.9265,14579,5575,5536,4986,0.506228
dataset_D1/m_10_n_24_seed_09.txt,10,24,9,4485,1.19387,13855,5326,5429,4526,0.327877
dataset_D1/m_10_n_26_seed_00.txt,10,26,0,5108,1.61968,15512,5807,5917,5123,0.425047
dataset_D1/m_10_n_26_seed_01.txt,10,26,1,5350,1.51861,16103,6235,6074,5365,0.466694
dataset_D1/m_10_n_26_seed_02.txt,10,26,2,4821,1.51794,15593,5658,5792,4841,0.359781
dataset_D1/m_10_n_26_seed_03.txt,10,26,3,5074,1.32003,14864,6087,5755,5093,0.43016
dataset_D1/m_10_n_26_seed_04.txt,10,26,4,4908,2.21188,15370,5765,5588,5040,0.437813
dataset_D1/m_10_n_26_seed_05.txt,10,26,5,4993,1.6563,16117,5514,5753,5014,0.43188
dataset_D1/m_10_n_26_seed_06.txt,10,26,6,5168,1.44191,16149,6205,6225,5307,0.40091
dataset_D1/m_10_n_26_seed_07.txt,10,26,7,4757,1.75478,14959,5533,5449,4789,0.674143
dataset_D1/m_10_n_26_seed_08.txt,10,26,8,5172,2.2612,15909,5850,6024,5244,0.699343
dataset_D1/m_10_n_26_seed_09.txt,10,26,9,5170,1.41629,15801,5960,5960,5240,0.454601
dataset_D1/m_10_n_28_seed_00.txt,10,28,0,5102,2.12576,15947,5758,5710,5174,0.766897
dataset_D1/m_10_n_28_seed_01.txt,10,28,1,5393,1.52202,16865,6212,6394,5426,0.394565
dataset_D1/m_10_n_28_seed_02.txt,10,28,2,5119,1.838,17200,5993,6061,5134,0.54098
dataset_D1/m_10_n_28_seed_03.txt,10,28,3,4433,3.48207,15656,4813,5333,4503,1.13942
dataset_D1/m_10_n_28_seed_04.txt,10,28,4,5380,2.26164,16687,6322,6399,5444,0.704409
dataset_D1/m_10_n_28_seed_05.txt,10,28,5,5120,1.61342,16222,6071,5902,5215,0.443953
dataset_D1/m_10_n_28_seed_06.txt,10,28,6,5343,2.17485,17409,6195,6064,5364,0.663062
dataset_D1/m_10_n_28_seed_07.txt,10,28,7,5345,1.8972,17054,6008,6129,5374,0.67614
dataset_D1/m_10_n_28_seed_08.txt,10,28,8,5495,1.34684,16467,6713,6897,5574,0.341
dataset_D1/m_10_n_28_seed_09.txt,10,28,9,5510,2.01327,17138,6174,6241,5544,0.658002
dataset_D1/m_10_n_30_seed_00.txt,10,30,0,5660,2.42099,17957,6572,6584,5750,0.760778
dataset_D1/m_10_n_30_seed_01.txt,10,30,1,5781,1.57235,17824,7055,6978,5878,0.443011
dataset_D1/m_10_n_30_seed_02.txt,10,30,2,5234,3.50759,17604,5903,6030,5278,1.2313
dataset_D1/m_10_n_30_seed_03.txt,10,30,3,5215,2.74716,18130,5930,5961,5289,0.941357
dataset_D1/m_10_n_30_seed_04.txt,10,30,4,5867,1.59353,17189,7063,6797,5880,0.457349
dataset_D1/m_10_n_30_seed_05.txt,10,30,5,5400,2.55139,18686,6218,6669,5458,0.559869
dataset_D1/m_10_n_30_seed_06.txt,10,30,6,5786,1.81625,16737,6897,7112,5898,0.395516
dataset_D1/m_10_n_30_seed_07.txt,10,30,7,5838,2.3475,19015,6716,6686,5961,0.737625
dataset_D1/m_10_n_30_seed_08.txt,10,30,8,5644,1.98367,17654,6460,6496,5671,0.625083
dataset_D1/m_10_n_30_seed_09.txt,10,30,9,4891,3.14563,17821,5437,5462,4927,0.821935
dataset_D1/m_11_n_04_seed_00.txt,11,4,0,1008,0.0751363,2414,1100,1109,1010,0.0294471
dataset_D1/m_11_n_04_seed_01.txt,11,4,1,1134,0.0391708,2675,1213,1186,1134,0.0219051
dataset_D1/m_11_n_04_seed_02.txt,11,4,2,1230,0.0419281,2900,1259,1319,1230,0.0223168
dataset_D1/m_11_n_04_seed_03.txt,11,4,3,1137,0.0483438,2573,1265,1246,1137,0.0246626
dataset_D1/m_11_n_04_seed_04.txt,11,4,4,1158,0.0461098,2670,1265,1293,1158,0.022222
dataset_D1/m_11_n_04_seed_05.txt,11,4,5,1102,0.0426256,2731,1204,1200,1102,0.0228624
dataset_D1/m_11_n_04_seed_06.txt,11,4,6,1073,0.0808183,2520,1203,1120,1073,0.0270003
dataset_D1/m_11_n_04_seed_07.txt,11,4,7,1212,0.0645592,2776,1265,1244,1212,0.0375863
dataset_D1/m_11_n_04_seed_08.txt,11,4,8,1090,0.0474773,2563,1173,1182,1092,0.0233761
dataset_D1/m_11_n_04_seed_09.txt,11,4,9,1066,0.0622058,2725,1146,1135,1066,0.0230261
dataset_D1/m_11_n_06_seed_00.txt,11,6,0,1398,0.27633,3739,1596,1528,1400,0.108422
dataset_D1/m_11_n_06_seed_01.txt,11,6,1,1440,0.468584,3909,1561,1603,1446,0.181732
dataset_D1/m_11_n_06_seed_02.txt,11,6,2,1284,0.272474,3627,1394,1338,1287,0.136621
dataset_D1/m_11_n_06_seed_03.txt,11,6,3,1434,0.306493,3571,1565,1610,1434,0.102844
dataset_D1/m_11_n_06_seed_04.txt,11,6,4,1489,0.517594,3755,1611,1628,1499,0.100476
dataset_D1/m_11_n_06_seed_05.txt,11,6,5,1572,0.313963,4142,1679,1697,1578,0.086113
dataset_D1/m_11_n_06_seed_06.txt,11,6,6,1578,0.177895,4138,1728,1694,1579,0.0550219
dataset_D1/m_11_n_06_seed_07.txt,11,6,7,1429,0.374521,3754,1573,1528,1435,0.139323
dataset_D1/m_11_n_06_seed_08.txt,11,6,8,1412,0.374323,4017,1545,1530,1424,0.120714
dataset_D1/m_11_n_06_seed_09.txt,11,6,9,1533,0.306481,4121,1648,1741,1542,0.0930216
dataset_D1/m_11_n_08_seed_00.txt,11,8,0,1765,0.959675,5215,1909,1980,1785,0.212524
dataset_D1/m_11_n_08_seed_01.txt,11,8,1,1919,0.732554,5266,2122,2203,1923,0.178461
dataset_D1/m_11_n_08_seed_02.txt,11,8,2,1807,0.910086,5043,2022,2020,1807,0.196503
dataset_D1/m_11_n_08_seed_03.txt,11,8,3,1872,0.445862,5118,2122,2165,1901,0.113551
dataset_D1/m_11_n_08_seed_04.txt,11,8,4,1975,0.614671,5538,2233,2180,1988,0.199806
dataset_D1/m_11_n_08_seed_05.txt,11,8,5,1892,0.525138,5272,2056,2233,1918,0.161807
dataset_D1/m_11_n_08_seed_06.txt,11,8,6,1818,0.560146,4877,2140,2214,1836,0.142632
dataset_D1/m_11_n_08_seed_07.txt,11,8,7,1894,0.788909,5025,2106,2198,1907,0.196883
dataset_D1/m_11_n_08_seed_08.txt,11,8,8,1991,0.491094,5305,2215,2235,1997,0.168893
dataset_D1/m_11_n_08_seed_09.txt,11,8,9,1754,0.642824,4855,1969,2015,1762,0.157496
dataset_D1/m_11_n_10_seed_00.txt,11,10,0,2022,1.71211,6223,2211,2370,2031,0.457404
dataset_D1/m_11_n_10_seed_01.txt,11,10,1,2266,1.13161,6361,2595,2541,2294,0.315531
dataset_D1/m_11_n_10_seed_02.txt,11,10,2,2227,1.44473,6331,2511,2609,2243,0.229672
dataset_D1/m_11_n_10_seed_03.txt,11,10,3,2191,1.82288,6645,2422,2359,2203,0.518719
dataset_D1/m_11_n_10_seed_04.txt,11,10,4,2089,0.905025,6192,2303,2430,2103,0.18921
dataset_D1/m_11_n_10_seed_05.txt,11,10,5,2023,0.932255,6214,2228,2240,2038,0.281837
dataset_D1/m_11_n_10_seed_06.txt,11,10,6,2112,2.5887,7041,2286,2260,2121,0.651918
dataset_D1/m_11_n_10_seed_07.txt,11,10,7,2125,1.21413,5986,2352,2415,2145,0.305639
dataset_D1/m_11_n_10_seed_08.txt,11,10,8,2219,1.29001,6725,2413,2505,2233,0.416281
dataset_D1/m_11_n_10_seed_09.txt,11,10,9,1865,2.52402,6040,2085,2077,1873,0.637565
dataset_D1/m_11_n_12_seed_00.txt,11,12,0,2576,1.579,8078,2914,3064,2634,0.461296
dataset_D1/m_11_n_12_seed_01.txt,11,12,1,2586,1.75252,8017,3022,2911,2628,0.538561
dataset_D1/m_11_n_12_seed_02.txt,11,12,2,2426,1.57503,7775,2769,2803,2433,0.36664
dataset_D1/m_11_n_12_seed_03.txt,11,12,3,2428,1.43246,7392,2846,2815,2458,0.339918
dataset_D1/m_11_n_12_seed_04.txt,11,12,4,2674,1.98701,8356,2996,3042,2683,0.433285
dataset_D1/m_11_n_12_seed_05.txt,11,12,5,2455,2.11909,7840,2769,2817,2468,0.424877
dataset_D1/m_11_n_12_seed_06.txt,11,12,6,2585,1.76944,7653,2858,2909,2603,0.547708
dataset_D1/m_11_n_12_seed_07.txt,11,12,7,2592,2.84923,8171,2824,3144,2623,0.889282
dataset_D1/m_11_n_12_seed_08.txt,11,12,8,2500,1.56473,7673,2913,2950,2536,0.398421
dataset_D1/m_11_n_12_seed_09.txt,11,12,9,2569,2.49913,8468,2777,2909,2590,0.780835
dataset_D1/m_11_n_14_seed_00.txt,11,14,0,2969,1.74659,8812,3500,3425,3018,0.51914
dataset_D1/m_11_n_14_seed_01.txt,11,14,1,3030,1.54587,8826,3524,3364,3042,0.469402
dataset_D1/m_11_n_14_seed_02.txt,11,14,2,2958,2.58343,8960,3435,3516,3023,0.456328
dataset_D1/m_11_n_14_seed_03.txt,11,14,3,2988,1.9398,8760,3615,3531,3055,0.434944
dataset_D1/m_11_n_14_seed_04.txt,11,14,4,3107,1.91043,8835,3583,3561,3141,0.380416
dataset_D1/m_11_n_14_seed_05.txt,11,14,5,3022,2.04617,9189,3501,3521,3082,0.456544
dataset_D1/m_11_n_14_seed_06.txt,11,14,6,2958,2.79919,9378,3301,3277,2965,0.715304
dataset_D1/m_11_n_14_seed_07.txt,11,14,7,3015,1.68489,9182,3498,3432,3092,0.431911
dataset_D1/m_11_n_14_seed_08.txt,11,14,8,2980,1.87065,8897,3548,3587,3005,0.426499
dataset_D1/m_11_n_14_seed_09.txt,11,14,9,2907,2.81781,9419,3234,3511,2928,0.813656
dataset_D1/m_11_n_16_seed_00.txt,11,16,0,3505,2.2534,10690,4087,4112,3593,0.55474
dataset_D1/m_11_n_16_seed_01.txt,11,16,1,3227,1.98533,10117,3754,3852,3250,0.454802
dataset_D1/m_11_n_16_seed_02.txt,11,16,2,3151,2.86529,10059,3727,3752,3178,0.85982
dataset_D1/m_11_n_16_seed_03.txt,11,16,3,3194,2.98127,9458,3639,3594,3235,0.509659
dataset_D1/m_11_n_16_seed_04.txt,11,16,4,3285,2.83331,10504,3732,3894,3291,0.606858
dataset_D1/m_11_n_16_seed_05.txt,11,16,5,3134,3.52399,11072,3495,3529,3140,0.776838
dataset_D1/m_11_n_16_seed_06.txt,11,16,6,3294,3.29716,10548,3835,3911,3314,0.900049
dataset_D1/m_11_n_16_seed_07.txt,11,16,7,3279,1.82725,9916,3799,3939,3288,0.405541
dataset_D1/m_11_n_16_seed_08.txt,11,16,8,3139,5.11173,10570,3409,3427,3147,1.333
dataset_D1/m_11_n_16_seed_09.txt,11,16,9,3387,3.27165,10058,3927,3888,3422,0.464702
dataset_D1/m_11_n_18_seed_00.txt,11,18,0,3707,3.14183,11669,4298,4423,3722,0.704975
dataset_D1/m_11_n_18_seed_01.txt,11,18,1,3528,3.2283,11737,4159,4006,3556,0.700631
dataset_D1/m_11_n_18_seed_02.txt,11,18,2,3848,3.58163,11927,4324,4522,3945,0.637497
dataset_D1/m_11_n_18_seed_03.txt,11,18,3,3654,5.88201,12275,4339,4257,3694,1.05591
dataset_D1/m_11_n_18_seed_04.txt,11,18,4,3647,3.79459,12255,4225,4120,3678,1.00996
dataset_D1/m_11_n_18_seed_05.txt,11,18,5,3547,2.80796,11330,4214,4306,3571,0.506631
dataset_D1/m_11_n_18_seed_06.txt,11,18,6,3526,3.59035,11356,4086,3969,3564,1.01987
dataset_D1/m_11_n_18_seed_07.txt,11,18,7,3714,2.86916,11540,4287,4285,3734,0.466333
dataset_D1/m_11_n_18_seed_08.txt,11,18,8,3790,2.48732,11335,4476,4359,3804,0.548202
dataset_D1/m_11_n_18_seed_09.txt,11,18,9,3583,5.13224,11637,3988,4017,3623,1.22512
dataset_D1/m_11_n_20_seed_00.txt,11,20,0,4133,2.99276,13280,4960,4818,4175,0.616877
dataset_D1/m_11_n_20_seed_01.txt,11,20,1,4154,3.40509,12993,4844,4924,4222,0.740919
dataset_D1/m_11_n_20_seed_02.txt,11,20,2,3862,5.41492,13284,4504,4586,3895,1.06197
dataset_D1/m_11_n_20_seed_03.txt,11,20,3,3765,2.78228,12539,4548,4311,3787,0.526658
dataset_D1/m_11_n_20_seed_04.txt,11,20,4,4075,2.87038,13165,4860,4916,4109,0.598096
dataset_D1/m_11_n_20_seed_05.txt,11,20,5,4044,2.67885,13080,4954,4893,4081,0.506789
dataset_D1/m_11_n_20_seed_06.txt,11,20,6,3829,2.50305,11969,4763,4627,3915,0.441481
dataset_D1/m_11_n_20_seed_07.txt,11,20,7,3939,4.18371,13542,4572,4556,3969,1.15494
dataset_D1/m_11_n_20_seed_08.txt,11,20,8,4142,4.58406,13583,4692,4778,4148,1.0141
dataset_D1/m_11_n_20_seed_09.txt,11,20,9,4406,2.95309,13694,5242,5288,4514,0.670315
dataset_D1/m_11_n_22_seed_00.txt,11,22,0,4580,3.08216,14759,5352,5414,4600,0.659846
dataset_D1/m_11_n_22_seed_01.txt,11,22,1,4347,3.83096,13891,4928,4933,4380,1.11256
dataset_D1/m_11_n_22_seed_02.txt,11,22,2,4347,4.06845,14163,4931,5128,4357,0.954738
dataset_D1/m_11_n_22_seed_03.txt,11,22,3,4615,3.86727,13984,5127,5187,4736,1.01681
dataset_D1/m_11_n_22_seed_04.txt,11,22,4,4580,3.47345,14903,5395,5479,4621,0.822691
dataset_D1/m_11_n_22_seed_05.txt,11,22,5,4392,4.50052,14481,5023,5036,4409,1.4668
dataset_D1/m_11_n_22_seed_06.txt,11,22,6,4280,4.10051,13824,5098,5109,4390,0.832666
dataset_D1/m_11_n_22_seed_07.txt,11,22,7,4618,2.70397,14081,5351,5572,4642,0.655525
dataset_D1/m_11_n_22_seed_08.txt,11,22,8,4370,3.64897,14782,5123,5199,4400,0.827087
dataset_D1/m_11_n_22_seed_09.txt,11,22,9,4690,5.40911,14575,5261,5296,4740,1.36945
dataset_D1/m_11_n_24_seed_00.txt,11,24,0,4344,6.17525,15627,5009,5038,4348,0.951915
dataset_D1/m_11_n_24_seed_01.txt,11,24,1,4632,4.81253,15211,5558,5553,4667,0.721603
dataset_D1/m_11_n_24_seed_02.txt,11,24,2,4589,6.00031,15551,5331,5264,4609,1.32626
dataset_D1/m_11_n_24_seed_03.txt,11,24,3,4227,8.16541,14955,4866,4732,4241,1.76005
dataset_D1/m_11_n_24_seed_04.txt,11,24,4,4789,4.94037,15832,5658,5688,4862,0.957909
dataset_D1/m_11_n_24_seed_05.txt,11,24,5,5044,4.76742,16220,5885,5837,5165,1.07456
dataset_D1/m_11_n_24_seed_06.txt,11,24,6,4853,4.01934,15841,5664,5432,4859,0.98456
dataset_D1/m_11_n_24_seed_07.txt,11,24,7,4886,3.55244,15199,5777,5682,4913,0.838613
dataset_D1/m_11_n_24_seed_08.txt,11,24,8,4743,4.94145,15869,5403,5519,4773,1.1041
dataset_D1/m_11_n_24_seed_09.txt,11,24,9,4797,2.73001,15541,5887,5985,4859,0.696199
dataset_D1/m_11_n_26_seed_00.txt,11,26,0,5353,3.64583,16983,6213,6198,5413,0.83146
dataset_D1/m_11_n_26_seed_01.txt,11,26,1,4760,7.88818,16818,5082,5278,4832,2.05066
dataset_D1/m_11_n_26_seed_02.txt,11,26,2,5122,3.95665,16546,6133,6070,5141,0.758942
dataset_D1/m_11_n_26_seed_03.txt,11,26,3,5231,5.24117,17763,6217,6165,5260,0.97758
dataset_D1/m_11_n_26_seed_04.txt,11,26,4,5002,7.42435,17797,5610,5684,5102,1.21238
dataset_D1/m_11_n_26_seed_05.txt,11,26,5,5246,4.80421,17592,6041,6060,5299,1.04399
dataset_D1/m_11_n_26_seed_06.txt,11,26,6,5145,4.5957,17279,6174,6207,5210,1.23975
dataset_D1/m_11_n_26_seed_07.txt,11,26,7,4810,6.82832,16219,5629,5511,4855,1.63315
dataset_D1/m_11_n_26_seed_08.txt,11,26,8,4998,5.32948,16493,5732,5870,5045,1.22332
dataset_D1/m_11_n_26_seed_09.txt,11,26,9,5062,4.04122,17040,6062,6083,5085,0.680146
dataset_D1/m_11_n_28_seed_00.txt,11,28,0,5469,4.8513,18316,6582,6646,5516,0.800637
dataset_D1/m_11_n_28_seed_01.txt,11,28,1,5463,6.02716,18568,5962,6025,5503,1.10989
dataset_D1/m_11_n_28_seed_02.txt,11,28,2,5141,5.29422,17481,5967,6314,5187,0.933103
dataset_D1/m_11_n_28_seed_03.txt,11,28,3,5324,6.60234,17606,6128,5895,5352,1.63803
dataset_D1/m_11_n_28_seed_04.txt,11,28,4,5597,4.53186,17588,6857,6797,5684,1.00434
dataset_D1/m_11_n_28_seed_05.txt,11,28,5,5614,8.02162,19677,6437,6704,5697,1.58693
dataset_D1/m_11_n_28_seed_06.txt,11,28,6,5083,8.5424,18522,5842,5944,5130,1.62062
dataset_D1/m_11_n_28_seed_07.txt,11,28,7,5422,5.20209,18631,6203,6233,5475,1.24462
dataset_D1/m_11_n_28_seed_08.txt,11,28,8,5623,4.37721,17875,6851,6719,5866,1.20785
dataset_D1/m_11_n_28_seed_09.txt,11,28,9,5719,4.82044,18979,6859,7034,5747,0.778285
dataset_D1/m_11_n_30_seed_00.txt,11,30,0,5603,10.7519,19956,6268,6330,5631,3.05721
dataset_D1/m_11_n_30_seed_01.txt,11,30,1,6172,3.53408,18980,7429,7539,6234,0.784376
dataset_D1/m_11_n_30_seed_02.txt,11,30,2,5953,4.32278,18848,7124,7005,5962,1.26737
dataset_D1/m_11_n_30_seed_03.txt,11,30,3,5155,7.82744,18576,6032,5927,5236,1.44099
dataset_D1/m_11_n_30_seed_04.txt,11,30,4,5866,5.72888,18743,6915,6843,5898,1.1533
dataset_D1/m_11_n_30_seed_05.txt,11,30,5,5696,5.1168,18942,6787,6769,5838,1.03457
dataset_D1/m_11_n_30_seed_06.txt,11,30,6,5573,8.75937,19813,6033,6039,5704,2.55383
dataset_D1/m_11_n_30_seed_07.txt,11,30,7,5612,8.12856,20247,6373,6502,5682,1.6603
dataset_D1/m_11_n_30_seed_08.txt,11,30,8,5911,4.92071,19469,7128,6832,5958,1.07641
dataset_D1/m_11_n_30_seed_09.txt,11,30,9,5400,10.8837,18490,6213,6268,5457,1.27797
dataset_D1/m_12_n_04_seed_00.txt,12,4,0,1276,0.111068,2971,1440,1331,1280,0.0476142
dataset_D1/m_12_n_04_seed_01.txt,12,4,1,1145,0.0617611,2226,1247,1250,1160,0.0235642
dataset_D1/m_12_n_04_seed_02.txt,12,4,2,1060,0.0427988,2577,1270,1097,1060,0.0397533
dataset_D1/m_12_n_04_seed_03.txt,12,4,3,1215,0.0536923,2938,1281,1295,1215,0.0280846
dataset_D1/m_12_n_04_seed_04.txt,12,4,4,1340,0.0451451,3107,1400,1369,1341,0.0439273
dataset_D1/m_12_n_04_seed_05.txt,12,4,5,1084,0.109852,2637,1228,1136,1085,0.0456766
dataset_D1/m_12_n_04_seed_06.txt,12,4,6,1188,0.0428964,2857,1250,1268,1188,0.0340279
dataset_D1/m_12_n_04_seed_07.txt,12,4,7,1258,0.0412665,2908,1324,1317,1260,0.0304237
dataset_D1/m_12_n_04_seed_08.txt,12,4,8,1066,0.0809983,2826,1172,1264,1066,0.0448513
dataset_D1/m_12_n_04_seed_09.txt,12,4,9,1354,0.0358864,2894,1436,1442,1355,0.0371967
dataset_D1/m_12_n_06_seed_00.txt,12,6,0,1455,0.991522,4171,1518,1624,1460,0.272881
dataset_D1/m_12_n_06_seed_01.txt,12,6,1,1460,0.576946,4204,1608,1548,1462,0.211607
dataset_D1/m_12_n_06_seed_02.txt,12,6,2,1611,1.44499,4261,1689,1713,1611,0.425304
dataset_D1/m_12_n_06_seed_03.txt,12,6,3,1497,0.730468,3956,1643,1745,1519,0.240446
dataset_D1/m_12_n_06_seed_04.txt,12,6,4,1587,0.760379,4267,1699,1713,1596,0.262539
dataset_D1/m_12_n_06_seed_05.txt,12,6,5,1425,0.776519,3679,1574,1660,1433,0.224104
dataset_D1/m_12_n_06_seed_06.txt,12,6,6,1571,0.421621,3930,1671,1803,1577,0.15164
dataset_D1/m_12_n_06_seed_07.txt,12,6,7,1448,0.753786,3741,1598,1718,1464,0.125389
dataset_D1/m_12_n_06_seed_08.txt,12,6,8,1531,0.517585,4129,1674,1671,1531,0.12567
dataset_D1/m_12_n_06_seed_09.txt,12,6,9,1679,0.674669,4309,1840,1903,1692,0.182058
dataset_D1/m_12_n_08_seed_00.txt,12,8,0,1994,1.15074,5699,2189,2270,2012,0.312118
dataset_D1/m_12_n_08_seed_01.txt,12,8,1,1936,2.55629,5580,2158,2155,1954,0.496846
dataset_D1/m_12_n_08_seed_02.txt,12,8,2,1788,1.64653,5375,2041,2006,1794,0.418855
dataset_D1/m_12_n_08_seed_03.txt,12,8,3,1829,1.29869,4910,2043,2074,1855,0.417122
dataset_D1/m_12_n_08_seed_04.txt,12,8,4,1852,1.64087,5756,2131,2298,1879,0.280908
dataset_D1/m_12_n_08_seed_05.txt,12,8,5,1924,2.20726,5764,2216,2240,1936,0.458944
dataset_D1/m_12_n_08_seed_06.txt,12,8,6,2043,1.2225,5746,2177,2188,2046,0.342036
dataset_D1/m_12_n_08_seed_07.txt,12,8,7,2004,1.63247,5307,2234,2288,2025,0.424481
dataset_D1/m_12_n_08_seed_08.txt,12,8,8,1938,1.58861,5966,2128,2135,1961,0.385297
dataset_D1/m_12_n_08_seed_09.txt,12,8,9,1837,1.03145,5170,2051,2067,1855,0.298888
dataset_D1/m_12_n_10_seed_00.txt,12,10,0,2366,1.97067,7064,2706,2784,2369,0.443253
dataset_D1/m_12_n_10_seed_01.txt,12,10,1,2305,4.00884,7257,2593,2514,2321,1.06312
dataset_D1/m_12_n_10_seed_02.txt,12,10,2,2222,3.35662,6878,2519,2528,2245,0.582762
dataset_D1/m_12_n_10_seed_03.txt,12,10,3,2217,2.8106,6741,2537,2697,2234,0.638659
dataset_D1/m_12_n_10_seed_04.txt,12,10,4,2090,5.79201,6711,2355,2355,2093,0.992433
dataset_D1/m_12_n_10_seed_05.txt,12,10,5,2484,2.34855,7012,2870,2885,2531,0.413294
dataset_D1/m_12_n_10_seed_06.txt,12,10,6,2179,1.94516,6112,2443,2392,2194,0.405864
dataset_D1/m_12_n_10_seed_07.txt,12,10,7,2315,2.02308,7046,2615,2667,2333,0.420371
dataset_D1/m_12_n_10_seed_08.txt,12,10,8,2418,2.43267,7119,2754,2701,2457,0.590498
dataset_D1/m_12_n_10_seed_09.txt,12,10,9,2078,4.62212,6659,2337,2204,2091,1.00617
dataset_D1/m_12_n_12_seed_00.txt,12,12,0,2658,4.23832,8487,3028,3138,2683,0.891758
dataset_D1/m_12_n_12_seed_01.txt,12,12,1,2480,6.43766,8665,2896,2949,2496,0.914135
dataset_D1/m_12_n_12_seed_02.txt,12,12,2,2688,5.79167,8575,3057,2990,2703,1.02886
dataset_D1/m_12_n_12_seed_03.txt,12,12,3,2532,9.38509,8132,2805,2853,2558,1.35069
dataset_D1/m_12_n_12_seed_04.txt,12,12,4,2676,3.2572,8636,3043,3045,2698,0.794296
dataset_D1/m_12_n_12_seed_05.txt,12,12,5,2519,11.7693,8357,2745,2809,2538,2.76899
dataset_D1/m_12_n_12_seed_06.txt,12,12,6,2714,4.53144,8457,3044,3151,2717,1.00376
dataset_D1/m_12_n_12_seed_07.txt,12,12,7,2850,3.571,8404,3239,3316,2878,0.741712
dataset_D1/m_12_n_12_seed_08.txt,12,12,8,2531,5.30738,8401,2860,2946,2547,0.656018
dataset_D1/m_12_n_12_seed_09.txt,12,12,9,2789,4.12617,8851,3298,3311,2801,0.595536
dataset_D1/m_12_n_14_seed_00.txt,12,14,0,2964,6.85783,9524,3309,3397,2988,1.71675
dataset_D1/m_12_n_14_seed_01.txt,12,14,1,2966,5.64582,9640,3347,3326,3024,1.05466
dataset_D1/m_12_n_14_seed_02.txt,12,14,2,3284,3.86796,9532,3634,3673,3292,0.853886
dataset_D1/m_12_n_14_seed_03.txt,12,14,3,2745,6.25017,8752,3138,3116,2775,1.61542
dataset_D1/m_12_n_14_seed_04.txt,12,14,4,3126,4.27994,9492,3681,3670,3147,0.861696
dataset_D1/m_12_n_14_seed_05.txt,12,14,5,2820,11.3213,10007,3181,3205,2833,1.86718
dataset_D1/m_12_n_14_seed_06.txt,12,14,6,3099,5.2365,9638,3624,3687,3115,1.02455
dataset_D1/m_12_n_14_seed_07.txt,12,14,7,3024,4.48532,9080,3502,3536,3044,0.771018
dataset_D1/m_12_n_14_seed_08.txt,12,14,8,3253,6.10945,10834,3604,3671,3263,1.51357
dataset_D1/m_12_n_14_seed_09.txt,12,14,9,2861,5.38596,9042,3306,3402,2875,1.33458
dataset_D1/m_12_n_16_seed_00.txt,12,16,0,3397,7.12327,11677,4009,3940,3418,1.3793
dataset_D1/m_12_n_16_seed_01.txt,12,16,1,3679,5.53976,11607,4178,4326,3686,0.965666
dataset_D1/m_12_n_16_seed_02.txt,12,16,2,3471,5.20535,10924,4017,4107,3504,0.922997
dataset_D1/m_12_n_16_seed_03.txt,12,16,3,3579,4.82275,10995,4220,4423,3594,1.02968
dataset_D1/m_12_n_16_seed_04.txt,12,16,4,3121,16.2408,11675,3537,3687,3222,2.60657
dataset_D1/m_12_n_16_seed_05.txt,12,16,5,3349,12.3745,11623,3810,3771,3355,2.52386
dataset_D1/m_12_n_16_seed_06.txt,12,16,6,3617,6.78254,11664,4156,4120,3644,0.833783
dataset_D1/m_12_n_16_seed_07.txt,12,16,7,3534,5.48625,11479,4170,4221,3631,0.877163
dataset_D1/m_12_n_16_seed_08.txt,12,16,8,3562,6.63092,11270,4002,4269,3566,1.10855
dataset_D1/m_12_n_16_seed_09.txt,12,16,9,3256,7.01243,10289,3739,3769,3298,1.84348
dataset_D1/m_12_n_18_seed_00.txt,12,18,0,3606,8.43578,12191,4279,4372,3631,1.17878
dataset_D1/m_12_n_18_seed_01.txt,12,18,1,4077,8.10432,12576,4528,4660,4107,1.57931
dataset_D1/m_12_n_18_seed_02.txt,12,18,2,3776,6.29523,12215,4373,4418,3802,1.17453
dataset_D1/m_12_n_18_seed_03.txt,12,18,3,3653,11.6922,12760,4029,4252,3728,2.96138
dataset_D1/m_12_n_18_seed_04.txt,12,18,4,3517,10.9403,12659,4107,4133,3554,1.14751
dataset_D1/m_12_n_18_seed_05.txt,12,18,5,3537,12.2546,12165,4187,4197,3544,1.76894
dataset_D1/m_12_n_18_seed_06.txt,12,18,6,3706,7.80146,12801,4356,4385,3834,1.44394
dataset_D1/m_12_n_18_seed_07.txt,12,18,7,3608,12.2097,12050,4174,4261,3661,1.76256
dataset_D1/m_12_n_18_seed_08.txt,12,18,8,3708,11.1134,12669,4303,4330,3734,1.76057
dataset_D1/m_12_n_18_seed_09.txt,12,18,9,3825,7.5429,12424,4475,4442,3849,1.36219
dataset_D1/m_12_n_20_seed_00.txt,12,20,0,3873,18.3906,13868,4276,4373,3943,1.84323
dataset_D1/m_12_n_20_seed_01.txt,12,20,1,4025,14.5663,13755,4592,4636,4061,2.69518
dataset_D1/m_12_n_20_seed_02.txt,12,20,2,4171,16.2092,13771,4755,5125,4288,1.32564
dataset_D1/m_12_n_20_seed_03.txt,12,20,3,4130,9.52472,14246,4860,4829,4198,1.27913
dataset_D1/m_12_n_20_seed_04.txt,12,20,4,3989,16.2769,14214,4635,4725,3998,2.21452
dataset_D1/m_12_n_20_seed_05.txt,12,20,5,3849,19.6184,14275,4178,4333,3902,3.96831
dataset_D1/m_12_n_20_seed_06.txt,12,20,6,4036,17.5208,14410,4388,4468,4059,4.29505
dataset_D1/m_12_n_20_seed_07.txt,12,20,7,4240,8.9514,13906,4940,5078,4296,1.7011
dataset_D1/m_12_n_20_seed_08.txt,12,20,8,3643,15.6911,12755,4264,4242,3713,2.88051
dataset_D1/m_12_n_20_seed_09.txt,12,20,9,3846,21.2881,13786,4298,4458,3892,2.44106
dataset_D1/m_12_n_22_seed_00.txt,12,22,0,4617,10.6098,15859,5245,5256,4646,1.69936
dataset_D1/m_12_n_22_seed_01.txt,12,22,1,4327,14.49,15231,5278,5246,4415,1.73385
dataset_D1/m_12_n_22_seed_02.txt,12,22,2,4721,15.4517,16053,5475,5631,4751,2.91356
dataset_D1/m_12_n_22_seed_03.txt,12,22,3,4522,8.92988,15231,5357,5311,4555,1.97743
dataset_D1/m_12_n_22_seed_04.txt,12,22,4,4186,23.8293,15206,4717,5032,4311,5.65924
dataset_D1/m_12_n_22_seed_05.txt,12,22,5,4885,7.97926,15877,5735,5679,4886,1.60365
dataset_D1/m_12_n_22_seed_06.txt,12,22,6,4783,6.52057,15438,5568,5756,4805,1.09183
dataset_D1/m_12_n_22_seed_07.txt,12,22,7,4678,10.97,15113,5543,5673,4694,1.80576
dataset_D1/m_12_n_22_seed_08.txt,12,22,8,4125,15.4524,14661,4701,4770,4168,4.47875
dataset_D1/m_12_n_22_seed_09.txt,12,22,9,4193,25.1005,15357,4794,4830,4285,3.95436
dataset_D1/m_12_n_24_seed_00.txt,12,24,0,4841,19.0805,17572,5607,5539,4868,3.27671
dataset_D1/m_12_n_24_seed_01.txt,12,24,1,4940,10.3108,16745,5780,5893,4950,2.01783
dataset_D1/m_12_n_24_seed_02.txt,12,24,2,4999,10.651,16967,5829,6219,5033,1.5624
dataset_D1/m_12_n_24_seed_03.txt,12,24,3,4776,14.2692,17202,5699,5871,4787,1.82255
dataset_D1/m_12_n_24_seed_04.txt,12,24,4,4452,22.0706,15811,5053,5029,4505,4.88773
dataset_D1/m_12_n_24_seed_05.txt,12,24,5,4817,12.4715,16584,5653,5617,4861,2.82677
dataset_D1/m_12_n_24_seed_06.txt,12,24,6,5174,10.7803,16919,6398,6363,5217,1.70362
dataset_D1/m_12_n_24_seed_07.txt,12,24,7,4859,12.5705,16806,5868,5899,4872,1.72185
dataset_D1/m_12_n_24_seed_08.txt,12,24,8,5056,9.68789,16824,6099,6048,5061,1.89649
dataset_D1/m_12_n_24_seed_09.txt,12,24,9,4734,15.1003,17231,5699,5880,4819,2.31907
dataset_D1/m_12_n_26_seed_00.txt,12,26,0,5185,29.44,19128,5849,6087,5229,5.87779
dataset_D1/m_12_n_26_seed_01.txt,12,26,1,5674,15.1261,19077,6587,6822,5698,2.69335
dataset_D1/m_12_n_26_seed_02.txt,12,26,2,5088,31.25,18612,5729,5732,5153,5.32608
dataset_D1/m_12_n_26_seed_03.txt,12,26,3,5533,11.9509,18706,6533,6511,5597,2.75604
dataset_D1/m_12_n_26_seed_04.txt,12,26,4,5474,14.6448,18604,6295,6515,5540,2.32041
dataset_D1/m_12_n_26_seed_05.txt,12,26,5,5407,11.6793,17792,6491,6560,5412,2.09692
dataset_D1/m_12_n_26_seed_06.txt,12,26,6,4718,36.878,18072,5344,5288,4765,5.1288
dataset_D1/m_12_n_26_seed_07.txt,12,26,7,5401,9.60392,18206,6481,6454,5425,1.91041
dataset_D1/m_12_n_26_seed_08.txt,12,26,8,5460,14.454,18363,6590,6397,5510,2.76018
dataset_D1/m_12_n_26_seed_09.txt,12,26,9,5743,9.53406,18931,6944,7032,5777,1.40651
dataset_D1/m_12_n_28_seed_00.txt,12,28,0,5758,13.0762,18979,6724,6583,5774,2.47526
dataset_D1/m_12_n_28_seed_01.txt,12,28,1,5799,16.7168,19663,6749,6844,5839,4.01768
dataset_D1/m_12_n_28_seed_02.txt,12,28,2,5919,12.5231,19544,7112,7112,6077,2.49047
dataset_D1/m_12_n_28_seed_03.txt,12,28,3,5550,19.8891,19412,6520,6627,5673,3.00434
dataset_D1/m_12_n_28_seed_04.txt,12,28,4,5693,19.2259,19918,6518,6757,5731,4.35998
dataset_D1/m_12_n_28_seed_05.txt,12,28,5,5328,28.4605,19586,6015,6426,5398,3.34057
dataset_D1/m_12_n_28_seed_06.txt,12,28,6,5418,27.1348,20410,6093,6149,5435,3.42716
dataset_D1/m_12_n_28_seed_07.txt,12,28,7,5502,18.6828,18913,6319,6475,5579,3.3533
dataset_D1/m_12_n_28_seed_08.txt,12,28,8,5946,11.8762,20068,6982,6781,5946,2.63178
dataset_D1/m_12_n_28_seed_09.txt,12,28,9,5623,19.4419,20064,6361,6537,5776,3.06643
dataset_D1/m_12_n_30_seed_00.txt,12,30,0,5985,20.7331,21425,6800,7020,6004,3.78442
dataset_D1/m_12_n_30_seed_01.txt,12,30,1,5960,20.3601,22331,6956,6776,6043,4.70746
dataset_D1/m_12_n_30_seed_02.txt,12,30,2,6035,18.7687,21003,7225,7459,6074,1.91035
dataset_D1/m_12_n_30_seed_03.txt,12,30,3,5885,16.7433,20628,6800,6828,5990,3.57515
dataset_D1/m_12_n_30_seed_04.txt,12,30,4,5848,16.7897,20509,7120,6746,5936,3.20423
dataset_D1/m_12_n_30_seed_05.txt,12,30,5,6320,15.6613,21256,7338,7532,6336,2.77979
dataset_D1/m_12_n_30_seed_06.txt,12,30,6,6114,15.6384,21050,7194,7247,6159,2.51171
dataset_D1/m_12_n_30_seed_07.txt,12,30,7,6138,17.0084,21062,6939,7065,6190,3.8446
dataset_D1/m_12_n_30_seed_08.txt,12,30,8,5997,16.5354,21017,7299,7372,6003,2.26281
dataset_D1/m_12_n_30_seed_09.txt,12,30,9,6267,14.6085,20774,6991,7265,6306,3.078
dataset_D1/m_13_n_04_seed_00.txt,13,4,0,1245,0.129498,3057,1380,1420,1258,0.0504457
dataset_D1/m_13_n_04_seed_01.txt,13,4,1,1183,0.14439,2897,1297,1243,1183,0.070843
dataset_D1/m_13_n_04_seed_02.txt,13,4,2,1148,0.18999,2836,1271,1301,1152,0.066159
dataset_D1/m_13_n_04_seed_03.txt,13,4,3,1193,0.191251,3058,1282,1226,1193,0.0778747
dataset_D1/m_13_n_04_seed_04.txt,13,4,4,1298,0.0886003,3191,1370,1378,1298,0.0654249
dataset_D1/m_13_n_04_seed_05.txt,13,4,5,1342,0.136863,3155,1461,1458,1342,0.0682039
dataset_D1/m_13_n_04_seed_06.txt,13,4,6,1164,0.0797909,2910,1283,1255,1167,0.0460073
dataset_D1/m_13_n_04_seed_07.txt,13,4,7,1222,0.0908909,3081,1349,1303,1222,0.0458233
dataset_D1/m_13_n_04_seed_08.txt,13,4,8,1025,0.129631,2609,1153,1234,1026,0.0470509
dataset_D1/m_13_n_04_seed_09.txt,13,4,9,1235,0.0852388,2782,1368,1287,1235,0.0452796
dataset_D1/m_13_n_06_seed_00.txt,13,6,0,1558,2.14196,4620,1725,1746,1563,0.415227
dataset_D1/m_13_n_06_seed_01.txt,13,6,1,1679,2.11056,5184,1797,1773,1682,0.666733
dataset_D1/m_13_n_06_seed_02.txt,13,6,2,1691,0.645283,4290,1861,1883,1694,0.21504
dataset_D1/m_13_n_06_seed_03.txt,13,6,3,1682,2.46141,4805,1835,1810,1689,0.592426
dataset_D1/m_13_n_06_seed_04.txt,13,6,4,1425,1.88754,4395,1553,1590,1434,0.582004
dataset_D1/m_13_n_06_seed_05.txt,13,6,5,1577,3.20868,4449,1709,1743,1585,0.604151
dataset_D1/m_13_n_06_seed_06.txt,13,6,6,1636,1.56408,4296,1804,1886,1636,0.409817
dataset_D1/m_13_n_06_seed_07.txt,13,6,7,1614,1.77352,4661,1779,1723,1621,0.375695
dataset_D1/m_13_n_06_seed_08.txt,13,6,8,1660,2.22476,4500,1747,1792,1663,0.595546
dataset_D1/m_13_n_06_seed_09.txt,13,6,9,1554,2.7234,4095,1671,1769,1558,0.578177
dataset_D1/m_13_n_08_seed_00.txt,13,8,0,1877,20.1852,6467,2010,2048,1901,2.93646
dataset_D1/m_13_n_08_seed_01.txt,13,8,1,1989,3.30632,5670,2281,2418,1997,0.520426
dataset_D1/m_13_n_08_seed_02.txt,13,8,2,1948,4.57808,5951,2210,2177,1962,0.634525
dataset_D1/m_13_n_08_seed_03.txt,13,8,3,1987,7.47775,6099,2274,2276,1995,1.49527
dataset_D1/m_13_n_08_seed_04.txt,13,8,4,2046,3.29158,5806,2250,2429,2058,0.928432
dataset_D1/m_13_n_08_seed_05.txt,13,8,5,1893,7.87027,5581,2080,2201,1902,1.97433
dataset_D1/m_13_n_08_seed_06.txt,13,8,6,2073,6.36756,6509,2299,2359,2086,0.88037
dataset_D1/m_13_n_08_seed_07.txt,13,8,7,1853,5.04853,5810,2124,2208,1865,1.15497
dataset_D1/m_13_n_08_seed_08.txt,13,8,8,2119,3.82613,6397,2385,2295,2139,0.996477
dataset_D1/m_13_n_08_seed_09.txt,13,8,9,2046,2.06892,5769,2262,2256,2054,0.397335
dataset_D1/m_13_n_10_seed_00.txt,13,10,0,2499,7.13083,7323,3026,2908,2535,1.41479
dataset_D1/m_13_n_10_seed_01.txt,13,10,1,2573,8.01707,7428,2923,2882,2582,1.5476
dataset_D1/m_13_n_10_seed_02.txt,13,10,2,2427,9.33146,7725,2719,2892,2454,0.920278
dataset_D1/m_13_n_10_seed_03.txt,13,10,3,2482,7.63625,7599,2788,2798,2505,1.97276
dataset_D1/m_13_n_10_seed_04.txt,13,10,4,2492,6.36712,7314,2813,2858,2506,1.22431
dataset_D1/m_13_n_10_seed_05.txt,13,10,5,2242,42.9165,8028,2436,2813,2254,8.38994
dataset_D1/m_13_n_10_seed_06.txt,13,10,6,2534,5.09903,7074,2996,2925,2574,1.06971
dataset_D1/m_13_n_10_seed_07.txt,13,10,7,2448,9.38798,7712,2729,2787,2479,1.24179
dataset_D1/m_13_n_10_seed_08.txt,13,10,8,2447,9.99646,7643,2765,2746,2481,1.91264
dataset_D1/m_13_n_10_seed_09.txt,13,10,9,2391,11.4032,7339,2705,2563,2408,2.38939
dataset_D1/m_13_n_12_seed_00.txt,13,12,0,2826,11.0056,9396,3171,3366,2845,1.60338
dataset_D1/m_13_n_12_seed_01.txt,13,12,1,2897,12.4933,9272,3239,3375,2919,3.11489
dataset_D1/m_13_n_12_seed_02.txt,13,12,2,2799,20.3107,9073,3230,3338,2817,1.28437
dataset_D1/m_13_n_12_seed_03.txt,13,12,3,2977,13.2987,9684,3357,3442,3011,2.16812
dataset_D1/m_13_n_12_seed_04.txt,13,12,4,2796,12.6869,8950,3139,3144,2802,2.29888
dataset_D1/m_13_n_12_seed_05.txt,13,12,5,2658,13.9326,8844,3079,3029,2690,1.534
dataset_D1/m_13_n_12_seed_06.txt,13,12,6,2807,12.2369,9293,3290,3302,2822,1.85225
dataset_D1/m_13_n_12_seed_07.txt,13,12,7,2758,19.5272,9291,3188,3166,2777,3.30033
dataset_D1/m_13_n_12_seed_08.txt,13,12,8,2856,9.40614,9677,3186,3263,2862,1.60191
dataset_D1/m_13_n_12_seed_09.txt,13,12,9,2897,27.5242,9935,3249,3331,2920,4.01268
dataset_D1/m_13_n_14_seed_00.txt,13,14,0,3120,31.8903,10878,3583,3515,3148,6.11973
dataset_D1/m_13_n_14_seed_01.txt,13,14,1,3023,30.7255,10795,3385,3395,3059,3.41436
dataset_D1/m_13_n_14_seed_02.txt,13,14,2,3074,22.5442,10589,3476,3352,3088,3.00412
dataset_D1/m_13_n_14_seed_03.txt,13,14,3,2938,21.2013,10559,3347,3359,2964,2.94939
dataset_D1/m_13_n_14_seed_04.txt,13,14,4,2992,22.8128,10771,3360,3385,3006,3.82397
dataset_D1/m_13_n_14_seed_05.txt,13,14,5,3138,12.4317,10164,3670,3610,3166,1.52458
dataset_D1/m_13_n_14_seed_06.txt,13,14,6,3200,19.8224,11047,3596,3623,3222,3.07201
dataset_D1/m_13_n_14_seed_07.txt,13,14,7,3046,17.4948,10715,3495,3612,3071,2.61173
dataset_D1/m_13_n_14_seed_08.txt,13,14,8,3206,19.6887,10341,3676,3953,3242,3.80788
dataset_D1/m_13_n_14_seed_09.txt,13,14,9,3217,24.9698,10961,3732,3923,3262,3.07118
dataset_D1/m_13_n_16_seed_00.txt,13,16,0,3597,28.4247,12470,4104,4322,3619,4.83004
dataset_D1/m_13_n_16_seed_01.txt,13,16,1,3595,16.9025,11907,4207,4439,3685,2.05467
dataset_D1/m_13_n_16_seed_02.txt,13,16,2,3821,17.1464,12525,4566,4534,3824,3.1723
dataset_D1/m_13_n_16_seed_03.txt,13,16,3,3506,34.3154,11644,3969,4142,3572,5.04495
dataset_D1/m_13_n_16_seed_04.txt,13,16,4,3304,42.311,12237,3739,3844,3323,3.39855
dataset_D1/m_13_n_16_seed_05.txt,13,16,5,3705,20.3657,12380,4320,4378,3736,2.97571
dataset_D1/m_13_n_16_seed_06.txt,13,16,6,3605,31.4687,11829,4103,4286,3667,2.05875
dataset_D1/m_13_n_16_seed_07.txt,13,16,7,3577,17.6441,11412,4150,4132,3589,1.91549
dataset_D1/m_13_n_16_seed_08.txt,13,16,8,3628,20.9999,12252,4154,4412,3710,3.51112
dataset_D1/m_13_n_16_seed_09.txt,13,16,9,3500,49.7235,12275,4035,4028,3530,6.06977
dataset_D1/m_13_n_18_seed_00.txt,13,18,0,3997,40.2156,13979,4662,4820,4040,6.12483
dataset_D1/m_13_n_18_seed_01.txt,13,18,1,3922,25.3073,13535,4686,4693,3967,2.04761
dataset_D1/m_13_n_18_seed_02.txt,13,18,2,3874,22.4229,12900,4571,4601,3892,3.54189
dataset_D1/m_13_n_18_seed_03.txt,13,18,3,4144,36.5483,13996,4698,4823,4185,5.50318
dataset_D1/m_13_n_18_seed_04.txt,13,18,4,3805,35.3284,13572,4422,4405,3851,3.88276
dataset_D1/m_13_n_18_seed_05.txt,13,18,5,3659,40.3775,13764,4134,4230,3696,5.78941
dataset_D1/m_13_n_18_seed_06.txt,13,18,6,3784,39.7037,13699,4483,4502,3800,3.76351
dataset_D1/m_13_n_18_seed_07.txt,13,18,7,3762,21.7311,13111,4392,4329,3791,4.3897
dataset_D1/m_13_n_18_seed_08.txt,13,18,8,3629,32.1571,13072,4302,4330,3670,3.20513
dataset_D1/m_13_n_18_seed_09.txt,13,18,9,3717,33.4295,13477,4075,4281,3771,4.80226
dataset_D1/m_13_n_20_seed_00.txt,13,20,0,4195,35.1562,15571,4882,5178,4217,3.08578
dataset_D1/m_13_n_20_seed_01.txt,13,20,1,4126,30.8439,14832,4829,4836,4225,3.99657
dataset_D1/m_13_n_20_seed_02.txt,13,20,2,4216,47.8356,15302,4687,4826,4292,6.04072
dataset_D1/m_13_n_20_seed_03.txt,13,20,3,4375,63.0242,15712,4931,4977,4398,8.04175
dataset_D1/m_13_n_20_seed_04.txt,13,20,4,4063,48.2716,15012,4697,4676,4090,5.05082
dataset_D1/m_13_n_20_seed_05.txt,13,20,5,3950,61.4797,14904,4507,4962,3981,7.06256
dataset_D1/m_13_n_20_seed_06.txt,13,20,6,4199,47.239,14898,4647,4864,4302,6.03958
dataset_D1/m_13_n_20_seed_07.txt,13,20,7,4164,71.9623,14819,4938,5027,4228,5.36891
dataset_D1/m_13_n_20_seed_08.txt,13,20,8,4586,18.5418,14826,5389,5482,4587,3.388
dataset_D1/m_13_n_20_seed_09.txt,13,20,9,3722,105.553,14767,4235,4205,3745,12.1792
dataset_D1/m_13_n_22_seed_00.txt,13,22,0,4341,77.0172,16601,5131,5170,4364,11.9992
dataset_D1/m_13_n_22_seed_01.txt,13,22,1,5013,23.2093,16933,6021,5897,5037,4.47567
dataset_D1/m_13_n_22_seed_02.txt,13,22,2,4684,24.7297,15822,5712,5781,4738,3.20845
dataset_D1/m_13_n_22_seed_03.txt,13,22,3,4965,36.9698,16812,6053,5970,5027,3.32103
dataset_D1/m_13_n_22_seed_04.txt,13,22,4,4505,53.3778,16310,5056,5143,4563,10.0763
dataset_D1/m_13_n_22_seed_05.txt,13,22,5,4650,43.5726,16628,5483,5465,4860,4.74689
dataset_D1/m_13_n_22_seed_06.txt,13,22,6,4612,42.001,16317,5435,5518,4641,5.46435
dataset_D1/m_13_n_22_seed_07.txt,13,22,7,5228,16.5958,16897,6002,5973,5250,2.92423
dataset_D1/m_13_n_22_seed_08.txt,13,22,8,4602,40.0178,16439,5426,5564,4615,4.49696
dataset_D1/m_13_n_22_seed_09.txt,13,22,9,4684,49.3137,16947,5258,5475,4731,8.90045
dataset_D1/m_13_n_24_seed_00.txt,13,24,0,4991,49.3622,18597,5898,6073,5060,8.92942
dataset_D1/m_13_n_24_seed_01.txt,13,24,1,4890,40.6911,18458,5466,5924,5032,7.25013
dataset_D1/m_13_n_24_seed_02.txt,13,24,2,5188,32.552,18361,6294,6214,5195,3.92668
dataset_D1/m_13_n_24_seed_03.txt,13,24,3,4953,45.732,18048,5964,5959,4985,7.33882
dataset_D1/m_13_n_24_seed_04.txt,13,24,4,5012,35.5017,17926,5995,5976,5118,5.69996
dataset_D1/m_13_n_24_seed_05.txt,13,24,5,5054,26.8892,17491,6032,6116,5171,4.50217
dataset_D1/m_13_n_24_seed_06.txt,13,24,6,5100,34.4149,18702,6060,6068,5143,5.79703
dataset_D1/m_13_n_24_seed_07.txt,13,24,7,5014,41.8859,17571,6046,5975,5205,4.52552
dataset_D1/m_13_n_24_seed_08.txt,13,24,8,5305,29.7534,18057,6276,6273,5313,4.64734
dataset_D1/m_13_n_24_seed_09.txt,13,24,9,5120,34.2657,18024,6110,6180,5173,4.10721
dataset_D1/m_13_n_26_seed_00.txt,13,26,0,5779,30.1143,19049,6763,6858,5934,5.88539
dataset_D1/m_13_n_26_seed_01.txt,13,26,1,5241,61.4969,19455,5915,5973,5288,8.22542
dataset_D1/m_13_n_26_seed_02.txt,13,26,2,5785,29.5859,19808,7204,7195,5870,3.03462
dataset_D1/m_13_n_26_seed_03.txt,13,26,3,5252,61.6484,18916,6189,6418,5296,5.28143
dataset_D1/m_13_n_26_seed_04.txt,13,26,4,5746,32.208,20707,6691,6880,5854,5.42323
dataset_D1/m_13_n_26_seed_05.txt,13,26,5,5503,39.8522,19506,6389,6664,5602,6.97955
dataset_D1/m_13_n_26_seed_06.txt,13,26,6,5569,25.2675,19459,6860,6510,5706,5.00087
dataset_D1/m_13_n_26_seed_07.txt,13,26,7,5965,60.1798,20672,6674,7090,6081,8.38326
dataset_D1/m_13_n_26_seed_08.txt,13,26,8,4842,132.693,20029,5494,5521,4875,15.5365
dataset_D1/m_13_n_26_seed_09.txt,13,26,9,5349,42.8993,19464,6720,6801,5559,3.86347
dataset_D1/m_13_n_28_seed_00.txt,13,28,0,6179,47.7027,21668,7367,7706,6215,5.29492
dataset_D1/m_13_n_28_seed_01.txt,13,28,1,5879,48.0869,21421,6826,6910,5923,6.59077
dataset_D1/m_13_n_28_seed_02.txt,13,28,2,6124,33.008,20336,7247,7236,6147,5.59202
dataset_D1/m_13_n_28_seed_03.txt,13,28,3,5541,34.8433,20629,6708,6778,5563,4.13532
dataset_D1/m_13_n_28_seed_04.txt,13,28,4,5907,49.0945,21009,7065,7150,5948,4.87913
dataset_D1/m_13_n_28_seed_05.txt,13,28,5,5791,48.5564,20201,6615,6790,5841,6.64245
dataset_D1/m_13_n_28_seed_06.txt,13,28,6,5388,115.753,20204,6554,6576,5437,5.49471
dataset_D1/m_13_n_28_seed_07.txt,13,28,7,5736,37.0465,20952,6859,6808,5757,6.80864
dataset_D1/m_13_n_28_seed_08.txt,13,28,8,5790,65.5391,20047,6772,6924,5887,5.80909
dataset_D1/m_13_n_28_seed_09.txt,13,28,9,5765,45.0818,20863,6871,7497,5877,5.0714
dataset_D1/m_13_n_30_seed_00.txt,13,30,0,5504,186.069,22534,6271,6336,5569,14.0987
dataset_D1/m_13_n_30_seed_01.txt,13,30,1,6119,63.2511,22890,7362,7471,6308,6.5032
dataset_D1/m_13_n_30_seed_02.txt,13,30,2,6207,53.8205,22934,7160,7244,6259,6.35297
dataset_D1/m_13_n_30_seed_03.txt,13,30,3,5979,46.5915,21827,7233,7102,6146,5.0403
dataset_D1/m_13_n_30_seed_04.txt,13,30,4,5862,171.224,22939,6842,6692,5998,19.6593
dataset_D1/m_13_n_30_seed_05.txt,13,30,5,6721,39.3995,22430,8153,8601,6734,4.28647
dataset_D1/m_13_n_30_seed_06.txt,13,30,6,5813,97.7742,22253,6789,7281,5982,9.99552
dataset_D1/m_13_n_30_seed_07.txt,13,30,7,5946,65.4289,22436,7286,7151,6126,6.03437
dataset_D1/m_13_n_30_seed_08.txt,13,30,8,5674,89.238,22073,6549,6661,5746,12.5313
dataset_D1/m_13_n_30_seed_09.txt,13,30,9,6192,56.3883,21703,7642,7593,6270,4.77571
dataset_D1/m_14_n_04_seed_00.txt,14,4,0,1291,0.201576,3194,1379,1451,1295,0.0915771
dataset_D1/m_14_n_04_seed_01.txt,14,4,1,1183,0.324219,3231,1353,1247,1183,0.131315
dataset_D1/m_14_n_04_seed_02.txt,14,4,2,1181,0.249151,3124,1324,1235,1181,0.12194
dataset_D1/m_14_n_04_seed_03.txt,14,4,3,1326,0.055331,3313,1390,1398,1333,0.0793282
dataset_D1/m_14_n_04_seed_04.txt,14,4,4,1442,0.250646,3466,1510,1489,1442,0.127222
dataset_D1/m_14_n_04_seed_05.txt,14,4,5,1173,0.115335,3331,1328,1202,1173,0.102272
dataset_D1/m_14_n_04_seed_06.txt,14,4,6,1272,0.0670182,3043,1339,1351,1272,0.0541986
dataset_D1/m_14_n_04_seed_07.txt,14,4,7,1309,0.220892,3330,1385,1391,1311,0.0884351
dataset_D1/m_14_n_04_seed_08.txt,14,4,8,1306,0.151126,3366,1415,1339,1309,0.142145
dataset_D1/m_14_n_04_seed_09.txt,14,4,9,1224,0.0468972,2762,1303,1278,1224,0.0957555
dataset_D1/m_14_n_06_seed_00.txt,14,6,0,1640,4.66104,4570,1826,2013,1652,1.60671
dataset_D1/m_14_n_06_seed_01.txt,14,6,1,1678,3.00765,4829,1720,1911,1687,0.836157
dataset_D1/m_14_n_06_seed_02.txt,14,6,2,1777,2.74976,4675,1892,1969,1796,0.481155
dataset_D1/m_14_n_06_seed_03.txt,14,6,3,1721,2.34042,4880,1855,1823,1721,0.977374
dataset_D1/m_14_n_06_seed_04.txt,14,6,4,1650,3.00197,5014,1794,1906,1681,0.676891
dataset_D1/m_14_n_06_seed_05.txt,14,6,5,1679,6.13708,4570,1793,1867,1687,1.49116
dataset_D1/m_14_n_06_seed_06.txt,14,6,6,1763,2.30414,4791,1948,1881,1770,0.668733
dataset_D1/m_14_n_06_seed_07.txt,14,6,7,1662,4.36691,4686,1834,1903,1673,0.965056
dataset_D1/m_14_n_06_seed_08.txt,14,6,8,1506,1.33666,4503,1689,1678,1530,0.317048
dataset_D1/m_14_n_06_seed_09.txt,14,6,9,1652,8.98381,5242,1777,1767,1652,2.12628
dataset_D1/m_14_n_08_seed_00.txt,14,8,0,2120,7.34924,6140,2567,2424,2148,1.00076
dataset_D1/m_14_n_08_seed_01.txt,14,8,1,1969,14.069,6260,2217,2113,1976,2.94059
dataset_D1/m_14_n_08_seed_02.txt,14,8,2,1894,14.0566,6257,2095,2169,1911,3.17391
dataset_D1/m_14_n_08_seed_03.txt,14,8,3,1901,36.0587,6334,2073,2178,1919,5.39683
dataset_D1/m_14_n_08_seed_04.txt,14,8,4,2017,16.7352,6254,2257,2282,2042,3.4434
dataset_D1/m_14_n_08_seed_05.txt,14,8,5,2025,25.3233,6625,2198,2300,2041,3.79373
dataset_D1/m_14_n_08_seed_06.txt,14,8,6,2048,9.56443,6061,2274,2326,2066,1.13876
dataset_D1/m_14_n_08_seed_07.txt,14,8,7,2047,16.0911,6436,2385,2413,2077,2.08529
dataset_D1/m_14_n_08_seed_08.txt,14,8,8,2138,11.7264,6585,2342,2356,2146,2.36042
dataset_D1/m_14_n_08_seed_09.txt,14,8,9,1983,26.927,6764,2149,2123,1992,5.64479
dataset_D1/m_14_n_10_seed_00.txt,14,10,0,2365,56.9746,7890,2663,2627,2387,4.77041
dataset_D1/m_14_n_10_seed_01.txt,14,10,1,2427,54.8955,7958,2811,2747,2446,4.99198
dataset_D1/m_14_n_10_seed_02.txt,14,10,2,2535,25.8513,8315,2879,2879,2550,2.8959
dataset_D1/m_14_n_10_seed_03.txt,14,10,3,2541,19.6063,8068,2863,2923,2580,2.98301
dataset_D1/m_14_n_10_seed_04.txt,14,10,4,2428,81.9953,8358,2772,2816,2456,7.33413
dataset_D1/m_14_n_10_seed_05.txt,14,10,5,2297,79.0774,7998,2572,2664,2312,13.8933
dataset_D1/m_14_n_10_seed_06.txt,14,10,6,2467,29.587,8435,2802,2997,2475,2.98432
dataset_D1/m_14_n_10_seed_07.txt,14,10,7,2284,96.6123,8209,2597,2616,2303,9.87435
dataset_D1/m_14_n_10_seed_08.txt,14,10,8,2483,27.7423,7990,2902,2811,2508,3.07769
dataset_D1/m_14_n_10_seed_09.txt,14,10,9,2724,15.1932,8224,3059,3261,2748,3.46825
dataset_D1/m_14_n_12_seed_00.txt,14,12,0,2804,43.5564,9197,3213,3218,2849,4.72326
dataset_D1/m_14_n_12_seed_01.txt,14,12,1,2848,25.6113,9748,3345,3498,2869,3.59804
dataset_D1/m_14_n_12_seed_02.txt,14,12,2,2625,45.6396,9302,2951,3159,2641,5.40317
dataset_D1/m_14_n_12_seed_03.txt,14,12,3,2884,19.5835,9329,3252,3504,2896,2.96673
dataset_D1/m_14_n_12_seed_04.txt,14,12,4,2905,31.2067,9845,3363,3395,2912,4.16248
dataset_D1/m_14_n_12_seed_05.txt,14,12,5,2918,142.458,10360,3295,3256,2958,12.2004
dataset_D1/m_14_n_12_seed_06.txt,14,12,6,3087,22.375,9706,3439,3596,3114,3.80343
dataset_D1/m_14_n_12_seed_07.txt,14,12,7,2870,54.8464,9858,3280,3502,2926,3.32344
dataset_D1/m_14_n_12_seed_08.txt,14,12,8,2819,45.7815,10110,2985,3244,2842,9.62855
dataset_D1/m_14_n_12_seed_09.txt,14,12,9,2943,19.1947,9446,3496,3519,2978,2.53937
dataset_D1/m_14_n_14_seed_00.txt,14,14,0,3302,39.13,10902,3752,3833,3317,5.70577
dataset_D1/m_14_n_14_seed_01.txt,14,14,1,3265,61.1959,11559,3773,3786,3265,4.76525
dataset_D1/m_14_n_14_seed_02.txt,14,14,2,3363,65.4959,11511,4002,4059,3396,6.49485
dataset_D1/m_14_n_14_seed_03.txt,14,14,3,3310,51.4666,11879,3741,3690,3320,4.43803
dataset_D1/m_14_n_14_seed_04.txt,14,14,4,3316,45.9314,11327,3816,3842,3345,8.00481
dataset_D1/m_14_n_14_seed_05.txt,14,14,5,3235,57.2162,10863,3713,3668,3256,6.92466
dataset_D1/m_14_n_14_seed_06.txt,14,14,6,3124,140.407,11345,3668,3665,3141,11.2821
dataset_D1/m_14_n_14_seed_07.txt,14,14,7,3421,46.5347,11469,3836,4057,3472,5.08005
dataset_D1/m_14_n_14_seed_08.txt,14,14,8,2940,117.644,11069,3336,3511,2982,18.7176
dataset_D1/m_14_n_14_seed_09.txt,14,14,9,3168,38.0267,10925,3666,3699,3178,4.1425
dataset_D1/m_14_n_16_seed_00.txt,14,16,0,3562,84.8326,12834,4125,4321,3589,7.15189
dataset_D1/m_14_n_16_seed_01.txt,14,16,1,3690,87.4024,13444,4235,4295,3730,10.0987
dataset_D1/m_14_n_16_seed_02.txt,14,16,2,3626,59.4355,12748,4314,4401,3629,6.55565
dataset_D1/m_14_n_16_seed_03.txt,14,16,3,3771,256.409,14092,4207,4500,3811,29.2093
dataset_D1/m_14_n_16_seed_04.txt,14,16,4,3420,93.515,12855,3930,4122,3486,8.88544
dataset_D1/m_14_n_16_seed_05.txt,14,16,5,3720,41.6798,12418,4327,4353,3744,4.46246
dataset_D1/m_14_n_16_seed_06.txt,14,16,6,3560,83.2777,12545,4313,4253,3597,8.30989
dataset_D1/m_14_n_16_seed_07.txt,14,16,7,3531,142.886,13333,4019,4235,3557,10.469
dataset_D1/m_14_n_16_seed_08.txt,14,16,8,3828,92.1678,13568,4523,4519,3910,11.3541
dataset_D1/m_14_n_16_seed_09.txt,14,16,9,3774,37.6115,12219,4424,4422,3822,6.71525
dataset_D1/m_14_n_18_seed_00.txt,14,18,0,3956,129.334,14660,4755,4739,3959,10.6319
dataset_D1/m_14_n_18_seed_01.txt,14,18,1,3799,170.941,13946,4286,4277,3822,20.6324
dataset_D1/m_14_n_18_seed_02.txt,14,18,2,3915,237.653,15070,4539,4554,4040,12.7826
dataset_D1/m_14_n_18_seed_03.txt,14,18,3,4147,83.3253,14787,4752,4851,4188,6.21322
dataset_D1/m_14_n_18_seed_04.txt,14,18,4,4034,99.4489,14512,4747,4988,4088,11.9783
dataset_D1/m_14_n_18_seed_05.txt,14,18,5,4145,117.27,14318,4710,4692,4191,17.7365
dataset_D1/m_14_n_18_seed_06.txt,14,18,6,4336,116.774,14864,5065,5009,4390,9.0917
dataset_D1/m_14_n_18_seed_07.txt,14,18,7,4088,143.828,14437,4596,5040,4168,18.3112
dataset_D1/m_14_n_18_seed_08.txt,14,18,8,4146,97.1066,14726,4840,4748,4236,14.062
dataset_D1/m_14_n_18_seed_09.txt,14,18,9,3958,86.802,14422,4706,4693,4028,6.6309
dataset_D1/m_14_n_20_seed_00.txt,14,20,0,4522,165.54,16676,5219,5385,4531,16.2746
dataset_D1/m_14_n_20_seed_01.txt,14,20,1,4382,186.629,16930,5156,4950,4399,21.2315
dataset_D1/m_14_n_20_seed_02.txt,14,20,2,4424,65.1572,15676,5162,5118,4480,7.64305
dataset_D1/m_14_n_20_seed_03.txt,14,20,3,4331,139.52,16936,5100,5261,4344,9.56646
dataset_D1/m_14_n_20_seed_04.txt,14,20,4,4923,118.534,17130,5516,5773,5022,15.6493
dataset_D1/m_14_n_20_seed_05.txt,14,20,5,4816,58.9003,16896,5669,5534,4825,8.53374
dataset_D1/m_14_n_20_seed_06.txt,14,20,6,4405,127.658,15915,5248,5505,4518,16.5348
dataset_D1/m_14_n_20_seed_07.txt,14,20,7,4281,204.222,15476,5013,5207,4295,15.5774
dataset_D1/m_14_n_20_seed_08.txt,14,20,8,4206,170.692,16621,4985,5108,4238,13.5985
dataset_D1/m_14_n_20_seed_09.txt,14,20,9,4259,166.123,16398,5055,5017,4286,10.6617
dataset_D1/m_14_n_22_seed_00.txt,14,22,0,4802,78.9253,17947,5756,5771,4804,10.9932
dataset_D1/m_14_n_22_seed_01.txt,14,22,1,4709,124.561,17537,5362,5382,4766,16.6138
dataset_D1/m_14_n_22_seed_02.txt,14,22,2,4606,175.526,17507,5296,5409,4635,13.5068
dataset_D1/m_14_n_22_seed_03.txt,14,22,3,5018,104.17,18342,5960,6278,5043,6.57125
dataset_D1/m_14_n_22_seed_04.txt,14,22,4,4865,108.109,18122,5575,5670,4901,9.10118
dataset_D1/m_14_n_22_seed_05.txt,14,22,5,4655,169.718,17757,5538,5526,4683,13.3202
dataset_D1/m_14_n_22_seed_06.txt,14,22,6,5111,92.7062,17404,6048,6303,5183,9.196
dataset_D1/m_14_n_22_seed_07.txt,14,22,7,4707,136.348,17515,5728,5882,4790,15.1843
dataset_D1/m_14_n_22_seed_08.txt,14,22,8,4547,279.531,17772,5335,5355,4570,26.4173
dataset_D1/m_14_n_22_seed_09.txt,14,22,9,4673,356.464,18014,5072,5057,4701,37.8039
dataset_D1/m_14_n_24_seed_00.txt,14,24,0,5298,155.43,19564,6036,6164,5368,18.6195
dataset_D1/m_14_n_24_seed_01.txt,14,24,1,4783,1375.05,19696,5283,5680,4856,50.6709
dataset_D1/m_14_n_24_seed_02.txt,14,24,2,5524,113.309,19561,6661,6700,5608,8.91659
dataset_D1/m_14_n_24_seed_03.txt,14,24,3,5235,140.261,19246,6180,6436,5287,19.3829
dataset_D1/m_14_n_24_seed_04.txt,14,24,4,5236,199.156,19556,6237,6509,5331,19.2717
dataset_D1/m_14_n_24_seed_05.txt,14,24,5,4904,240.671,19300,5810,5943,4948,18.3545
dataset_D1/m_14_n_24_seed_06.txt,14,24,6,5123,333.397,20008,6024,6065,5166,24.2468
dataset_D1/m_14_n_24_seed_07.txt,14,24,7,5246,201.031,19432,6156,5949,5274,27.4803
dataset_D1/m_14_n_24_seed_08.txt,14,24,8,5725,75.1834,19363,6715,6718,5798,9.68202
dataset_D1/m_14_n_24_seed_09.txt,14,24,9,5392,128.772,18618,6361,6505,5413,10.6878
dataset_D1/m_14_n_26_seed_00.txt,14,26,0,5590,319.553,21985,6567,6651,5719,30.304
dataset_D1/m_14_n_26_seed_01.txt,14,26,1,5651,145.514,21192,6769,6946,5700,13.739
dataset_D1/m_14_n_26_seed_02.txt,14,26,2,5416,298.285,21818,6345,6581,5432,20.7513
dataset_D1/m_14_n_26_seed_03.txt,14,26,3,5311,421.006,21638,6138,6310,5338,17.2125
dataset_D1/m_14_n_26_seed_04.txt,14,26,4,5669,241.92,21349,6556,6603,5729,23.6494
dataset_D1/m_14_n_26_seed_05.txt,14,26,5,5642,157.359,22212,6802,6565,5660,16.8009
dataset_D1/m_14_n_26_seed_06.txt,14,26,6,5758,96.4458,21035,6650,6736,5861,14.4542
dataset_D1/m_14_n_26_seed_07.txt,14,26,7,5810,181.465,21538,6568,7092,5858,19.4867
dataset_D1/m_14_n_26_seed_08.txt,14,26,8,5388,299.974,21113,5991,6133,5453,32.1172
dataset_D1/m_14_n_26_seed_09.txt,14,26,9,5660,169.074,21500,6804,6901,5673,12.7713
dataset_D1/m_14_n_28_seed_00.txt,14,28,0,5715,375.148,22987,6332,6445,5777,47.2639
dataset_D1/m_14_n_28_seed_01.txt,14,28,1,6069,225.175,22900,6972,7404,6069,19.3443
dataset_D1/m_14_n_28_seed_02.txt,14,28,2,5740,157.319,21463,6933,7179,5816,16.0424
dataset_D1/m_14_n_28_seed_03.txt,14,28,3,5762,208.435,21667,6640,7333,5792,17.1089
dataset_D1/m_14_n_28_seed_04.txt,14,28,4,6357,245.073,23301,7893,7820,6409,23.6007
dataset_D1/m_14_n_28_seed_05.txt,14,28,5,5955,221.304,23441,6922,7479,5961,21.1513
dataset_D1/m_14_n_28_seed_06.txt,14,28,6,5942,218.571,23005,6926,7041,5970,20.9002
dataset_D1/m_14_n_28_seed_07.txt,14,28,7,5944,249.931,23250,6822,7004,5944,22.895
dataset_D1/m_14_n_28_seed_08.txt,14,28,8,5553,290.624,22513,6395,6686,5587,26.5034
dataset_D1/m_14_n_28_seed_09.txt,14,28,9,6019,102.356,22215,7355,7085,6044,8.97509
dataset_D1/m_14_n_30_seed_00.txt,14,30,0,5962,337.768,23133,6898,6888,6009,28.4444
dataset_D1/m_14_n_30_seed_01.txt,14,30,1,6237,229.898,23653,7568,7400,6270,20.7656
dataset_D1/m_14_n_30_seed_02.txt,14,30,2,6313,172.262,23430,7351,7680,6447,15.785
dataset_D1/m_14_n_30_seed_03.txt,14,30,3,6525,252.578,24900,7644,7747,6617,24.0927
dataset_D1/m_14_n_30_seed_04.txt,14,30,4,6363,336.855,24863,7441,7900,6400,29.866
dataset_D1/m_14_n_30_seed_05.txt,14,30,5,6191,273.473,24360,6983,7234,6436,24.8546
dataset_D1/m_14_n_30_seed_06.txt,14,30,6,6238,316.2,24440,7530,7519,6317,25.2156
dataset_D1/m_14_n_30_seed_07.txt,14,30,7,6950,81.3299,24307,8126,8186,6995,12.3764
dataset_D1/m_14_n_30_seed_08.txt,14,30,8,6525,191.043,25208,7750,7942,6537,17.4412
dataset_D1/m_14_n_30_seed_09.txt,14,30,9,6799,69.974,23816,8239,8403,6829,8.78448
dataset_D1/m_15_n_04_seed_00.txt,15,4,0,1451,0.163285,3861,1535,1527,1452,0.158775
dataset_D1/m_15_n_04_seed_01.txt,15,4,1,1407,0.477552,3470,1555,1620,1411,0.227408
dataset_D1/m_15_n_04_seed_02.txt,15,4,2,1410,0.386575,3488,1629,1592,1412,0.109332
dataset_D1/m_15_n_04_seed_03.txt,15,4,3,1353,0.53133,3644,1499,1404,1353,0.319208
dataset_D1/m_15_n_04_seed_04.txt,15,4,4,1361,0.386311,3970,1498,1501,1361,0.302293
dataset_D1/m_15_n_04_seed_05.txt,15,4,5,1195,0.250441,2991,1398,1294,1195,0.128674
dataset_D1/m_15_n_04_seed_06.txt,15,4,6,1298,0.138752,3398,1444,1369,1298,0.0960004
dataset_D1/m_15_n_04_seed_07.txt,15,4,7,1271,0.0754712,3308,1349,1285,1271,0.183011
dataset_D1/m_15_n_04_seed_08.txt,15,4,8,1365,0.0604316,3619,1534,1429,1374,0.169024
dataset_D1/m_15_n_04_seed_09.txt,15,4,9,1300,0.22825,3329,1443,1364,1300,0.150406
dataset_D1/m_15_n_06_seed_00.txt,15,6,0,1641,8.40955,5068,1789,1815,1658,2.02665
dataset_D1/m_15_n_06_seed_01.txt,15,6,1,1662,39.8325,5179,1849,1878,1680,7.53964
dataset_D1/m_15_n_06_seed_02.txt,15,6,2,1774,9.97484,5184,1921,1891,1774,1.90539
dataset_D1/m_15_n_06_seed_03.txt,15,6,3,1680,26.9494,5136,1839,1834,1685,5.40306
dataset_D1/m_15_n_06_seed_04.txt,15,6,4,1749,16.7944,5178,1919,1962,1756,2.96921
dataset_D1/m_15_n_06_seed_05.txt,15,6,5,1683,14.4755,5285,1856,1812,1692,2.87976
dataset_D1/m_15_n_06_seed_06.txt,15,6,6,1705,13.9253,5013,1790,1809,1705,4.34377
dataset_D1/m_15_n_06_seed_07.txt,15,6,7,1664,20.4295,5104,1874,1900,1703,3.48157
dataset_D1/m_15_n_06_seed_08.txt,15,6,8,1803,5.97014,5244,1927,2108,1817,1.34745
dataset_D1/m_15_n_06_seed_09.txt,15,6,9,1682,32.3558,5346,1804,1755,1686,8.22664
dataset_D1/m_15_n_08_seed_00.txt,15,8,0,2063,239.672,6704,2240,2275,2086,32.0071
dataset_D1/m_15_n_08_seed_01.txt,15,8,1,2063,95.1996,6380,2301,2362,2073,14.2541
dataset_D1/m_15_n_08_seed_02.txt,15,8,2,2125,24.9975,6220,2400,2470,2151,5.21177
dataset_D1/m_15_n_08_seed_03.txt,15,8,3,2212,66.5336,7111,2432,2489,2217,16.1438
dataset_D1/m_15_n_08_seed_04.txt,15,8,4,2100,191.307,6655,2425,2407,2123,25.8444
dataset_D1/m_15_n_08_seed_05.txt,15,8,5,2163,36.8855,6848,2420,2542,2169,3.97217
dataset_D1/m_15_n_08_seed_06.txt,15,8,6,2171,36.5543,7218,2274,2555,2187,11.1231
dataset_D1/m_15_n_08_seed_07.txt,15,8,7,1955,193.135,7008,2149,2128,1964,14.6423
dataset_D1/m_15_n_08_seed_08.txt,15,8,8,2229,65.2145,7046,2540,2425,2250,12.1363
dataset_D1/m_15_n_08_seed_09.txt,15,8,9,2093,32.996,6556,2399,2392,2119,3.01263
dataset_D1/m_15_n_10_seed_00.txt,15,10,0,2514,62.9487,8484,2787,2890,2526,7.10518
dataset_D1/m_15_n_10_seed_01.txt,15,10,1,2561,125.178,9063,2772,2965,2571,19.8255
dataset_D1/m_15_n_10_seed_02.txt,15,10,2,2676,155.403,8404,3087,3057,2714,11.5011
dataset_D1/m_15_n_10_seed_03.txt,15,10,3,2544,162.805,8593,2880,2980,2566,7.93479
dataset_D1/m_15_n_10_seed_04.txt,15,10,4,2501,81.5251,8261,2868,3020,2539,9.06465
dataset_D1/m_15_n_10_seed_05.txt,15,10,5,2670,48.6911,8553,3022,2947,2682,7.9854
dataset_D1/m_15_n_10_seed_06.txt,15,10,6,2642,71.2204,8794,3071,3202,2682,5.24358
dataset_D1/m_15_n_10_seed_07.txt,15,10,7,2627,89.0801,9121,2956,3109,2654,11.24
dataset_D1/m_15_n_10_seed_08.txt,15,10,8,2558,174.015,9062,2845,3072,2600,16.9844
dataset_D1/m_15_n_10_seed_09.txt,15,10,9,2657,89.6328,8447,3061,3167,2704,7.21567
dataset_D1/m_15_n_12_seed_00.txt,15,12,0,3045,172.872,11037,3412,3690,3074,10.3766
dataset_D1/m_15_n_12_seed_01.txt,15,12,1,2780,196.243,10307,3165,3136,2793,15.6711
dataset_D1/m_15_n_12_seed_02.txt,15,12,2,2884,1104.7,10561,3394,3401,2897,27.2945
dataset_D1/m_15_n_12_seed_03.txt,15,12,3,2816,136.285,10012,3216,3272,2840,12.6234
dataset_D1/m_15_n_12_seed_04.txt,15,12,4,2960,180.236,10925,3291,3405,2977,14.1762
dataset_D1/m_15_n_12_seed_05.txt,15,12,5,2954,147.549,10034,3474,3480,2975,13.3783
dataset_D1/m_15_n_12_seed_06.txt,15,12,6,3006,509.441,10736,3230,3493,3020,37.3554
dataset_D1/m_15_n_12_seed_07.txt,15,12,7,2586,1277.15,10191,2776,2878,2599,77.5057
dataset_D1/m_15_n_12_seed_08.txt,15,12,8,2934,209.869,10114,3360,3578,2954,20.6447
dataset_D1/m_15_n_12_seed_09.txt,15,12,9,3074,154.778,10377,3533,3733,3097,15.5751
dataset_D1/m_15_n_14_seed_00.txt,15,14,0,3110,1179.99,12263,3412,3638,3139,95.4894
dataset_D1/m_15_n_14_seed_01.txt,15,14,1,3495,78.5882,11075,4163,4091,3531,8.76693
dataset_D1/m_15_n_14_seed_02.txt,15,14,2,3382,158.734,11908,4064,4009,3395,7.64083
dataset_D1/m_15_n_14_seed_03.txt,15,14,3,3503,282.406,12405,4217,4180,3595,15.7898
dataset_D1/m_15_n_14_seed_04.txt,15,14,4,3438,102.237,12047,4029,4362,3480,11.5113
dataset_D1/m_15_n_14_seed_05.txt,15,14,5,3113,482.001,11496,3499,3546,3124,15.2177
dataset_D1/m_15_n_14_seed_06.txt,15,14,6,3247,347.741,11817,3775,3940,3309,20.4551
dataset_D1/m_15_n_14_seed_07.txt,15,14,7,3423,331.045,11973,3910,3988,3444,25.6428
dataset_D1/m_15_n_14_seed_08.txt,15,14,8,3069,1265.46,11994,3438,3484,3128,57.7253
dataset_D1/m_15_n_14_seed_09.txt,15,14,9,3225,161.114,11982,3782,3706,3262,17.4317
dataset_D1/m_15_n_16_seed_00.txt,15,16,0,3613,495.983,13192,4103,4180,3677,21.7879
dataset_D1/m_15_n_16_seed_01.txt,15,16,1,3729,243.013,13437,4406,4521,3799,11.9541
dataset_D1/m_15_n_16_seed_02.txt,15,16,2,3803,376.539,14504,4530,4538,3836,23.7697
dataset_D1/m_15_n_16_seed_03.txt,15,16,3,3813,583.557,14457,4410,4720,3860,19.7527
dataset_D1/m_15_n_16_seed_04.txt,15,16,4,3669,424.351,14122,4212,4409,3690,22.875
dataset_D1/m_15_n_16_seed_05.txt,15,16,5,3840,238.764,14341,4446,4466,3854,24.3397
dataset_D1/m_15_n_16_seed_06.txt,15,16,6,3747,905.211,13532,4174,4451,3792,29.1719
dataset_D1/m_15_n_16_seed_07.txt,15,16,7,3847,248.552,13499,4398,4660,3884,19.9569
dataset_D1/m_15_n_16_seed_08.txt,15,16,8,3597,164.014,12869,4128,4332,3621,12.9612
dataset_D1/m_15_n_16_seed_09.txt,15,16,9,4005,740.439,14147,4479,4688,4029,27.023
dataset_D1/m_15_n_18_seed_00.txt,15,18,0,4269,570.081,16257,5130,5491,4320,16.0912
dataset_D1/m_15_n_18_seed_01.txt,15,18,1,4356,212.668,15373,5215,5190,4363,13.946
dataset_D1/m_15_n_18_seed_02.txt,15,18,2,4198,286.351,14878,5084,5172,4275,24.803
dataset_D1/m_15_n_18_seed_03.txt,15,18,3,4367,326.297,15860,5065,5249,4421,16.2287
dataset_D1/m_15_n_18_seed_04.txt,15,18,4,4072,287.953,15266,4675,4767,4140,21.7901
dataset_D1/m_15_n_18_seed_05.txt,15,18,5,4032,416.105,15084,4534,4532,4097,44.7079
dataset_D1/m_15_n_18_seed_06.txt,15,18,6,4288,615.013,15471,4951,4915,4335,57.4441
dataset_D1/m_15_n_18_seed_07.txt,15,18,7,4062,196.081,14871,4797,4869,4071,18.686
dataset_D1/m_15_n_18_seed_08.txt,15,18,8,4238,291.527,15984,5037,5343,4345,24.3149
dataset_D1/m_15_n_18_seed_09.txt,15,18,9,4060,200.028,15258,4740,4868,4069,16.4365
dataset_D1/m_15_n_20_seed_00.txt,15,20,0,4531,622.825,17098,5294,5654,4551,46.5462
dataset_D1/m_15_n_20_seed_01.txt,15,20,1,3938,2357.63,15990,4442,4499,4000,79.4566
dataset_D1/m_15_n_20_seed_02.txt,15,20,2,4596,471.499,17583,5187,5341,4658,52.673
dataset_D1/m_15_n_20_seed_03.txt,15,20,3,4501,1296.37,17056,5117,5757,4648,63.82
dataset_D1/m_15_n_20_seed_04.txt,15,20,4,4732,505.265,17283,5544,5782,4823,38.8241
dataset_D1/m_15_n_20_seed_05.txt,15,20,5,4567,349.225,16764,5331,5472,4646,18.5516
dataset_D1/m_15_n_20_seed_06.txt,15,20,6,4605,471.077,17424,5205,5668,4749,30.5185
dataset_D1/m_15_n_20_seed_07.txt,15,20,7,4402,1840.55,17377,4825,5191,4481,90.9654
dataset_D1/m_15_n_20_seed_08.txt,15,20,8,4259,2416.96,17349,4939,5105,4368,86.7467
dataset_D1/m_15_n_20_seed_09.txt,15,20,9,4744,426.725,17341,5481,5553,4814,51.3392
dataset_D1/m_15_n_22_seed_00.txt,15,22,0,5147,380.101,19205,6219,6293,5180,19.9427
dataset_D1/m_15_n_22_seed_01.txt,15,22,1,5149,826.732,18837,5728,5971,5297,47.434
dataset_D1/m_15_n_22_seed_02.txt,15,22,2,4894,1289.07,19191,5676,5755,4979,43.7335
dataset_D1/m_15_n_22_seed_03.txt,15,22,3,5185,272.654,19512,6175,6195,5315,27.2373
dataset_D1/m_15_n_22_seed_04.txt,15,22,4,4583,1834.51,18943,5093,5843,4717,138.549
dataset_D1/m_15_n_22_seed_05.txt,15,22,5,5060,408.796,19014,6077,6617,5078,15.6403
dataset_D1/m_15_n_22_seed_06.txt,15,22,6,4867,839.185,18607,5724,5800,4887,40.1823
dataset_D1/m_15_n_22_seed_07.txt,15,22,7,4722,955.604,18827,5400,5814,4767,38.4854
dataset_D1/m_15_n_22_seed_08.txt,15,22,8,5162,598.102,19041,6138,6075,5244,41.7705
dataset_D1/m_15_n_22_seed_09.txt,15,22,9,5007,593.155,18864,5909,6070,5076,18.52
dataset_D1/m_15_n_24_seed_00.txt,15,24,0,5698,500.074,21301,6679,6704,5742,30.5973
dataset_D1/m_15_n_24_seed_01.txt,15,24,1,5424,639.666,20094,6388,6497,5469,49.9758
dataset_D1/m_15_n_24_seed_02.txt,15,24,2,5730,595.406,21348,6789,6757,5899,52.3
dataset_D1/m_15_n_24_seed_03.txt,15,24,3,5222,830.991,20723,6052,6413,5229,61.2162
dataset_D1/m_15_n_24_seed_04.txt,15,24,4,4892,2356.45,21210,5748,5779,5014,67.5159
dataset_D1/m_15_n_24_seed_05.txt,15,24,5,5146,997.3,20161,5815,6378,5161,55.0031
dataset_D1/m_15_n_24_seed_06.txt,15,24,6,5662,291.605,21000,6817,6997,5786,17.424
dataset_D1/m_15_n_24_seed_07.txt,15,24,7,5500,398.84,20415,6447,6620,5528,34.1542
dataset_D1/m_15_n_24_seed_08.txt,15,24,8,5212,745.639,20284,6125,6842,5455,50.9539
dataset_D1/m_15_n_24_seed_09.txt,15,24,9,5534,241.386,19562,6708,6739,5615,23.2289
dataset_D1/m_15_n_26_seed_00.txt,15,26,0,5971,649.399,22092,7048,7617,6046,24.3508
dataset_D1/m_15_n_26_seed_01.txt,15,26,1,6106,466.332,23566,7295,7542,6135,20.3485
dataset_D1/m_15_n_26_seed_02.txt,15,26,2,5736,502.787,21857,7023,7162,5841,30.1714
dataset_D1/m_15_n_26_seed_03.txt,15,26,3,5736,875.23,22223,6691,6756,5823,66.8798
dataset_D1/m_15_n_26_seed_04.txt,15,26,4,5565,799.438,23011,6639,6793,5575,58.5406
dataset_D1/m_15_n_26_seed_05.txt,15,26,5,6343,448.875,23058,7561,7902,6498,38.9653
dataset_D1/m_15_n_26_seed_06.txt,15,26,6,5811,1645.36,21628,6783,7140,5972,71.2093
dataset_D1/m_15_n_26_seed_07.txt,15,26,7,5775,568.192,22671,6924,6935,5819,33.6218
dataset_D1/m_15_n_26_seed_08.txt,15,26,8,5709,2159.19,22080,6667,6832,5821,123.047
dataset_D1/m_15_n_26_seed_09.txt,15,26,9,5881,664.464,23066,6964,7526,5962,24.5527
dataset_D1/m_15_n_28_seed_00.txt,15,28,0,6394,673.329,23427,7577,7613,6408,40.5872
dataset_D1/m_15_n_28_seed_01.txt,15,28,1,6217,689.903,24126,7155,7162,6256,31.1366
dataset_D1/m_15_n_28_seed_02.txt,15,28,2,5726,3303.69,23905,6403,6716,5813,245.95
dataset_D1/m_15_n_28_seed_03.txt,15,28,3,6089,3216.21,24811,7119,7509,6204,127.342
dataset_D1/m_15_n_28_seed_04.txt,15,28,4,5622,8104.7,23853,6452,7005,5664,378.022
dataset_D1/m_15_n_28_seed_05.txt,15,28,5,6381,645.103,24089,7564,7542,6525,52.954
dataset_D1/m_15_n_28_seed_06.txt,15,28,6,6295,831.962,24908,7292,7839,6310,47.8707
dataset_D1/m_15_n_28_seed_07.txt,15,28,7,6348,373.584,23759,7573,7721,6466,37.6221
dataset_D1/m_15_n_28_seed_08.txt,15,28,8,5557,2918.39,23756,6555,6650,5589,115.135
dataset_D1/m_15_n_28_seed_09.txt,15,28,9,6115,2321.34,24512,6933,7591,6365,130.969
dataset_D1/m_15_n_30_seed_00.txt,15,30,0,6949,613.626,26329,8645,8916,6995,48.9129
dataset_D1/m_15_n_30_seed_01.txt,15,30,1,6015,1940.24,26005,6924,6994,6066,130.248
dataset_D1/m_15_n_30_seed_02.txt,15,30,2,6401,1392.61,25044,7904,7785,6445,52.3344
dataset_D1/m_15_n_30_seed_03.txt,15,30,3,6694,907.549,26047,8023,7961,6765,68.681
dataset_D1/m_15_n_30_seed_04.txt,15,30,4,6232,1325.83,25436,7339,7723,6267,79.4905
dataset_D1/m_15_n_30_seed_05.txt,15,30,5,6360,2047.59,27192,7257,7310,6438,160.345
dataset_D1/m_15_n_30_seed_06.txt,15,30,6,6717,516.962,24808,7685,7740,6784,61.3895
dataset_D1/m_15_n_30_seed_07.txt,15,30,7,6310,1057.36,24909,7349,7557,6409,61.2008
dataset_D1/m_15_n_30_seed_08.txt,15,30,8,6462,2322.79,26744,7428,7441,6578,104.559
dataset_D1/m_15_n_30_seed_09.txt,15,30,9,6360,3109.93,25507,7720,7833,6598,61.8855
